rank	kind	family	expression	position	keys	rtfcre	score	strokeFreqSaved	keySimilarity	exceptionFreq	topExceptions	examples	composedWith
1	attach	de	de	prefix	5,9,17	vw-s	7.650e+08	2.879e+08	-0.500	1.165e+08	plus de; ou de; avant de; que de; point de	de la: pv@a/mta -> vw-jskd | de l': pv@a/mt- -> svw-jsZ | et de: e/pv@a -> vRw-jst	la(2.19e+08); l'(1.36e+08); et(5.67e+07); ce(2.10e+07)
2	attach	de	d'	prefix	5,9,17	vw-s	1.636e+08	1.159e+08	-0.750	4.410e+06	s' agit d'; beaucoup d'; il s' agit d'; d' un point de vue; n' y a pas d'	d' un: pv-/@aie -> vmw-jsZ | d' une: pv-/@in -> vw@isn | et d': e/pv- -> vRw-jst	un(6.57e+07); et(1.28e+07); pas(4.26e+06); s'(1.87e+06)
3	attach	à	à	prefix	9,17,23	w-sl	2.751e+08	1.234e+08	-1.500	9.822e+07	à l'; à un; qu' à; tout à; à la fois	à la: a/mta -> w-jskdl | à une: a/@in -> w@isnl | et à: e/a -> Rw-jstl	la(8.58e+07); et(1.63e+07); ce(1.14e+07); pas(8.02e+06)
4	attach	que	qu'	prefix	2,9,19	kw-d	4.479e+08	1.061e+08	0.500	1.479e+07	qu' à; qu' en; qu' il faut; qu' avec; qu' il en soit	qu' il: k-/il -> ktw-sdZ | qu' elle: k-/iel -> ktw-jdn | qu' on: k-/ai -> kwaid	il(1.01e+08); elle(3.96e+07); ce(1.92e+07); un(9.34e+06)
5	attach	que	que	prefix	2,9,19	kw-d	2.083e+08	1.349e+08	0.333	8.231e+07	que les; que la; parce que; ainsi que; alors que	que je: k@a/vt@a -> kpw-kdm | ce que: s@a/k@a -> ktw-kdm | que le: k@a/mt@a -> ksw-jdZ	ce(4.26e+07); je(3.20e+07); l'(2.79e+07); le(2.24e+07)
6	attach	ne	n'	prefix	8,20,23	R-tl	2.998e+08	1.652e+08	-0.750	1.030e+07	n' en; qui n' est; qui n' est pas; ce qui n' est pas	n' est: mR-/ie -> Rietl | n' est pas: mR-/ie/pa -> RiejtRnl | n' a: mR-/*a -> R*atl	pas(5.58e+07); ce(2.16e+07); je(1.53e+07); que(2.26e+06)
7	attach	ne	ne	prefix	8,20,23	R-tl	6.805e+07	9.500e+07	-0.500	4.263e+07	il ne; qui ne; on ne; qu' il ne; ne l'	je ne: vt@a/mR@a -> pR-ktlm | ne pas: mR@a/pa -> R-jtRnl | ne peut: mR@a/p*@ie -> pR*@ietl	je(4.02e+07); pas(3.13e+07); de(9.87e+06); elle(8.53e+06)
8	attach	ne	n' y	prefix	8,10,15,20,23	R*#tl	2.104e+07	2.282e+07	-1.667	1.109e+07	n' y	n' y a: mR-/i/*a -> R*a#tl | n' y a pas: mR-/i/*a/pa -> R*a#jtRnl | n' y avait: mR-/i/a/vie -> R*a#tl/vie	pas(4.51e+06)
9	attach	dans	dans	prefix	9,18,23	w-kl	2.236e+08	5.735e+07	-0.500	3.890e+08	dans; dans le; dans la; dans l'; dans un	dans les: pv@/mte -> kw-jkdl | dans une: pv@/@in -> w@iknl | dans son: pv@/s*ai -> sw*aikl	les(3.11e+07); de(3.05e+05); la(3.05e+05); d'(2.47e+05)
10	attach	et	et	prefix	8,16,20	R-jt	2.857e+08	5.198e+07	-1.500	1.183e+08	et les; et la; et le; et l'; et qui	et de: e/pv@a -> vRw-jst | et des: e/pve -> pvRejt | et à: e/a -> Rw-jstl	de(5.67e+07); à(1.63e+07); il(1.28e+07); d'(1.28e+07)
11	attach	il	il	prefix	7,17,24	t-sZ	2.357e+08	2.357e+08	-0.500	4.341e+07	il ne; mais il; ce qu' il; où il; quand il	qu' il: k-/il -> ktw-sdZ | il est: il/ie -> tiesZ | il y: il/i -> tisZ	qu'(1.01e+08); et(1.28e+07); s'(9.29e+06); en(7.10e+06)
12	attach	il	il n'	prefix	7,10,15,17,24	t*#sZ	1.686e+07	6.077e+07	-1.000	0.000e+00		il n' y: il/mR-/i -> t*i#sZ | il n' y a: il/mR-/i/*a -> t*i#sZ/*a | il n' est: il/mR-/ie -> t*ie#sZ	pas(7.74e+06); qu'(4.55e+06); en(1.26e+06)
13	attach	ce	c'	prefix	7,18,25	t-km	1.398e+08	1.457e+08	-0.750	9.130e+05	ce que c' est; qu' est ce que c' est	c' est: s*/ie -> tiekm | c' était: s*/e/tie -> tekm/tie | c' est un: s*/ie/@aie -> tiekm/@aie	que(6.77e+06); et(3.04e+06); ce(1.43e+06); le(6.53e+05)
14	attach	ce	ce	prefix	7,18,25	t-km	2.733e+08	7.170e+07	-0.500	2.981e+07	dans ce; tout ce; qu' est ce; ce que tu; c' est ce	ce qui: s@a/ki -> pt-jkZm | ce que: s@a/k@a -> ktw-kdm | de ce: pv@a/s@a -> vtw-skm	que(4.26e+07); qui(3.56e+07); n'(2.16e+07); de(2.10e+07)
15	attach	la	la	prefix	16,18,19	-jkd	1.486e+08	4.409e+08	-0.500	1.720e+08	dans la; sur la; et la; que la; par la	de la: pv@a/mta -> vw-jskd | à la: a/mta -> w-jskdl | la vie: mta/vi -> vijkd	de(2.19e+08); à(8.58e+07); avec(6.86e+06); en(1.11e+06)
16	attach	pas	pas	suffix	16,21,22	-jRn	1.155e+08	1.047e+08	-0.500	2.285e+08	pas; pas le; ce n' est pas; pas la; pour ne pas	n' est pas: mR-/ie/pa -> RiejtRnl | pas de: pa/pv@a -> vw-jsRn | ne pas: mR@a/pa -> R-jtRnl	n'(5.58e+07); ne(3.13e+07); de(1.78e+07); je(9.27e+06)
17	attach	le	l'	prefix	3,16,24	s-jZ	9.229e+07	2.545e+08	-0.750	1.593e+08	à l'; dans l'; et l'; par l'; sur l'	de l': pv@a/mt- -> svw-jsZ | que l': k@a/mt- -> ksw-jdZ | l' on: mt-/ai -> saijZ	de(1.36e+08); que(2.79e+07); je(7.18e+06); ce(2.20e+06)
18	attach	le	le	prefix	3,16,24	s-jZ	1.846e+08	8.834e+07	-0.500	1.789e+08	dans le; sur le; et le; par le; pour le	que le: k@a/mt@a -> ksw-jdZ | le plus: mt@a/pmt@i -> spmt@ijZ | le monde: mt@a/maid -> smaijdZ	que(2.24e+07); de(5.36e+06); je(4.27e+06); c'(6.53e+05)
19	attach	je	je	prefix	4,18,25	p-km	1.617e+08	9.840e+07	-0.500	1.245e+07	mais je; ce que je; je ne peux; je ne peux pas	que je: k@a/vt@a -> kpw-kdm | je ne: vt@a/mR@a -> pR-ktlm | je suis: vt@a/s@ai/-k -> sp@aikm/-k	ne(4.02e+07); que(3.20e+07); n'(1.53e+07); et(9.50e+06)
20	attach	je	j'	prefix	4,18,25	p-km	5.290e+07	5.205e+07	-0.750	8.517e+05	ce que j' ai	j' ai: vt-/ie/-k -> piekm/-k | j' avais: vt-/a/vie/-d -> pakm/vie/-d | j' étais: vt-/e/tie/-k -> pekm/tie/-k	que(6.44e+06); et(1.31e+06); l'(4.85e+05)
21	attach	je	je me	prefix	4,10,18,25	p*km	2.999e+06	8.612e+06	-0.333	1.365e+07	je me	je me suis: vt@a/m@a/s@ai/-k -> sp*@aikm/-k | que je me: k@a/vt@a/m@a -> kpw*kdm	que(1.31e+06)
22	attach	avec	avec	prefix	2,9,24	kw-Z	9.724e+07	1.340e+07	0.167	1.348e+08	avec; avec un; avec les; avec le; avec l'	avec une: a/viek/@in -> kw@inZ | avec la: a/viek/mta -> kw-jkdZ | avec des: a/viek/pve -> kpvweZ	la(6.86e+06)
23	attach	par	par	prefix	9,16,20	w-jt	9.067e+07	2.338e+07	-0.300	2.236e+08	par; par la; par le; par les; par l'	par exemple: paR/iekdnl/@jkl -> wiejkdtnl/@jkl | par des: paR/pve -> pvwejt | par une: paR/@in -> w@ijtn	
24	attach	s'	s'	prefix	2,3,5	ksv-	6.824e+07	6.022e+07	0.500	6.624e+05	qu' il s' agit	s' il: s-/il -> ksvil | s' est: s-/ie -> ksvie | s' était: s-/e/tie -> ksve/tie	il(9.29e+06); en(7.36e+06); qui(2.26e+06); d'(1.87e+06)
25	attach	qui	qui	prefix	4,16,24	p-jZ	6.532e+07	8.133e+07	-0.500	2.662e+07	qui ne; et qui; ceux qui; qui l'	ce qui: s@a/ki -> pt-jkZm | qui se: ki/s*@a -> sp*@ajZ | qui est: ki/ie -> piejZ	ce(3.56e+07); s'(2.26e+06); de(1.67e+06); en(1.16e+06)
26	attach	un	un	prefix	6,16,24	m-jZ	4.341e+07	1.157e+08	-1.500	8.848e+07	dans un; à un; avec un; comme un; par un	d' un: pv-/@aie -> vmw-jsZ | un peu: @aie/p@ie -> pm@iejZ | qu' un: k-/@aie -> kmw-jdZ	d'(6.57e+07); qu'(9.34e+06); s'(9.19e+05); il(3.69e+05)
27	attach	elle	elle	prefix	7,16,22	t-jn	4.920e+07	7.330e+07	-0.500	1.166e+07	et elle; si elle; ce qu' elle	qu' elle: k-/iel -> ktw-jdn | elle se: iel/s*@a -> st*@ajn | elle est: iel/ie -> tiejn	qu'(3.96e+07); ne(8.53e+06); n'(2.24e+06); pas(7.02e+05)
28	attach	en	en	prefix	18,19,20	-kdt	3.970e+07	5.399e+07	-1.500	3.987e+08	en; n' en; et en; tout en; qu' en	en effet: @/e/kpie -> ekdt/kpie | s' en: s-/@ -> ksv-kdt | il en: il/@ -> t-skdtZ	s'(7.36e+06); il(7.10e+06); de(3.78e+06); il n'(1.26e+06)
29	attach	les	les	prefix	2,16,19	k-jd	3.569e+07	6.678e+07	-0.500	1.458e+08	et les; que les; sur les; tous les; par les	dans les: pv@/mte -> kw-jkdl | les deux: mte/pv@ie -> kpv@iejd | les yeux: mte/Rw@ie -> kRw@iejd	dans(3.11e+07)
