position	affix	meaning
prefix	a-	absence
prefix	anté-	qui vient avant
prefix	anti-	contre
prefix	auto-	soi-même
prefix	co-	avec, ensemble
prefix	dé-	privation, action inverse
prefix	dis-	séparation, différence, défaut
prefix	ex-	hors de
prefix	extra-	hors de, au-delà    de
prefix	in-	négation (pour les adjectifs)
prefix	inter-	entre
prefix	intra-	à l’intérieur de
prefix	mé-	mauvais, mal
prefix	morpho-	forme, apparence
prefix	multi-	plusieurs
prefix	pan-	tout
prefix	pluri-	plusieurs
prefix	post-	qui vient après
prefix	pré-	qui vient avant
prefix	re-	répétition, retour à un état    antérieur
prefix	semi-	à moitié
prefix	sub-	position inférieure, faible    degré, proximité
prefix	sur-	au-dessus de, excès
prefix	trans-	au-delà, de part en part, à    travers
prefix	ultra-	au-delà
prefix	vidéo-	enregistrement ou restitution    de l’image
suffix	-able	qui peut être
suffix	-age	action ou résultat de
suffix	-ant, -ante	qui fait l’action, qui est dans l’état ou qui possède la qualité
suffix	-ard, -arde	qui fait l’action, qui est dans l’état ou qui possède la qualité (parfois    avec connotation négative)
suffix	-erie	état ou qualité, activité ou son produit, lieu où se fait une action
suffix	-er	action (pour former un verbe)
suffix	-eur, -euse	qui fait l’action
suffix	-eux, -euse	qui possède la caractéristique
suffix	-ien, -ienne	qui vient de, qui pratique, qui se rapporte à, typique à
suffix	-ier, -ière	qui se rapporte à, lieu où l’on trouve, qui est dans l’état ou qui    possède la qualité
suffix	-if, -ive	qui est dans l’état ou qui possède la qualité, qui se rapporte à
suffix	-ion	action ou résultat de
suffix	-ique	qui se rapporte à
suffix	-isme	courant, théorie, idéologie, attitude ou activité
suffix	-iste	partisan du courant, de la théorie, de l’idéologie ou de l’attitude,    personne qui fait l’activité
suffix	-ment	de manière
suffix	-té	état ou qualité de
suffix	-ure	action ou résultat de, état ou qualité de
