ruleA	ruleB	joint_freq	worked_example
de	la	2.241e+08	de la: pv@a/mta -> -jskdZ
de	l'	1.398e+08	de l': pv@a/mt- -> kvt-sZ
de	et	5.671e+07	et de: e/pv@a -> R-jstZ
de	ce	2.100e+07	de ce: pv@a/s@a -> ejstZ
de	pas	1.777e+07	pas de: pa/pv@a -> w-sRZm
de	ne	9.870e+06	de ne: pv@a/mR@a -> kvR*sZ
d'	et	1.278e+07	et d': e/pv- -> R*jstZ
d'	pas	4.260e+06	pas d': pa/pv- -> w*sRZm
d'	s'	1.871e+06	s' agit d' une: s-/a/vti/-t/pv-/@in -> ksva/vti/-t/*@isnZ
à	la	8.581e+07	à la: a/mta -> w-jskdl
à	l'	7.486e+07	à l': a/mt- -> kvtw-sl
à	et	1.626e+07	et à: e/a -> Rw-jstl
à	ce	1.143e+07	à ce: a/s@a -> wejstl
qu'	il	1.056e+08	qu' il: k-/il -> t-jskdZ
qu'	ce	1.691e+07	ce qu' il: s@a/k-/il -> ejskdt/il
qu'	ne	4.290e+06	qu' il ne: k-/il/mR@a -> kvtR*jskdZ
qu'	et	2.633e+06	et qu' il: e/k-/il -> R-jskdt/il
qu'	que	3.571e+06	qu' est ce que: k-/ie/s@a/k@a -> ieskd/*ejskdt
qu'	n' y	2.238e+06	qu' il n' y: k-/il/mR-/i -> kvtR-#jskdZ
qu'	n'	2.312e+06	qu' il n' avait: k-/il/mR-/a/vie -> kvtRajskdZ/vie
qu'	pas	1.161e+06	qu' il n' est pas: k-/il/mR-/ie/pa -> kvtRwiejskdRZm
que	je	3.330e+07	que je: k@a/vt@a -> p*jskdt
que	ce	4.096e+07	ce que: s@a/k@a -> *ejskdt
que	l'	2.787e+07	que l': k@a/mt- -> kvt*skd
que	et	8.721e+06	et que: e/k@a -> R*jskdt
que	c'	7.684e+06	que c' est: k@a/s*/ie -> kvm*ieskd
que	ne	2.938e+06	que je ne: k@a/vt@a/mR@a -> kpvR*jskdt
que	n'	2.256e+06	que je n' ai: k@a/vt@a/mR-/ie/-k -> kpvR*iejskdt/-k
que	pas	1.055e+06	que ce n' est pas: k@a/s@a/mR-/ie/pa -> s*@askd/kvRwieRm
n'	pas	7.038e+07	n' est pas: mR-/ie/pa -> kvRwieRm
n'	je	1.531e+07	je n' ai: vt@a/mR-/ie/-k -> kpvRiejt/-k
n'	il	1.425e+07	il n' est: il/mR-/ie -> kvtRiejZ
n'	qui	2.840e+06	qui n' est: ki/mR-/ie -> kpvRiesZ
ne	je	3.930e+07	je ne: vt@a/mR@a -> kpvR*jt
ne	il	1.916e+07	il ne: il/mR@a -> kvtR*jZ
ne	pas	3.078e+07	ne pas: mR@a/pa -> kvRw*Rm
ne	qui	8.431e+06	qui ne: ki/mR@a -> kpvR*sZ
n' y	il	1.740e+07	il n' y: il/mR-/i -> kvtR-#jZ
n' y	pas	6.781e+06	n' y a pas: mR-/i/*a/pa -> kvRw*a#Rm
dans	le	4.506e+07	dans le: pv@/mt@a -> ks-jsdZ
et	le	2.454e+07	et le: e/mt@a -> sR-jstZ
et	l'	2.099e+07	et l': e/mt- -> kvtR-jt
et	qui	7.130e+06	et qui: e/ki -> pR-jstZ
et	c'	3.042e+06	et c' est: e/s*/ie -> kvmRiejt
et	j' ai	1.314e+06	et j' ai: e/vt-/ie/-k -> vtR-jkt
il	s'	8.831e+06	il s' agit: il/s-/a/vti/-t -> ksvtajZ/vti/-t
il	pas	8.955e+06	il n' est pas: il/mR-/ie/pa -> kvtRwiejRZm
c'	ce	1.427e+06	c' est ce que: s*/ie/s@a/k@a -> kvmie/*ejskdt
la	sur	2.520e+07	sur la: s@iR/mta -> kpv-jkd
la	avec	6.860e+06	avec la: a/viek/mta -> kw-jkdZ
la	pas	4.681e+06	pas la: pa/mta -> w-jkdRm
pas	le	6.483e+06	pas le: pa/mt@a -> sw-sRZm
pas	je	9.271e+06	je n' ai pas: vt@a/mR-/ie/-k/pa -> kpvRiejt/w-kRm
pas	qui	1.285e+06	qui n' est pas: ki/mR-/ie/pa -> kpvRwiesRZm
l'	par	1.002e+07	par l': paR/mt- -> kvtw-jt
l'	je	7.182e+06	je l': vt@a/mt- -> kpvt-jt
l'	qui	4.343e+06	qui l': ki/mt- -> kpvt-sZ
l'	ce	2.204e+06	ce que l': s@a/k@a/mt- -> kvt*ejskdt
je	le	4.270e+06	je le: vt@a/mt@a -> sp-jstZ
ce	qui	3.055e+07	ce qui: s@a/ki -> pejstZ
sur	le	3.024e+07	sur le: s@iR/mt@a -> kspv-sZ
par	le	1.687e+07	par le: paR/mt@a -> sw-jstZ
s'	qui	2.264e+06	qui s' est: ki/s-/ie -> kspviesZ
