position	affix	pluvier_chord	family
suffix	ier	AER	suffix -ier/-ien (ier ière ien ienne ième)
suffix	ière	A*ER	suffix -ier/-ien (ier ière ien ienne ième)
suffix	ième	A*EM	suffix -ier/-ien (ier ière ien ienne ième)
suffix	quel	-BLG	suffix vowel/glide endings (on ène aire aux tude oine ouine ué oué quel)
suffix	quelle	-BLG	suffix vowel/glide endings (on ène aire aux tude oine ouine ué oué quel)
suffix	peur	-RP	suffix -eur (teur trice deur gueur neur eur peur leur)
suffix	leur	-RL	suffix -eur (teur trice deur gueur neur eur peur leur)
suffix	on	*N	suffix vowel/glide endings (on ène aire aux tude oine ouine ué oué quel)
suffix	ste	*S	suffix consonant clusters (tre taire ture fre vre fer vaire erve ste sque ce th ille reille gnon cis ci rbe rne)
suffix	ette	*T	suffix -al/-el/-ble (ral bal ble rbal rible nal val vail vel el elle uel ette)
suffix	ène	*EB	suffix vowel/glide endings (on ène aire aux tude oine ouine ué oué quel)
suffix	ué	W*E	suffix vowel/glide endings (on ène aire aux tude oine ouine ué oué quel)
suffix	oué	W*E	suffix vowel/glide endings (on ène aire aux tude oine ouine ué oué quel)
suffix	uel	W*EL	suffix -al/-el/-ble (ral bal ble rbal rible nal val vail vel el elle uel ette)
suffix	el	*EL	suffix -al/-el/-ble (ral bal ble rbal rible nal val vail vel el elle uel ette)
suffix	teur	*RT/RT	suffix -eur (teur trice deur gueur neur eur peur leur)
suffix	trice	*RTS/RTS	suffix -eur (teur trice deur gueur neur eur peur leur)
suffix	oine	O*IB	suffix vowel/glide endings (on ène aire aux tude oine ouine ué oué quel)
suffix	ien	AEN	suffix -ier/-ien (ier ière ien ienne ième)
suffix	ien	A*EN	suffix -ier/-ien (ier ière ien ienne ième)
suffix	ienne	AEB	suffix -ier/-ien (ier ière ien ienne ième)
suffix	ouine	AOUB	suffix vowel/glide endings (on ène aire aux tude oine ouine ué oué quel)
suffix	sion	-GZ	suffix -tion (tion ssion sion ration cation lation ciation ction ntion ition ption rtion ...)
suffix	zon	-GZ	suffix -tion (tion ssion sion ration cation lation ciation ction ntion ition ption rtion ...)
suffix	zion	-GZ	suffix -tion (tion ssion sion ration cation lation ciation ction ntion ition ption rtion ...)
suffix	cienne	-GZ	suffix -tion (tion ssion sion ration cation lation ciation ction ntion ition ption rtion ...)
suffix	tionne	-GZ	suffix -tion (tion ssion sion ration cation lation ciation ction ntion ition ption rtion ...)
suffix	zionne	-GZ	suffix -tion (tion ssion sion ration cation lation ciation ction ntion ition ption rtion ...)
suffix	ance	-NS	suffix -ance/-ande/-cte
suffix	ence	-NS	suffix -ance/-ande/-cte
suffix	ande	-ND	suffix -ance/-ande/-cte
suffix	cte	-KT	suffix -ance/-ande/-cte
suffix	ssion	-GS	suffix -tion (tion ssion sion ration cation lation ciation ction ntion ition ption rtion ...)
suffix	tion	-GS	suffix -tion (tion ssion sion ration cation lation ciation ction ntion ition ption rtion ...)
suffix	cial	-GS	suffix -tion (tion ssion sion ration cation lation ciation ction ntion ition ption rtion ...)
suffix	tial	-GS	suffix -tion (tion ssion sion ration cation lation ciation ction ntion ition ption rtion ...)
suffix	ciel	-GS	suffix -tion (tion ssion sion ration cation lation ciation ction ntion ition ption rtion ...)
suffix	tiel	-GS	suffix -tion (tion ssion sion ration cation lation ciation ction ntion ition ption rtion ...)
suffix	cien	-GS	suffix -tion (tion ssion sion ration cation lation ciation ction ntion ition ption rtion ...)
suffix	cation	-BGS	suffix -tion (tion ssion sion ration cation lation ciation ction ntion ition ption rtion ...)
suffix	vité	-FT	suffix -ité (ité rité ilité bilité bité vité cité sité)
suffix	cité	-FT	suffix -ité (ité rité ilité bilité bité vité cité sité)
suffix	deur	-RD	suffix -eur (teur trice deur gueur neur eur peur leur)
suffix	gueur	-RG	suffix -eur (teur trice deur gueur neur eur peur leur)
suffix	neur	-RN	suffix -eur (teur trice deur gueur neur eur peur leur)
suffix	eur	AO*R	suffix -eur (teur trice deur gueur neur eur peur leur)
suffix	if	*IFL	suffix -if/-ive
suffix	ive	*IF	suffix -if/-ive
suffix	ntion	-PBGS	suffix -tion (tion ssion sion ration cation lation ciation ction ntion ition ption rtion ...)
suffix	nction	-PBGS	suffix -tion (tion ssion sion ration cation lation ciation ction ntion ition ption rtion ...)
suffix	ction	*BGS	suffix -tion (tion ssion sion ration cation lation ciation ction ntion ition ption rtion ...)
suffix	ition	IGZ	suffix -tion (tion ssion sion ration cation lation ciation ction ntion ition ption rtion ...)
suffix	itionne	IGZ	suffix -tion (tion ssion sion ration cation lation ciation ction ntion ition ption rtion ...)
suffix	tre	-TS	suffix consonant clusters (tre taire ture fre vre fer vaire erve ste sque ce th ille reille gnon cis ci rbe rne)
suffix	taire	-TS	suffix consonant clusters (tre taire ture fre vre fer vaire erve ste sque ce th ille reille gnon cis ci rbe rne)
suffix	ture	-TS	suffix consonant clusters (tre taire ture fre vre fer vaire erve ste sque ce th ille reille gnon cis ci rbe rne)
suffix	aire	A*IR	suffix vowel/glide endings (on ène aire aux tude oine ouine ué oué quel)
suffix	éner	EBS	suffix verb -ise/-iger (lise bilise ralise igé iger éner)
suffix	rtion	-RGS	suffix -tion (tion ssion sion ration cation lation ciation ction ntion ition ption rtion ...)
suffix	ration	-RGS	suffix -tion (tion ssion sion ration cation lation ciation ction ntion ition ption rtion ...)
suffix	ment	-PLT	suffix -ment (ment vement)
suffix	vement	-FPLT	suffix -ment (ment vement)
suffix	tude	-TD	suffix vowel/glide endings (on ène aire aux tude oine ouine ué oué quel)
suffix	elle	*L	suffix -al/-el/-ble (ral bal ble rbal rible nal val vail vel el elle uel ette)
suffix	cis	-RB	suffix consonant clusters (tre taire ture fre vre fer vaire erve ste sque ce th ille reille gnon cis ci rbe rne)
suffix	ci	-RB	suffix consonant clusters (tre taire ture fre vre fer vaire erve ste sque ce th ille reille gnon cis ci rbe rne)
suffix	rbe	-RB	suffix consonant clusters (tre taire ture fre vre fer vaire erve ste sque ce th ille reille gnon cis ci rbe rne)
suffix	rne	-RB	suffix consonant clusters (tre taire ture fre vre fer vaire erve ste sque ce th ille reille gnon cis ci rbe rne)
suffix	ciation	SRAGS	suffix -tion (tion ssion sion ration cation lation ciation ction ntion ition ption rtion ...)
suffix	ité	ITD	suffix -ité (ité rité ilité bilité bité vité cité sité)
suffix	ilité	-LT	suffix -ité (ité rité ilité bilité bité vité cité sité)
suffix	bité	-BT	suffix -ité (ité rité ilité bilité bité vité cité sité)
suffix	bilité	-BLT	suffix -ité (ité rité ilité bilité bité vité cité sité)
suffix	ral	-RL	suffix -al/-el/-ble (ral bal ble rbal rible nal val vail vel el elle uel ette)
suffix	bal	-BL	suffix -al/-el/-ble (ral bal ble rbal rible nal val vail vel el elle uel ette)
suffix	ble	-BL	suffix -al/-el/-ble (ral bal ble rbal rible nal val vail vel el elle uel ette)
suffix	rbal	-RBL	suffix -al/-el/-ble (ral bal ble rbal rible nal val vail vel el elle uel ette)
suffix	rible	-RBL	suffix -al/-el/-ble (ral bal ble rbal rible nal val vail vel el elle uel ette)
suffix	rité	-RT	suffix -ité (ité rité ilité bilité bité vité cité sité)
suffix	voir	-FRS	suffix other
suffix	th	-GT	suffix consonant clusters (tre taire ture fre vre fer vaire erve ste sque ce th ille reille gnon cis ci rbe rne)
suffix	logue	LO*EG	suffix -logie (logie logique logiste logue)
suffix	logie	LO*IG	suffix -logie (logie logique logiste logue)
suffix	logiste	LO*IS	suffix -logie (logie logique logiste logue)
suffix	logique	LO*IK	suffix -logie (logie logique logiste logue)
suffix	lation	-LGS	suffix -tion (tion ssion sion ration cation lation ciation ction ntion ition ption rtion ...)
suffix	ille	-LZ	suffix consonant clusters (tre taire ture fre vre fer vaire erve ste sque ce th ille reille gnon cis ci rbe rne)
suffix	lise	-LZ	suffix verb -ise/-iger (lise bilise ralise igé iger éner)
suffix	reille	-RLZ	suffix consonant clusters (tre taire ture fre vre fer vaire erve ste sque ce th ille reille gnon cis ci rbe rne)
suffix	ralise	-RLZ	suffix verb -ise/-iger (lise bilise ralise igé iger éner)
suffix	bilise	-BLZ	suffix verb -ise/-iger (lise bilise ralise igé iger éner)
suffix	nal	-NL	suffix -al/-el/-ble (ral bal ble rbal rible nal val vail vel el elle uel ette)
suffix	aux	O*EX	suffix vowel/glide endings (on ène aire aux tude oine ouine ué oué quel)
suffix	sité	ST*E	suffix -ité (ité rité ilité bilité bité vité cité sité)
suffix	ption	-PGS	suffix -tion (tion ssion sion ration cation lation ciation ction ntion ition ption rtion ...)
suffix	igé	EG	suffix verb -ise/-iger (lise bilise ralise igé iger éner)
suffix	iger	*EG	suffix verb -ise/-iger (lise bilise ralise igé iger éner)
suffix	ce	-SZ	suffix consonant clusters (tre taire ture fre vre fer vaire erve ste sque ce th ille reille gnon cis ci rbe rne)
suffix	sque	-FK	suffix consonant clusters (tre taire ture fre vre fer vaire erve ste sque ce th ille reille gnon cis ci rbe rne)
suffix	gnon	HO*N	suffix consonant clusters (tre taire ture fre vre fer vaire erve ste sque ce th ille reille gnon cis ci rbe rne)
suffix	val	-FL	suffix -al/-el/-ble (ral bal ble rbal rible nal val vail vel el elle uel ette)
suffix	vail	-FL	suffix -al/-el/-ble (ral bal ble rbal rible nal val vail vel el elle uel ette)
suffix	vel	-FL	suffix -al/-el/-ble (ral bal ble rbal rible nal val vail vel el elle uel ette)
suffix	fre	-FR	suffix consonant clusters (tre taire ture fre vre fer vaire erve ste sque ce th ille reille gnon cis ci rbe rne)
suffix	vre	-FR	suffix consonant clusters (tre taire ture fre vre fer vaire erve ste sque ce th ille reille gnon cis ci rbe rne)
suffix	fer	-FRB	suffix consonant clusters (tre taire ture fre vre fer vaire erve ste sque ce th ille reille gnon cis ci rbe rne)
suffix	vaire	-FRB	suffix consonant clusters (tre taire ture fre vre fer vaire erve ste sque ce th ille reille gnon cis ci rbe rne)
suffix	erve	-FRB	suffix consonant clusters (tre taire ture fre vre fer vaire erve ste sque ce th ille reille gnon cis ci rbe rne)
prefix	con	KOEN	prefix con-/com- (con cons conn com comm coll corr)
prefix	cons	KOENS	prefix con-/com- (con cons conn com comm coll corr)
prefix	conn	STPH-	prefix con-/com- (con cons conn com comm coll corr)
prefix	ins	STPH-	prefix nasal+consonant (ent end int ind in ins ens)
prefix	ens	STPH-	prefix nasal+consonant (ent end int ind in ins ens)
prefix	dés	STK	prefix dé- (dé dés déc)
prefix	déc	STK	prefix dé- (dé dés déc)
prefix	dés	DAOEZ	prefix dé- (dé dés déc)
prefix	dé	STK-	prefix dé- (dé dés déc)
prefix	com	K*	prefix con-/com- (con cons conn com comm coll corr)
prefix	comm	KM-	prefix con-/com- (con cons conn com comm coll corr)
prefix	ent	SPW	prefix nasal+consonant (ent end int ind in ins ens)
prefix	int	SPW	prefix nasal+consonant (ent end int ind in ins ens)
prefix	end	SPW	prefix nasal+consonant (ent end int ind in ins ens)
prefix	ind	SPW	prefix nasal+consonant (ent end int ind in ins ens)
prefix	super	SP-R	prefix Latin (inter super multi trans re)
prefix	multi	MULT	prefix Latin (inter super multi trans re)
prefix	inter	INTS	prefix Latin (inter super multi trans re)
prefix	trans	TRANS	prefix Latin (inter super multi trans re)
prefix	ex	AIBGS	prefix ex- (ex exce exci)
prefix	ex	-BGS	prefix ex- (ex exce exci)
prefix	exce	KP-	prefix ex- (ex exce exci)
prefix	exci	KP-	prefix ex- (ex exce exci)
prefix	amp	KPW-	prefix vowel+m+b/p (amp amb emp emb imp imb omp omb ump umb)
prefix	amb	KPW-	prefix vowel+m+b/p (amp amb emp emb imp imb omp omb ump umb)
prefix	emp	KPW-	prefix vowel+m+b/p (amp amb emp emb imp imb omp omb ump umb)
prefix	emb	KPW-	prefix vowel+m+b/p (amp amb emp emb imp imb omp omb ump umb)
prefix	imp	KPW-	prefix vowel+m+b/p (amp amb emp emb imp imb omp omb ump umb)
prefix	imb	KPW-	prefix vowel+m+b/p (amp amb emp emb imp imb omp omb ump umb)
prefix	omp	KPW-	prefix vowel+m+b/p (amp amb emp emb imp imb omp omb ump umb)
prefix	omb	KPW-	prefix vowel+m+b/p (amp amb emp emb imp imb omp omb ump umb)
prefix	ump	KPW-	prefix vowel+m+b/p (amp amb emp emb imp imb omp omb ump umb)
prefix	umb	KPW-	prefix vowel+m+b/p (amp amb emp emb imp imb omp omb ump umb)
prefix	in	TPH-	prefix nasal+consonant (ent end int ind in ins ens)
prefix	fin	WH-	prefix consonant+en (fin fen ten tén ven vén)
prefix	fen	WH-	prefix consonant+en (fin fen ten tén ven vén)
prefix	ten	TH-	prefix consonant+en (fin fen ten tén ven vén)
prefix	tén	TH-	prefix consonant+en (fin fen ten tén ven vén)
prefix	ven	VH-	prefix consonant+en (fin fen ten tén ven vén)
prefix	vén	VH-	prefix consonant+en (fin fen ten tén ven vén)
prefix	corr	KR-/KL-	prefix con-/com- (con cons conn com comm coll corr)
prefix	coll	KR-/KL-	prefix con-/com- (con cons conn com comm coll corr)
prefix	re	R-	prefix Latin (inter super multi trans re)
