# Grouped lexicon decisions (spec docs/specs/lexicon-decisions.md). Tab-separated, sorted by group_id.
# group_id: first 10 hex digits of sha1(kind TAB level TAB signature) | kind: mixte_rule, mixte_typo, synth_rule,
#   ref_conflict, template | level: L1..L4, or - | signature: human-readable | verdict: accept, reject, pending
# param: chosen value (a template, a variant, a bar) or empty | slots, counter: size and counter-examples when last
#   mined | examples: up to 3 ortho:ours>ref items, ';'-separated | note: free text ('rec:' = the miner's
#   recommendation) | date: ISO date of the verdict, empty while pending
group_id	kind	level	signature	verdict	param	slots	counter	examples	note	date
00099534f9	mixte_typo	L4	∅→n,N→j @ ei,gn [medial,medial] | aim:er imp:pre:2p | repeigner	pending		1	0	repeignez:R°pENe>R°pEnje	rec(opus): reject: the reference is repeindre's; repeigner is [ʁəpeɲe]	
002014a563	mixte_rule	L1	y→u @ u [medial]	pending		7	6271	pulque:pylk>pulk°;rucksack:Ryksak>Ruksak;schupo:Sypo>Supo	rec: review (heterogeneous, precision 0.00; corrects its member rows only)	
0023f9547d	mixte_typo	L4	a→∅ @ a [medial] | NOM:os mp | curaçao	pending		1	0	curaçaos:kyRasao>kyRaso	rec: typo (single row)	
004ea08be0	template	-	-yer → netto:yer	pending		173	0	avoyer;blanchoyer;moyer	rec:netto:yer	
0061532fbc	mixte_typo	L4	∅→t @ et [final] | NOM:et ms | fret	pending		1	0	fret:fRE>fREt	rec: typo (single row)	
007a09c366	template	-	-oire → cr:oire	pending		44	0	mécroire	rec:cr:oire	
0093d6a459	mixte_typo	L4	k→g,s→∅ @ c,s [initial,final] | NOM:as f | czardas	pending		1	0	czardas:kzaRdas>gzaRda	rec: typo (single row)	
021f1b2b1d	mixte_typo	L4	u→§,G→g @ u,ng [medial,medial] | NOM:ga ms | bécabunga	pending		1	0	bécabunga:bekabuGa>bekab§ga	rec: typo (single row)	
03ec8a2341	mixte_rule	L1	p→b @ b [medial]	pending		48	189	absenta:aps@ta>abs@ta;absentai:aps@te>abs@te;absentaient:aps@tE>abs@tE	rec(opus): reject: [aps] is the voicing assimilation Lexique writes throughout (absent, obstiner, substituer); keep consistent	
04d8855415	mixte_rule	L2	8→y,z→s @ u,s [medial,medial] | NOM:me	pending		6	0	donjuanisme:d§Z8anizm>d§Zyanism°;dualisme:d8alizm>dyalism°;individualisme:5divid8alizm>5dividyalism°	rec: accept (precision 1.00)	
05403169a1	mixte_typo	L4	y→8 @ u [initial] | aim:er imp:pre:2p | huer	pending		1	0	huez:ye>8e	rec: typo (single row)	
055842f1db	mixte_rule	L3	e→E @ é [medial] | réf:érer cnd:pre:3s	pending		23	0	accélérerait:akseleR°RE>akselER°RE;avérerait:aveR°RE>avER°RE;conférerait:k§feR°RE>k§fER°RE	rec: accept (precision 1.00)	
05805e3345	mixte_rule	L1	∅→l @ l [final]	pending		4	9	fournil:fuRni>fuRnil;persil:pERsi>pERsil;sourcil:suRsi>suRsil	rec: review (heterogeneous, precision 0.31; corrects its member rows only)	
05c0f50743	mixte_typo	L4	∅→i @ l [medial] | étudi:er#ij ind:pas:1p | déplier	pending		1	0	dépliâmes:depljam>deplijam	rec: typo (single row)	
05eb6d00f9	mixte_typo	L4	2→9 @ eu [initial] | NOM:he ms | eustache	pending		1	0	eustache:2staS>9staS°	rec: typo (single row)	
0606c749f4	mixte_rule	L3	e→E @ é [medial] | réf:érer ind:fut:2p	pending		9	0	conférerez:k§feR°Re>k§fER°Re;coopérerez:koopeR°Re>kOOpER°Re;gérerez:ZeR°Re>ZER°Re	rec: accept (precision 1.00)	
066905dc44	mixte_typo	L4	l→∅ @ ll [medial] | NOM:ns mp | billion	pending		1	0	billions:bilj§>bij§	rec: typo (single row)	
06c9ef34cb	mixte_typo	L4	8→∅ @ u [medial] | aim:er par:pas:ms | quintupler	pending		1	0	quintuplé:k85typle>k5typle	rec(opus): accept: quintuplé is [kɛ̃typle]	
06ddac4a17	mixte_typo	L4	∅→i,5→n,z→s @ sh,in,s [initial,medial,medial] | NOM:me ms | shintoïsme	pending		1	0	shintoïsme:S5toizm>SintOism°	rec: typo (single row)	
070367c7a0	mixte_typo	L4	9→y @ u [initial] | NOM:ne ms | hurricane	pending		1	0	hurricane:9Rikan>yRikan°	rec: typo (single row)	
072c969ebe	mixte_typo	L4	O→u @ u [medial] | NOM:at ms | kumquat	pending		1	0	kumquat:kOmkwat>kumkwat	rec: typo (single row)	
07a25ddf68	mixte_typo	L4	∅→a,i→j @ r,i [medial,medial] | NOM:es mp | drive	pending		1	0	drives:dRiv>dRajv	rec: typo (single row)	
086349aebb	mixte_rule	L2	e→E @ e [medial] | ADJ:ce	pending		3	0	destructrice:destRyktRis>dEstRyktRis°;inefficace:inefikas>inEfikas°;émettrice:emetRis>emEtRis°	rec: accept (precision 1.00)	
087fbbaa16	template	-	-ire → préd:ire	pending		41	0	déconfire	rec:préd:ire	
088127638c	mixte_typo	L4	∅→a,i→j @ b,y [initial,medial] | ADJ:en ms | byronien	pending		1	0	byronien:biRonj5>bajROnj5	rec: typo (single row)	
08b1b8cedd	synth_rule	-	past participles built from the infinitive and the template ending	pending		2113	0		rec(opus): accept with param strict (every form needs a reference); unvalidated adds only ~60 slots	
08b5e8f04c	mixte_typo	L4	∅→a,o→w @ g,au [initial,medial] | NOM:er ms | gauleiter	pending		1	0	gauleiter:golajt9R>gawlajt9R	rec: typo (single row)	
08c652f956	mixte_typo	L4	d→∅,t→∅ @ j,t [initial,final] | NOM:ts mp | jet	pending		1	0	jets:dZEt>ZE	rec: typo (single row)	
095724f121	mixte_typo	L4	°→E,g→k @ e,g [medial,final] | NOM:gs mp | atabeg	pending		1	0	atabegs:atab°g>atabEk	rec: typo (single row)	
096c8ba0c5	mixte_rule	L1	t→s @ t [medial]	pending		6	15329	ambitieuses:@bitj2z>@bisj2z°;ambitieuses:@bitj2z>@bisj2z°;inerties:inERti>inERsi	rec: review (heterogeneous, precision 0.00; corrects its member rows only)	
0bab5652fd	mixte_typo	L4	t→s @ th [initial] | NOM:er ms | thriller	pending		1	0	thriller:tRil9R>sRil9R	rec: typo (single row)	
0cc34490fa	synth_rule	-	n/m unit reinserted in the infinitive of en-/em- verbs before splicing	pending		41	0		rec(opus): accept (en-/em- + vowel verbs: enivrer, enorgueillir)	
0d624b3c0f	mixte_typo	L4	k→g,s→z @ c,s [initial,medial] | NOM:as f | csardas	pending		1	0	csardas:ksaRdas>gzaRdas	rec: typo (single row)	
0e7059da0b	template	-	-ndre → crai:ndre	pending		44	0	déceindre	rec:crai:ndre	
0e927209ed	mixte_typo	L4	∅→@ @ ent [final] | ADJ:nt ms | prévalent	pending		1	0	prévalent:pReval>pReval@	rec: typo (single row)	
0ed865dad2	template	-	-enir → t:enir	pending		44	0	avenir	rec:t:enir	
0f0ba53108	mixte_rule	L2	E→e @ e [medial] | grasse:yer	pending		4	0	grasseya:gRasEja>gRaseja;grasseyait:gRasEjE>gRasejE;grasseyer:gRasEje>gRaseje	rec: accept (precision 1.00)	
0f611b4ca8	mixte_typo	L4	E→∅,s→° @ e,s [medial,final] | NOM:es m | ribes	pending		1	0	ribes:RibEs>Rib°	rec: typo (single row)	
0f9dbd3130	mixte_rule	L1	i→j @ i [medial]	pending		5	19117	aréquier:aRekie>aRekje;goliath:gOliat>gOljat;précambrienne:pRek@bRiEn>pRek@bRjEn°	rec: review (heterogeneous, precision 0.00; corrects its member rows only)	
0fb59de5ad	mixte_rule	L3	e→E @ é [medial] | réf:érer cnd:pre:1s	pending		13	0	considérerais:k§sideR°RE>k§sidER°RE;coopérerais:koopeR°RE>kOOpER°RE;différerais:difeR°RE>difER°RE	rec: accept (precision 1.00)	
0fd370ab4b	template	-	-dre → ten:dre	pending		80	0	réentendre;éperdre	rec:ten:dre	
0fdfab1c48	mixte_typo	L4	p→b @ b [medial] | NOM:bs m | klebs	pending		1	0	klebs:klEps>klEbs	rec: typo (single row)	
100ff87116	mixte_rule	L3	∅→R @ ou [medial] | cour:ir ind:fut:3p	pending		4	0	accourront:akuR§>akuRR§;concourront:k§kuR§>k§kuRR§;courront:kuR§>kuRR§	rec(opus): accept: courir geminate RR	
1075a2f7c6	mixte_rule	L3	e→E @ é [medial] | décr:éter cnd:pre:3p	pending		5	0	compléteraient:k§plet°RE>k§plEt°RE;inquiéteraient:5kjet°RE>5kjEt°RE;interpréteraient:5tERpRet°RE>5tERpREt°RE	rec: accept (precision 1.00)	
10d4145bf7	mixte_rule	L2	8→y @ u [medial] | NOM:um	pending		3	0	continuum:k§tin8Om>k§tinyOm;duodénum:d8odenOm>dyOdenOm;vacuum:vak8Om>vakyOm	rec: accept (precision 1.00)	
1176811a9e	mixte_rule	L1	i→∅,n→5 @ i,n [medial,medial]	pending		3	3342	lingam:lingam>l5gam;peppermint:pEpERmint>pEpERm5t;zingaro:zingaRo>z5gaRo	rec: review (heterogeneous, precision 0.00; corrects its member rows only)	
1183e42fbb	mixte_rule	L1	S→k @ ch [initial]	pending		5	907	charybde:SaRibd>kaRibd°;chitine:Sitin>kitin°;chitineux:Sitin2>kitin2	rec: review (heterogeneous, precision 0.01; corrects its member rows only)	
122f994aa1	template	-	-éder → c:éder	pending		44	0	reposséder	rec:c:éder	
12344f16c6	mixte_typo	L4	e→∅ @ e [medial] | NOM:em ms | chelem	pending		1	0	chelem:SelEm>SlEm	rec: typo (single row)	
128bbb8c75	mixte_typo	L4	∅→h @ h [initial] | aim:er par:pas:fs | hululer	pending		1	0	hululée:ylyle>hylyle	rec(opus): reject: aspirate h is never a phoneme in the lexicon	
12b03f9ff5	mixte_typo	L4	Ej→a @ a [medial] | untemplated imp:pre:2s | stater	pending		1	0	state:stEjt>stat	rec(opus): reject: the reference does not fit	
12b8e14fe3	mixte_rule	L1	8→y @ u [initial]	pending		4	24	huard:8aR>yaR;huards:8aR>yaR;huée:8e>ye	rec: review (heterogeneous, precision 0.14; corrects its member rows only)	
1308babe6a	mixte_rule	L1	∅→e @ ai [medial]	pending		8	871	engraissaient:@gREsE>@gREesE;engraissait:@gREsE>@gREesE;engraissez:@gREse>@gREese	rec(opus): reject: the reference is wrong (engraisser has no extra vowel)	
1369efbcaf	mixte_rule	L1	∅→d @ a [medial]	pending		3	20715	management:manaZ°m@>manadZ°m@;rajah:RaZa>RadZa;rajahs:RaZa>RadZa	rec(opus): accept: manager [manadʒe] (anglicism, your call)	
15b7c311b9	mixte_typo	L4	8→y,s→z @ u,s [medial,medial] | ADJ:ve fs | dissuasif	pending		1	0	dissuasive:dis8asiv>disyaziv°	rec: typo (single row)	
15d8564179	mixte_typo	L4	d→∅ @ g [initial] | ADJ:so ms | giocoso	pending		1	0	giocoso:dZjokozo>ZjOkOzo	rec: typo (single row)	
15e3dd7d3f	mixte_typo	L4	a→E,E→9 @ a,e [medial,medial] | NOM:er ms | blazer	pending		1	0	blazer:blazER>blEz9R	rec: typo (single row)	
175e71f9ff	mixte_typo	L4	k→∅,s→t @ c,c [medial,medial] | NOM:io ms | libeccio	pending		1	0	libeccio:libEksjo>libEtjo	rec: typo (single row)	
1898827e89	mixte_rule	L2	8→y @ u [medial] | NOM:ué	pending		3	0	habitué:abit8e>abitye;prostitué:pROstit8e>pROstitye;tué:t8e>tye	rec: accept (precision 1.00)	
18b8a13613	mixte_typo	L4	p→f @ p [medial] | ADJ:en ms | westphalien	pending		1	0	westphalien:vEstpalj5>vEstfalj5	rec: typo (single row)	
1990d16341	mixte_typo	L4	O→o,p→b @ o,b [initial,medial] | aim:er par:pas:fs | obstiner	pending		1	0	obstinée:Opstine>obstine	rec(opus): reject: keep the voicing assimilation (see 03ec8a2341)	
1a0535d266	mixte_typo	L4	∅→w @ gu [medial] | NOM:rs mp | couguar	pending		1	0	couguars:kugaR>kugwaR	rec: typo (single row)	
1a070f3b2a	mixte_rule	L2	8→y @ u [medial] | NOM:ls	pending		4	0	duels:d8El>dyEl;manuels:man8El>manyEl;rituels:Rit8El>RityEl	rec: accept (precision 1.00)	
1a29aafcae	mixte_typo	L4	s→∅ @ s [final] | rév:éler ind:pas:2s | héler	pending		1	0	hélas:elas>ela	rec(opus): accept: tu hélas (héler) is [ela]; Mixte's [elas] is the interjection's	
1aa78ef842	mixte_typo	L4	2→9 @ eu [initial] | NOM:es mp | eustache	pending		1	0	eustaches:2staS>9staS°	rec: typo (single row)	
1ab9c0a17f	mixte_typo	L4	e→E,z→s @ é,s [medial,medial] | NOM:ns fp | présélection	pending		1	0	présélections:pRezElEksj§>pREsElEksj§	rec: typo (single row)	
1accedfff5	template	-	-re → écri:re	pending		30	0	réécrire	rec:écri:re	
1adbbbc91e	mixte_typo	L4	o→w,E→a @ o,ë [medial,medial] | NOM:es fp | boëtte	pending		1	0	boëttes:boEt>bwat°	rec: typo (single row)	
1b791ea146	mixte_typo	L4	∅→E,a→d @ tt,a [medial,medial] | NOM:ge ms | cottage	pending		1	0	cottage:kotaZ>kOtEdZ	rec: typo (single row)	
1bbdf56c77	mixte_rule	L1	O→o @ o [initial]	pending		3	270	octroyée:OktRwaje>oktRwaje;octroyées:OktRwaje>oktRwaje;octroyés:OktRwaje>oktRwaje	rec: review (heterogeneous, precision 0.01; corrects its member rows only)	
1beae5d312	mixte_rule	L2	w→u @ ou [medial] | ADJ:is	pending		3	0	réjouis:ReZwi>ReZui;épanouis:epanwi>epanui;évanouis:evanwi>evanui	rec: accept (precision 1.00)	
1ca9b15e2b	mixte_rule	L1	z→∅ @ s [final]	pending		4	2006	hobbies:Obiz>Obi;lords:lORdz>lORd;muffins:m9finz>m9fin	rec: review (heterogeneous, precision 0.00; corrects its member rows only)	
1cd08cd47d	template	-	-éner → ali:éner	pending		124	0	dégréner;refréner;suroxygéner	rec:ali:éner	
1cd6b85d40	mixte_typo	L4	∅→l @ tt [medial] | p:eler ind:fut:3s | atteler	pending		1	0	attèlera:atEl°Ra>atlEl°Ra	rec(opus): reject: the reference is wrong	
1d44b45f51	mixte_rule	L1	∅→g,N→n @ i,gn [initial,medial]	pending		3	23	ignifuge:iNifyZ>ignifyZ°;ignition:iNisj§>ignisj§;igné:iNe>igne	rec: review (heterogeneous, precision 0.12; corrects its member rows only)	
1e0290f80b	mixte_typo	L4	z→s @ s [final] | NOM:ès m | hermès	pending		1	0	hermès:ERmEz>ERmEs	rec: typo (single row)	
1e124931dc	mixte_typo	L4	O→o @ aw [medial] | NOM:ks mp | tomahawk	pending		1	0	tomahawks:tomaOk>tOmaok	rec: typo (single row)	
1e8833ec0a	mixte_typo	L4	∅→a,@→n @ p,an [initial,medial] | NOM:ke ms | pancake	pending		1	0	pancake:p@kEk>pankEk°	rec: typo (single row)	
1e9076e29c	mixte_typo	L4	a→∅,j→E @ e,i [medial,medial] | NOM:ss m | edelweiss	pending		1	0	edelweiss:edElvajs>edElvEs	rec: typo (single row)	
201be20a5d	mixte_typo	L4	u→9,E→9 @ u,e [medial,medial] | NOM:er ms | bunker	pending		1	0	bunker:bunkER>b9nk9R	rec: typo (single row)	
210d24b0b3	mixte_rule	L1	°→2 @ ai [medial]	pending		28	1	bienfaisance:bj5f°z@s>bj5f2z@s°;bienfaisant:bj5f°z@>bj5f2z@;bienfaisante:bj5f°z@t>bj5f2z@t°	rec: accept (precision 0.97)	
21af4887c7	mixte_typo	L4	j→∅ @ lli [medial] | aim:er ind:imp:1p | éveiller	pending		1	0	éveillions:evEjj§>evEj§	rec: typo (single row)	
21b4de4968	mixte_typo	L4	8→∅,i→y @ u,y [medial,medial] | NOM:es fp | bruyère	pending		1	0	bruyères:bR8ijER>bRyjER°	rec: typo (single row)	
21dde669cb	synth_rule	-	reference-validated agreement bar	accept	0.5	85172	0	créerions;clouas;déshabillâtes	rec(opus): accept; param = floor (default 0.5); see handoff question 9 on union vs Wiktionary-first | user 2026-10-09: the references are right where the bar refuses (j°→i, 8°→y, w°→u futures/conditionals...); union vs Wiktionary-first still open	2026-10-09
22e432c44b	template	-	-cer → pla:cer	pending		477	0	arquepincer;calcer;farcer	rec:pla:cer	
2357400139	mixte_rule	L3	e→E @ é [medial] | c:éder ind:fut:2p	pending		4	0	céderez:sed°Re>sEd°Re;posséderez:posed°Re>pOsEd°Re;procéderez:pRosed°Re>pROsEd°Re	rec: accept (precision 1.00)	
23e9030258	mixte_rule	L3	8→y @ u [medial] | ADJ:ux ms	pending		3	0	présomptueux:pRez§pt82>pRez§pty2;tempétueux:t@pet82>t@pety2;torrentueux:toR@t82>tOR@ty2	rec: accept (precision 1.00)	
2498715d9c	mixte_typo	L4	k→S,e→° @ ch,e [initial,medial] | untemplated ind:fut:3s | choler	pending		1	0	cholera:koleRa>SOl°Ra	rec(opus): reject: the reference is choléra's	
24c7e48834	mixte_typo	L4	e→°,∅→i,j→l @ e,f,ill [medial,medial,medial] | NOM:in ms | tefillin	pending		1	0	tefillin:tefj5>t°fil5	rec: typo (single row)	
24df6d77c0	mixte_rule	L1	w→u @ ou [medial]	pending		147	133	affouage:afwaZ>afuaZ°;affouages:afwaZ>afuaZ°;avouables:avwabl>avuabl°	rec: review (heterogeneous, precision 0.53; corrects its member rows only)	
24f4f29353	template	-	-oire → b:oire	pending		38	0	reboire	rec:b:oire	
2557ed7d5d	mixte_typo	L4	l→j @ ll [final] | NOM:ll ms | drill	pending		1	0	drill:dRil>dRij	rec: typo (single row)	
259dd3915e	mixte_typo	L4	d→∅ @ d [final] | ten:dre imp:pre:2s | reperdre	pending		1	0	reperds:R°pERd>R°pER	rec(opus): accept: reperds has a silent d	
2633a1dddc	mixte_rule	L3	e→E @ é [medial] | décr:éter ind:fut:2p	pending		3	0	compléterez:k§plet°Re>k§plEt°Re;répéterez:Repet°Re>RepEt°Re;végéterez:veZet°Re>veZEt°Re	rec: accept (precision 1.00)	
26956b1b73	mixte_typo	L4	E→e,y→8 @ e,u [initial,medial] | aim:er ind:imp:1s | effectuer	pending		1	0	effectuais:EfEktyE>efEkt8E	rec: typo (single row)	
269a923182	mixte_typo	L4	k→S,E→° @ ch,e [medial,medial] | NOM:em ms | louchebem	pending		1	0	louchebem:lukEbEm>luS°bEm	rec: typo (single row)	
26a35ebd56	mixte_rule	L1	j→i @ i [medial]	pending		7	8716	bioxyde:bjOksid>biOksid°;hémièdres:emjEdR>emiEdR°;kyrie:kiRje>kiRie	rec: review (heterogeneous, precision 0.00; corrects its member rows only)	
28199b99bc	mixte_typo	L4	∅→l @ e [medial] | aim:er par:pas:fs | libeller	pending		1	0	libellée:libEle>libElle	rec(opus): reject: optional gemination	
285d819f7a	mixte_typo	L4	s→z @ s [medial] | aim:er inf | décriminaliser	pending		1	0	décriminaliser:dekRiminalise>dekRiminalize	rec(opus): accept: décriminaliser [ze]	
288d2a5e16	mixte_typo	L4	∅→z @ es [final] | NOM:es fp | royalties	pending		1	0	royalties:Rwajalti>Rwajaltiz	rec: typo (single row)	
28e5bb6b62	mixte_rule	L1	E→° @ e [medial]	pending		7	6673	caquelon:kakEl§>kak°l§;castelet:kastElE>kast°lE;coutelier:kutElje>kut°lje	rec(opus): accept: the reformed interpeler has a schwa before the single l (1990 report: interpelons, interpelait)	
29f2d197ee	mixte_typo	L4	S→s @ sh [medial] | ADJ:re fs | casher	pending		1	0	cashère:kaSER>kasER°	rec: typo (single row)	
2a30817bd8	mixte_typo	L4	∅→a,@→m @ d,am [initial,final] | NOM:ms mp | dam	pending		1	0	dams:d@>dam	rec: typo (single row)	
2a855a5f67	mixte_rule	L1	∅→t @ t [final]	pending		4	608	affidavit:afidavi>afidavit;diktat:dikta>diktat;magnificat:maNifika>maNifikat	rec: review (heterogeneous, precision 0.01; corrects its member rows only)	
2a9c66f971	mixte_typo	L4	a→E,E→9 @ a,e [medial,medial] | NOM:rs mp | blazer	pending		1	0	blazers:blazER>blEz9R	rec: typo (single row)	
2b424a8b98	mixte_rule	L1	°→E @ é [medial]	pending		4	0	recéleurs:R°s°l9R>R°sEl9R;recéleuse:R°s°l2z>R°sEl2z°;recéleuses:R°s°l2z>R°sEl2z°	rec: accept (precision 1.00)	
2c77b27d21	synth_rule	-	missing slots derived from the lemma's other forms by a learned slot-to-slot map	pending		25973	0		rec(opus): accept; derives a pseudo-infinitive and missing slots from the lemma's other forms, reference-validated (19,257 exact, 5,495 equivalent)	
2ca4408303	mixte_rule	L1	e→E @ aî [medial]	pending		15	0	maraîcher:maReSe>maRESe;maraîchers:maReSe>maRESe;maîtrisable:metRizabl>mEtRizabl°	rec: accept (precision 1.00)	
2d46c0550b	mixte_typo	L4	d→∅,t→∅ @ j,t [initial,final] | NOM:et ms | jet	pending		1	0	jet:dZEt>ZE	rec: typo (single row)	
2d4b3f32b4	mixte_typo	L4	@→5,°→2 @ en,ai [medial,medial] | ADJ:es fp | bienfaisant	pending		1	0	bienfaisantes:bj@f°z@t>bj5f2z@t°	rec: typo (single row)	
2de00dae6f	mixte_rule	L1	e→a @ ai [medial]	pending		3	57	égaillée:egeje>egaje;égaillées:egeje>egaje;égaillés:egeje>egaje	rec(opus): accept: égailler is [egaje]	
2df4323238	mixte_rule	L3	e→E @ é [medial] | réf:érer cnd:pre:3p	pending		14	0	avéreraient:aveR°RE>avER°RE;conféreraient:k§feR°RE>k§fER°RE;considéreraient:k§sideR°RE>k§sidER°RE	rec: accept (precision 1.00)	
2ece06454a	mixte_typo	L4	∅→O,§→m @ c,um [medial,medial] | NOM:on fs | circumnavigation	pending		1	0	circumnavigation:siRk§navigasj§>siRkOmnavigasj§	rec: typo (single row)	
2ee725d2a1	mixte_typo	L4	n→d,d→° @ n,d [medial,final] | NOM:de fs | hornblende	pending		1	0	hornblende:ORnbl5nd>ORnbl5d°	rec: typo (single row)	
2f305aeb5f	mixte_rule	L1	E→e @ ê [medial]	pending		122	340	apprêter:apREte>apRete;blêmi:blEmi>blemi;blêmis:blEmi>blemi	rec: review (heterogeneous, precision 0.26; corrects its member rows only)	
2f72ea5819	mixte_rule	L2	8→y @ u [medial] | ADJ:ué	pending		17	0	accentué:aks@t8e>aks@tye;atténué:aten8e>atenye;bossué:bos8e>bOsye	rec: accept (precision 1.00)	
30146ff636	mixte_rule	L1	°→e @ e [medial]	pending		4	4573	chistera:Sist°Ra>SisteRa;feria:f°Rja>feRja;ferias:f°Rja>feRja	rec(opus): reject: re- schwa is the Mixte convention; references vary	
30543a5100	mixte_rule	L1	j→∅ @ i [medial]	pending		12	8716	cliente:klij@t>kli@t°;clientes:klij@t>kli@t°;clientèle:klij@tEl>kli@tEl°	rec: review (heterogeneous, precision 0.00; corrects its member rows only)	
30c65739d0	template	-	-oir → pourv:oir	pending		41	0	dépourvoir	rec:pourv:oir	
31400315d4	mixte_typo	L4	∅→l @ i [medial] | NOM:er ms | boutillier	pending		1	0	boutillier:butije>butilje	rec: typo (single row)	
314ac85513	mixte_rule	L1	∅→O,o→n,N→j @ gn,o,ni [medial,medial,medial]	pending		3	0	bignonias:biNoNa>biNOnja;champignonnière:S@piNoNER>S@piNOnjER°;champignonnières:S@piNoNER>S@piNOnjER°	rec: accept (precision 1.00)	
325be7569c	mixte_rule	L1	2→E @ e [medial]	pending		3	0	dentellière:d@t2ljER>d@tEljER°;dentellière:d@t2ljER>d@tEljER°;flagellant:flaZ2l@>flaZEl@	rec: accept (precision 1.00)	
32a424df55	mixte_typo	L4	R→∅ @ rr [medial] | aim:er par:pas:mp | parrainer	pending		1	0	parrainés:paREne>paEne	rec(opus): reject: the reference is wrong	
32c7935b5b	mixte_typo	L4	∅→k @ u [medial] | NOM:ns fp | succion	pending		1	0	succions:sysj§>syksj§	rec: typo (single row)	
33b2d7ec6f	template	-	-éler → rév:éler	pending		42	0	recéler	rec:rév:éler	
33f031a71a	mixte_typo	L4	9→° @ e [medial] | pr:endre imp:pre:2p | entreprendre	pending		1	0	entreprenez:@tR°pR9ne>@tR°pR°ne	rec(opus): accept: schwa as ° (Mixte convention), not 9	
351037533b	mixte_typo	L4	j→∅ @ y [medial] | NOM:té fs | joyeuseté	pending		1	0	joyeuseté:Zwaj2z°te>Zwa2z°te	rec: typo (single row)	
3567fe0770	mixte_rule	L1	∅→g,N→n @ u,gn [medial,medial]	pending		3	18	inexpugnable:inEkspyNabl>inEkspygnabl°;inexpugnables:inEkspyNabl>inEkspygnabl°;pugnacité:pyNasite>pygnasite	rec: review (heterogeneous, precision 0.14; corrects its member rows only)	
364e293c08	mixte_typo	L4	gz→ks @ x [initial] | NOM:es mp | xylophone	pending		1	0	xylophones:gzilofOn>ksilOfOn°	rec: typo (single row)	
367db75882	mixte_rule	L1	∅→R @ ou [medial]	pending		18	4825	courras:kuRa>kuRRa;courrez:kuRe>kuRRe;courriez:kuRje>kuRRje	rec(opus): accept: geminate RR in courir's future/conditional keeps courrait apart from courait (a steno homophone otherwise)	
36ce7bb247	mixte_rule	L1	e→E @ ai [final]	pending		14	0	bai:be>bE;gai:ge>gE;gaies:ge>gE	rec: accept (precision 1.00)	
36d5c5209d	mixte_rule	L3	e→E @ é [medial] | réf:érer cnd:pre:1p	pending		3	0	considérerions:k§sideR°Rj§>k§sidER°Rj§;préférerions:pRefeR°Rj§>pRefER°Rj§;tolérerions:toleR°Rj§>tOlER°Rj§	rec: accept (precision 1.00)	
3817431125	mixte_typo	L4	Z→R @ j [medial] | NOM:as fp | navaja	pending		1	0	navajas:navaZa>navaRa	rec: typo (single row)	
3829bcd9bf	template	-	-avoir → :avoir	pending		44	0	ravoir	rec::avoir	
383747583d	mixte_typo	L4	i→9,5→i @ i,in [medial,medial] | NOM:ng ms | shirting	pending		1	0	shirting:SiRt5G>S9RtiG	rec: typo (single row)	
38d45b93d8	mixte_typo	L4	i→a,9→∅,t→∅,s→y @ ea,u,t,s [medial,medial,medial,final] | NOM:ts mp | peanuts	pending		1	0	peanuts:pin9ts>pany	rec: typo (single row)	
397ff0925b	mixte_typo	L4	p→b @ b [medial] | NOM:de ms | subside	pending		1	0	subside:sypzid>sybzid°	rec: typo (single row)	
39b16ef4e2	mixte_typo	L4	E→e,e→E @ e,é [medial,medial] | s:écher ind:fut:3p | dessécher	pending		1	0	dessécheront:dEseS°R§>desES°R§	rec: typo (single row)	
3b193ecdcd	mixte_rule	L1	E→e @ a [medial]	pending		9	162	bégayer:begEje>begeje;débrayer:debREje>debReje;délayer:delEje>deleje	rec: review (heterogeneous, precision 0.05; corrects its member rows only)	
3bda22fad0	mixte_typo	L4	∅→n @ in [initial] | ADJ:le fs | incomestible	pending		1	0	incomestible:5komEstibl>5nkOmEstibl°	rec: typo (single row)	
3c49a52fe6	mixte_typo	L4	e→° @ e [medial] | aim:er inf | revoter	pending		1	0	revoter:RevOte>R°vOte	rec(opus): accept: revoter has re- schwa (Mixte writes e)	
3cbff88b46	mixte_typo	L4	∅→k @ c [medial] | ADJ:es p | antarctique	pending		1	0	antarctiques:@taRtik>@taRktik°	rec: typo (single row)	
3d474fc4d4	mixte_rule	L2	w→u @ ou [medial] | ADJ:ui	pending		3	0	réjoui:ReZwi>ReZui;épanoui:epanwi>epanui;évanoui:evanwi>evanui	rec: accept (precision 1.00)	
3d5eb7feea	mixte_typo	L4	i→° @ e [medial] | NOM:er ms | retriever	pending		1	0	retriever:RitRiv9R>R°tRiv9R	rec: typo (single row)	
3df7c77317	mixte_typo	L4	2→°,i→∅,n→5,j→∅,s→∅ @ e,i,n,ei,s [medial,medial,medial,medial,final] | NOM:os mp | seringueiro	pending		1	0	seringueiros:s2RingEjRos>s°R5gERo	rec: typo (single row)	
3df9200aa8	mixte_rule	L1	∅→j,l→° @ i,ll [medial,final]	pending		6	154	armadille:aRmadil>aRmadij°;canetille:kan°til>kan°tij°;charmilles:SaRmil>SaRmij°	rec: review (heterogeneous, precision 0.04; corrects its member rows only)	
3e60f6ddf0	mixte_typo	L4	j→∅,E→i @ i,e [medial,medial] | aim:er ind:fut:3s | gracier	pending		1	0	graciera:gRasjERa>gRasiRa	rec(opus): accept: graciera [ɡʁasiʁa] (mute e, like 45f82c69c0)	
3e7f5c64fc	mixte_rule	L1	j→l @ ll [medial]	pending		14	541	avrillée:avRije>avRile;caballero:kabajeRo>kabaleRo;distillateurs:distijat9R>distilat9R	rec: review (heterogeneous, precision 0.03; corrects its member rows only)	
3ee2a1feec	mixte_rule	L1	9→y @ u [medial]	pending		4	32	buggy:b9gi>bygi;puff:p9f>pyf;putt:p9t>pyt	rec: review (heterogeneous, precision 0.11; corrects its member rows only)	
3f102d57ec	template	-	-ir → cour:ir	pending		42	0	reparcourir	rec:cour:ir	
3f1c3f1703	mixte_typo	L4	a→E @ a [initial] | NOM:ya fs | aya	pending		1	0	aya:aja>Eja	rec: typo (single row)	
3f32841f72	mixte_typo	L4	∅→k @ u [medial] | NOM:on fs | succion	pending		1	0	succion:sysj§>syksj§	rec: typo (single row)	
3f35f54448	mixte_typo	L4	∅→E,e→R @ v,er [medial,final] | NOM:er ms | vétiver	pending		1	0	vétiver:vetive>vetivER	rec: typo (single row)	
3fe47e729d	mixte_typo	L4	∅→k @ sch [initial] | NOM:rs mp | schooner	pending		1	0	schooners:Sun9R>Skun9R	rec: typo (single row)	
404959be7f	mixte_typo	L4	u→w @ ou [initial] | aim:er ind:pas:3s | houer	pending		1	0	houa:ua>wa	rec: typo (single row)	
408930dc27	mixte_typo	L4	°→E @ ai [medial] | aim:er par:pas:fp | faisander	pending		1	0	faisandées:f°z@de>fEz@de	rec(opus): reject: faisander [fəzɑ̃de] is standard	
411599980f	mixte_typo	L4	i→j @ y [initial] | ADJ:de fs | hyoïde	pending		1	0	hyoïde:ioid>jOid°	rec: typo (single row)	
412dd59fcb	mixte_typo	L4	y→u @ u [medial] | aim:er inf | édulcorer	pending		1	0	édulcorer:edylkoRe>edulkoRe	rec(opus): reject: édulcorer is [edylkɔʁe]	
418830c34e	mixte_rule	L3	e→E @ é [medial] | abr:éger ind:fut:3p	pending		3	0	piégeront:pjeZ°R§>pjEZ°R§;protégeront:pRoteZ°R§>pROtEZ°R§;siégeront:sjeZ°R§>sjEZ°R§	rec: accept (precision 1.00)	
41ca9ec53e	mixte_typo	L4	y→9,E→9 @ u,e [medial,medial] | NOM:rs mp | cutter	pending		1	0	cutters:kytER>k9t9R	rec: typo (single row)	
41fc26dc3e	mixte_typo	L4	∅→i,5→n @ r,in [medial,medial] | NOM:nk ms | drink	pending		1	0	drink:dR5k>dRink	rec: typo (single row)	
41fc8e1b2f	mixte_typo	L4	s→∅ @ s [medial] | ADJ:es p | pélasgique	pending		1	0	pélasgiques:pelasZik>pelaZik°	rec: typo (single row)	
42662ee2c4	mixte_rule	L1	°→E @ e [medial]	pending		10	4573	ardennais:aRd°nE>aRdEnE;ardennaise:aRd°nEz>aRdEnEz°;cheftaines:S°ftEn>SEftEn°	rec: review (heterogeneous, precision 0.00; corrects its member rows only)	
42e676b043	mixte_rule	L3	j→∅ @ y [medial] | pa:yer ind:imp:1p	pending		3	0	payions:pEjj§>pEj§;rayions:REjj§>REj§;relayions:R°lEjj§>R°lEj§	rec: accept (precision 1.00)	
43f626d7d7	mixte_typo	L4	wa→O @ oi [medial] | NOM:te fs | cancoillotte	pending		1	0	cancoillotte:k@kwajOt>k@kOjOt°	rec: typo (single row)	
44c3e17eb5	mixte_rule	L1	y→u @ u [initial]	pending		3	326	hurrah:yRa>uRa;ukase:ykaz>ukaz°;ukases:ykaz>ukaz°	rec: review (heterogeneous, precision 0.01; corrects its member rows only)	
44d41847d8	template	-	-ouloir → v:ouloir	pending		38	0	revouloir	rec:v:ouloir	
450dbe4373	mixte_rule	L2	w→u @ ou [medial] | NOM:ée	pending		3	0	bouée:bwe>bue;louée:lwe>lue;renouée:R°nwe>R°nue	rec: accept (precision 1.00)	
45f82c69c0	mixte_rule	L1	j→∅,e→i @ i,e [medial,medial]	pending		5	11	réconcilierai:Rek§siljeRe>Rek§siliRe;réconcilieraient:Rek§siljeRE>Rek§siliRE;réconcilierait:Rek§siljeRE>Rek§siliRE	rec(opus): accept: the future of -ier verbs has a mute e: réconcilierai [ʁekɔ̃siliʁe]	
46a33bcb4d	mixte_typo	L4	∅→s,e→E @ an,e [medial,medial] | ADJ:le fs | transsexuel	pending		1	0	transsexuelle:tR@seksyEl>tR@ssEksyEl°	rec: typo (single row)	
46c1b69c0e	mixte_typo	L4	E→a @ ai [medial] | aim:er ind:pre:3p | égailler	pending		1	0	égaillent:egEj>egaj	rec(opus): accept: égaillent [eɡaj] (see 2de00dae6f)	
47753e518f	mixte_rule	L1	E→e @ e [medial]	pending		7	6673	aquarellés:akwaREle>akwaRele;désintéressement:dez5teREs°m@>dez5teRes°m@;habanera:abanERa>abaneRa	rec: review (heterogeneous, precision 0.00; corrects its member rows only)	
477da3b835	mixte_rule	L2	8→y @ u [medial] | NOM:or	pending		3	0	octuor:Okt8OR>OktyOR;quatuor:kwat8OR>kwatyOR;septuor:sEpt8OR>sEptyOR	rec: accept (precision 1.00)	
48430e8156	mixte_typo	L4	k→∅,∅→s @ k,s [initial,final] | NOM:rs mp | knickerbocker	pending		1	0	knickerbockers:knik9RbOk9R>nik9RbOk9Rs	rec: typo (single row)	
48580204ac	mixte_rule	L2	e→E @ e [medial] | NOM:ée	pending		3	0	assiettée:asjete>asjEte;destinée:destine>dEstine;illettrée:iletRe>ilEtRe	rec: accept (precision 1.00)	
486925c9ef	mixte_typo	L4	∅→f @ f [final] | ADJ:rf ms | serf	pending		1	0	serf:sER>sERf	rec: typo (single row)	
48bf4e7578	mixte_typo	L4	z→s,E→e @ s,e [medial,medial] | aim:er ind:pre:2p | transgresser	pending		1	0	transgressez:tR@zgREse>tR@sgRese	rec(opus): accept: transgresser [tʁɑ̃sɡʁɛse]	
4933c2aed9	mixte_typo	L4	a→∅,i→E @ a,i [medial,medial] | NOM:ns fp | démangeaison	pending		1	0	démangeaisons:dem@Zaiz§>dem@ZEz§	rec: typo (single row)	
49c77aae18	mixte_typo	L4	∅→i @ v [medial] | aim:er inf | recroqueviller	pending		1	0	recroqueviller:R°kROkvje>R°kROkvije	rec: typo (single row)	
4a3cf27248	mixte_rule	L1	E→9 @ e [medial]	pending		4	6673	coroner:koRonER>kOROn9R;coroners:koRonER>kOROn9R;glockenspiel:glokEnSpil>glOk9nSpil	rec: review (heterogeneous, precision 0.00; corrects its member rows only)	
4a879aea4f	mixte_typo	L4	8→∅,e→E @ u,e [medial,medial] | NOM:at ms | quinquennat	pending		1	0	quinquennat:k85kena>k5kEna	rec: typo (single row)	
4b02933531	mixte_typo	L4	∅→an,@→t,z→s @ c,an,z [initial,medial,medial] | NOM:es fp | canzonette	pending		1	0	canzonettes:k@zonEt>kantsOnEt°	rec: typo (single row)	
4b28ecf8ff	template	-	-emer → s:emer	pending		38	0	clairsemer	rec:s:emer	
4b602b8225	mixte_typo	L4	E→e,t→l @ é,t [medial,medial] | j:eter par:pas:fs | déjeter	pending		1	0	déjetée:dEZ°te>deZ°le	rec(opus): reject: the reference is wrong	
4ce70d8b19	mixte_typo	L4	∅→a,u→w @ r,ou [initial,medial] | NOM:nd ms | round	pending		1	0	round:Rund>Rawnd	rec: typo (single row)	
4d24b7fa7a	mixte_typo	L4	9→∅,R→e @ e,r [medial,final] | squatt:er inf | squatter	pending		1	0	squatter:skwat9R>skwate	rec(opus): accept: the verb squatter is [skwate]	
4d3b8e4874	mixte_rule	L1	y→9 @ u [medial]	pending		4	6271	turf:tyRf>t9Rf;turfiste:tyRfist>t9Rfist°;turfistes:tyRfist>t9Rfist°	rec: review (heterogeneous, precision 0.00; corrects its member rows only)	
4d40232103	mixte_typo	L4	a→O @ â [medial] | aim:er par:pas:fs | bâtonner	pending		1	0	bâtonnée:batone>bOtOne	rec(opus): reject: the reference is wrong	
4d6e9a9237	mixte_typo	L4	8→∅,i→2 @ u,i [medial,final] | p:ouvoir ind:pre:1s | pouvoir	pending		1	0	puis:p8i>p2	rec(opus): reject: the reference is peux's (lemma+tag fallback); je puis is [pɥi]	
4e2b689f67	mixte_typo	L4	l→∅ @ l [medial] | NOM:as fp | villa	pending		1	0	villas:villa>vila	rec: typo (single row)	
4ed7cc8299	mixte_typo	L4	N→nj @ gn [initial] | NOM:le fs | gnôle	pending		1	0	gnôle:Nol>njol°	rec: typo (single row)	
4f22eaaa5c	mixte_typo	L4	i→j @ ï [final] | NOM:ïs fp | congaï	pending		1	0	congaïs:k§gai>k§gaj	rec: typo (single row)	
4f30631cc2	mixte_typo	L4	e→E,8→y,z→s @ e,u,s [medial,medial,medial] | NOM:me ms | intellectualisme	pending		1	0	intellectualisme:5telEkt8alizm>5tElEktyalism°	rec: typo (single row)	
514c04ddf7	mixte_typo	L4	∅→S @ c [medial] | untemplated inf | enchtiber	pending		1	0	enchtiber:@tibe>@Stibe	rec(opus): accept: enchtiber [ɑ̃ʃtibe] (Mixte drops the ch)	
5186333974	mixte_typo	L4	@→5,z→s @ en,s [medial,final] | NOM:ès m | népenthès	pending		1	0	népenthès:nep@tEz>nep5tEs	rec: typo (single row)	
51cee97833	mixte_typo	L4	9→∅,n→1 @ u,n [medial,medial] | NOM:nt ms | shunt	pending		1	0	shunt:S9nt>S1t	rec: typo (single row)	
526759add6	mixte_rule	L2	e→E @ ai [initial] | untemplated	pending		4	0	ailé:ele>Ele;ailée:ele>Ele;ailées:ele>Ele	rec: accept (precision 1.00)	
5282ccbb8f	mixte_typo	L4	z→s @ z [medial] | ADJ:ns mp | hertzien	pending		1	0	hertziens:ERtzj5>ERtsj5	rec: typo (single row)	
52a8234b02	mixte_typo	L4	u→O,n→§ @ oo,n [medial,final] | NOM:ns mp | épiploon	pending		1	0	épiploons:epiplun>epiplO§	rec: typo (single row)	
530cc017e9	mixte_typo	L4	@→e @ e [initial] | untemplated par:pas:mp | enamourer	pending		1	0	enamourés:@namuRe>enamuRe	rec(opus): reject: [ɑ̃namuʁe] is fine	
542d63acd5	mixte_rule	L1	∅→j @ i [medial]	pending		12	19117	affriolantes:afRiol@t>afRijOl@t°;affriolants:afRiol@>afRijOl@;antipatriotiques:@tipatRiotik>@tipatRijOtik°	rec: review (heterogeneous, precision 0.00; corrects its member rows only)	
545338838e	mixte_typo	L4	aj→i @ i [initial] | NOM:gs mp | iceberg	pending		1	0	icebergs:ajsbERg>isbERg	rec: typo (single row)	
557217e360	mixte_rule	L1	l→j @ ll [medial]	pending		3	682	billions:bilj§>bijj§;instillées:5stile>5stije;trillions:tRilj§>tRijj§	rec(opus): split: biller/triller verbs are [bije]/[tʁije] (accept), instiller is [ɛ̃stile] (reject)	
5573847bb9	mixte_typo	L4	∅→ks @ x [final] | NOM:ix m | chaix	pending		1	0	chaix:SE>SEks	rec: typo (single row)	
55bca43d3f	mixte_typo	L4	∅→w,O→a @ c,o [medial,medial] | NOM:re fs | encoignure	pending		1	0	encoignure:@kONyR>@kwaNyR°	rec: typo (single row)	
55d6300062	template	-	-équer → diss:équer	pending		88	0	béquer;rebéquer	rec:diss:équer	
57be2d8fd4	mixte_typo	L4	k→p @ c [medial] | aim:er par:pas:fp | incriminer	pending		1	0	incriminées:5kRimine>5pRimine	rec(opus): reject: the reference is wrong	
5816cb34a2	mixte_rule	L1	∅→n,N→j @ i,ni [medial,medial]	pending		3	0	ignominieuse:iNomiN2z>iNOminj2z°;ignominieuses:iNomiN2z>iNOminj2z°;ignominieux:iNomiN2>iNOminj2	rec: accept (precision 1.00)	
59ffdef24b	mixte_typo	L4	8→w @ u [medial] | ADJ:al ms | sublingual	pending		1	0	sublingual:sybl5g8al>sybl5gwal	rec: typo (single row)	
5a164ff566	mixte_typo	L4	e→E @ é [initial] | NOM:nt ms | hébétement	pending		1	0	hébétement:ebEt°m@>EbEt°m@	rec: typo (single row)	
5c732d1c4b	mixte_typo	L4	j→i @ ï [medial] | NOM:as fp | taïga	pending		1	0	taïgas:tajga>taiga	rec: typo (single row)	
5e4cd9342a	mixte_typo	L4	b→p @ b [medial] | ADJ:nt ms | subséquent	pending		1	0	subséquent:sybsek@>sypsek@	rec: typo (single row)	
5f6446e128	mixte_typo	L4	p→∅ @ p [final] | NOM:ps mp | clamp	pending		1	0	clamps:kl@p>kl@	rec: typo (single row)	
5f7918a83f	mixte_rule	L1	s→∅ @ s [final]	pending		14	321	accras:akRas>akRa;burnous:byRnus>byRnu;cauris:koRis>kORi	rec: review (heterogeneous, precision 0.04; corrects its member rows only)	
5f9a02ea19	mixte_rule	L1	j→i @ y [medial]	pending		4	443	polyamides:poljamid>pOliamid°;polyandre:polj@dR>pOli@dR°;polyèdre:poljEdR>pOliEdR°	rec: review (heterogeneous, precision 0.01; corrects its member rows only)	
5fcc88c477	mixte_rule	L3	8→y @ u [medial] | NOM:ur fs	pending		3	0	lueur:l89R>ly9R;puanteur:p8@t9R>py@t9R;sueur:s89R>sy9R	rec: accept (precision 1.00)	
6013b6aeb0	mixte_typo	L4	d→∅ @ j [initial] | NOM:bs mp | job	pending		1	0	jobs:dZOb>ZOb	rec: typo (single row)	
6112f6c43a	mixte_rule	L2	9→∅,R→e @ e,r [medial,final] | untemplated	pending		7	0	dealer:dil9R>dile;englander:@gl@d9R>@gl@de;hutter:yt9R>yte	rec(opus): accept: dealer/englander/hutter as verbs end in [e], not the English noun's [œʁ]	
61829416dd	mixte_typo	L4	O→9 @ o [medial] | NOM:on fs | fashion	pending		1	0	fashion:faSOn>faS9n	rec: typo (single row)	
61b7f81da2	mixte_typo	L4	∅→E,e→R @ t,er [medial,final] | NOM:er ms | poster	pending		1	0	poster:pOste>pOstER	rec: typo (single row)	
61d1565bd5	mixte_typo	L4	s→∅ @ s [medial] | aim:er ind:imp:3s | transsuder	pending		1	0	transsudait:tR@ssydE>tR@sydE	rec(opus): accept: transsuder has one s sound	
6219333b89	template	-	-cevoir → dé:cevoir	pending		88	0	préconcevoir;réapercevoir	rec:dé:cevoir	
6267d2cc4a	mixte_typo	L4	∅→g @ g [final] | NOM:ng ms | dugong	pending		1	0	dugong:dyg§>dyg§g	rec: typo (single row)	
627c2dbb6a	mixte_typo	L4	e→E,e→E @ e,e [medial,medial] | NOM:do ms | desperado	pending		1	0	desperado:despeRado>dEspERado	rec: typo (single row)	
63e70cf2b1	mixte_typo	L4	S→s @ sh [medial] | ADJ:es fp | casher	pending		1	0	cashères:kaSER>kasER°	rec: typo (single row)	
641ca5434b	mixte_typo	L4	e→° @ e [final] | NOM:ve m | ave	pending		1	0	ave:ave>av°	rec: typo (single row)	
64402d8bce	mixte_typo	L4	∅→y @ e [final] | aim:er imp:pre:2s | arguer	pending		1	0	argue:aRg>aRgy	rec(opus): accept: if b3efd1782d is accepted (arguer [ɡɥ])	
64c48efece	mixte_rule	L1	∅→i @ r [medial]	pending		6	27635	comprendriez:k§pR@dRje>k§pR@dRije;souriaient:suRjE>suRijE;souriais:suRjE>suRijE	rec: review (heterogeneous, precision 0.00; corrects its member rows only)	
64cd26b89d	mixte_typo	L4	i→j @ y [initial] | NOM:es fp | yeuse	pending		1	0	yeuses:i2z>j2z°	rec: typo (single row)	
64e7399bad	mixte_typo	L4	E→∅,ks→∅,t→∅,a→∅,z→∅ @ e,x,t,a,s [initial,medial,medial,medial,medial] | aim:er ind:pre:1s | extasier	pending		1	0	extasie:Ekstazi>i	rec(opus): reject: the reference is wrong	
65b12267dc	mixte_typo	L4	∅→9n,§→t @ p,un [initial,medial] | NOM:ch ms | punch	pending		1	0	punch:p§S>p9ntS	rec: typo (single row)	
661a76c66d	mixte_typo	L4	i→°,aj→i,O→a @ e,i,a [medial,medial,medial] | NOM:al ms | revival	pending		1	0	revival:RivajvOl>R°vival	rec: typo (single row)	
66b3732368	mixte_rule	L1	e→E @ e [initial]	pending		16	159	effleurage:efl9RaZ>Efl9RaZ°;effrayé:efREje>EfREje;effrayés:efREje>EfREje	rec: review (heterogeneous, precision 0.09; corrects its member rows only)	
66cf3198a7	mixte_rule	L3	e→E @ é [medial] | c:éder ind:fut:2s	pending		4	0	accéderas:aksed°Ra>aksEd°Ra;céderas:sed°Ra>sEd°Ra;posséderas:posed°Ra>pOsEd°Ra	rec: accept (precision 1.00)	
6738754e9d	mixte_typo	L4	9→O @ u [medial] | NOM:um ms | summum	pending		1	0	summum:s9mOm>sOmOm	rec: typo (single row)	
673d731fd5	mixte_typo	L4	∅→k @ x [medial] | aim:er inf | exorciser	pending		1	0	exorciser:EgzORsize>EgkzORsize	rec(opus): reject: the reference is wrong	
677a133219	mixte_typo	L4	∅→t @ n [medial] | NOM:ia fs | intelligentsia	pending		1	0	intelligentsia:5teliZEnsja>5teliZEntsja	rec: typo (single row)	
6791b5a042	mixte_typo	L4	O→∅,s→o @ o,s [medial,final] | NOM:os mp | banderillero	pending		1	0	banderilleros:b@d°RijeROs>b@d°RijeRo	rec: typo (single row)	
67e0382fdd	mixte_typo	L4	aj→i,aj→in,n→° @ i,i,n [medial,medial,final] | NOM:ne ms | pipeline	pending		1	0	pipeline:pajp°lajn>pip°lin°	rec: typo (single row)	
6820ecd346	mixte_typo	L4	@→e @ e [initial] | untemplated par:pas:fs | enamourer	pending		1	0	enamourée:@namuRe>enamuRe	rec(opus): reject: [ɑ̃namuʁe] is fine	
6824b54615	mixte_typo	L4	j→∅ @ i [final] | aim:er ind:pre:2s | mésallier	pending		1	0	mésallies:mezalij>mezali	rec: typo (single row)	
68895a7615	mixte_typo	L4	e→a @ e [medial] | NOM:ns mp | moellon	pending		1	0	moellons:mwel§>mwal§	rec: typo (single row)	
68d19f7559	mixte_typo	L4	w→u @ ou [medial] | man:ger par:pas:fs | louanger	pending		1	0	louangée:lw@Ze>lu@Ze	rec: typo (single row)	
69406f04e7	mixte_rule	L1	p→∅ @ p [medial]	pending		12	6563	dompta:d§pta>d§ta;domptai:d§pte>d§te;domptait:d§ptE>d§tE	rec(opus): accept: dompter is [dɔ̃te], the p is silent	
6a3d92806d	mixte_typo	L4	∅→O,§→m @ i,om [medial,final] | NOM:om ms | tchernoziom	pending		1	0	tchernoziom:tSERnozj§>tSERnOzjOm	rec: typo (single row)	
6a72291340	mixte_rule	L1	@→5 @ en [medial]	pending		8	2274	consensuelle:k§s@syEl>k§s5syEl°;dengue:d@g>d5g°;impedimenta:5pedim@ta>5pedim5ta	rec: review (heterogeneous, precision 0.00; corrects its member rows only)	
6ae19f549d	mixte_typo	L4	k→p @ c [medial] | aim:er par:pas:fs | incriminer	pending		1	0	incriminée:5kRimine>5pRimine	rec(opus): reject: the reference is wrong	
6b35aa3f27	mixte_typo	L4	w→∅ @ w [medial] | aim:er par:pas:ms | rewriter	pending		1	0	rewrité:R°wRajte>R°Rajte	rec(opus): reject: the reference is wrong	
6b44128cbf	template	-	-éger → abr:éger	pending		171	0	cortéger;manéger;ralléger	rec:abr:éger	
6d07368a01	mixte_typo	L4	t→∅ @ ch [final] | NOM:ch ms | lunch	pending		1	0	lunch:l9ntS>l9nS	rec: typo (single row)	
6ee439f63d	mixte_typo	L4	u→O,n→§ @ oo,n [medial,final] | NOM:on ms | épiploon	pending		1	0	épiploon:epiplun>epiplO§	rec: typo (single row)	
6f7e28c2a3	mixte_typo	L4	e→E,z→s @ ai,s [medial,medial] | NOM:me ms | défaitisme	pending		1	0	défaitisme:defetizm>defEtism°	rec: typo (single row)	
7011126548	mixte_rule	L3	e→E @ é [medial] | décr:éter ind:fut:1s	pending		4	0	décréterai:dekRet°Re>dekREt°Re;inquiéterai:5kjet°Re>5kjEt°Re;péterai:pet°Re>pEt°Re	rec: accept (precision 1.00)	
7017eda41f	mixte_typo	L4	v→f @ v [medial] | NOM:ze ms | sovkhoze	pending		1	0	sovkhoze:sOvkoz>sOfkoz°	rec: typo (single row)	
7050ff156b	mixte_typo	L4	8→∅,i→y @ u,y [medial,medial] | NOM:re fs | bruyère	pending		1	0	bruyère:bR8ijER>bRyjER°	rec: typo (single row)	
705505b387	mixte_rule	L1	a→E @ a [medial]	pending		3	20715	clayettes:klajEt>klEjEt°;pagaye:pagaj>pagEj°;rimaye:Rimaj>RimEj°	rec(opus): split: extrayait [ɛkstʁɛjɛ] (accept), pagaye [pagaj] (reject)	
70f8f8bd3c	mixte_typo	L4	aw→u,9→Z,R→e @ ou,e,r [initial,medial,final] | NOM:er ms | outrigger	pending		1	0	outrigger:awtRig9R>utRigZe	rec: typo (single row)	
71860dee66	mixte_typo	L4	l→∅ @ ll [medial] | NOM:on ms | billion	pending		1	0	billion:bilj§>bij§	rec: typo (single row)	
72fdc31d0e	mixte_typo	L4	O→o @ a [medial] | NOM:ll ms | football	pending		1	0	football:futbOl>futbol	rec: typo (single row)	
73dcdb5130	mixte_typo	L4	∅→9n,1→t @ l,un [initial,medial] | aim:er inf | luncher	pending		1	0	luncher:l1Se>l9ntSe	rec(opus): accept: luncher [lœntʃe] (anglicism, your call)	
73de17c7d1	mixte_typo	L4	e→E @ ei [initial] | NOM:er ms | eider	pending		1	0	eider:edER>EdER	rec: typo (single row)	
73fa102ef1	mixte_typo	L4	∅→g,N→n @ a,gn [initial,medial] | NOM:at ms | agnat	pending		1	0	agnat:aNa>agna	rec: typo (single row)	
7434e22fd6	mixte_typo	L4	u→w @ ou [medial] | untemplated inf | déchouer	pending		1	0	déchouer:deSue>deSwe	rec: typo (single row)	
745d13a826	mixte_typo	L4	∅→O,o→w,9→E @ l,oa,e [initial,medial,medial] | NOM:er ms | loader	pending		1	0	loader:lod9R>lOwdER	rec: typo (single row)	
754fcc90c7	mixte_typo	L4	R→∅ @ h [medial] | NOM:na fs | marihuana	pending		1	0	marihuana:maRiRwana>maRiwana	rec: typo (single row)	
758b0a339d	mixte_typo	L4	Z→j,9→u,n→G @ j,u,n [initial,medial,medial] | NOM:rs mp | junker	pending		1	0	junkers:Z9nkER>juGkER	rec: typo (single row)	
75a7443a3c	mixte_typo	L4	∅→w @ gu [medial] | NOM:ar ms | couguar	pending		1	0	couguar:kugaR>kugwaR	rec: typo (single row)	
76a0bfbedb	mixte_typo	L4	i→∅,m→5 @ i,m [medial,medial] | NOM:bo ms | limbo	pending		1	0	limbo:limbo>l5bo	rec: typo (single row)	
77352423ae	mixte_typo	L4	d→t,z→s @ t,z [medial,medial] | NOM:el s | bretzel	pending		1	0	bretzel:bREdzEl>bREtsEl	rec: typo (single row)	
774b9ec5d8	mixte_typo	L4	p→b,y→8 @ b,u [medial,medial] | aim:er imp:pre:2p | substituer	pending		1	0	substituez:sypstitye>sybstit8e	rec(opus): reject: keep the voicing assimilation and glide convention	
7774953ded	mixte_rule	L3	e→E @ e [medial] | ADJ:le ms	pending		4	0	descriptible:deskRiptibl>dEskRiptibl°;destructible:destRyktibl>dEstRyktibl°;inintelligible:in5teliZibl>in5tEliZibl°	rec: accept (precision 1.00)	
77faf1f0f6	mixte_typo	L4	°→E,g→k @ e,g [medial,final] | NOM:eg ms | atabeg	pending		1	0	atabeg:atab°g>atabEk	rec: typo (single row)	
7861de18c1	mixte_typo	L4	°→e @ é [medial] | ADJ:es p | bolchevique	pending		1	0	bolchéviques:bOlS°vik>bOlSevik°	rec: typo (single row)	
78e2917577	mixte_typo	L4	l→s @ l [final] | NOM:ls mp | fil	pending		1	0	fils:fil>fis	rec: typo (single row)	
78fe1ac11a	mixte_rule	L3	e→E @ é [medial] | c:éder cnd:pre:3p	pending		6	0	accéderaient:aksed°RE>aksEd°RE;céderaient:sed°RE>sEd°RE;posséderaient:posed°RE>pOsEd°RE	rec: accept (precision 1.00)	
797e95757a	mixte_typo	L4	∅→g @ gs [final] | NOM:gs mp | joug	pending		1	0	jougs:Zu>Zug	rec: typo (single row)	
7b9cd28533	mixte_rule	L3	e→E @ é [medial] | s:écher cnd:pre:3s	pending		5	0	allécherait:aleS°RE>alES°RE;assécherait:aseS°RE>asES°RE;lécherait:leS°RE>lES°RE	rec: accept (precision 1.00)	
7c372f21e3	mixte_typo	L4	∅→t @ et [final] | NOM:et ms | exocet	pending		1	0	exocet:EgzosE>EgzosEt	rec: typo (single row)	
7cbf708b96	mixte_rule	L3	e→E @ é [medial] | réf:érer ind:fut:3p	pending		12	0	aggloméreront:aglomeR°R§>aglOmER°R§;altéreront:alteR°R§>altER°R§;conféreront:k§feR°R§>k§fER°R§	rec: accept (precision 1.00)	
7d11f72fd0	mixte_typo	L4	∅→t @ p [medial] | NOM:er ms | shipchandler	pending		1	0	shipchandler:SipS@dl9R>SiptS@dl9R	rec: typo (single row)	
7df437383c	mixte_typo	L4	∅→w,∅→l @ qu,i [initial,medial] | NOM:on ms | quadrillion	pending		1	0	quadrillion:kadRij§>kwadRilj§	rec: typo (single row)	
7e167df5ac	mixte_typo	L4	e→°,N→n @ e,ñ [medial,medial] | NOM:or ms | señor	pending		1	0	señor:seNOR>s°nOR	rec: typo (single row)	
7e6b3b80d8	mixte_typo	L4	@→5,°→2 @ en,ai [medial,medial] | ADJ:ts mp | bienfaisant	pending		1	0	bienfaisants:bj@f°z@>bj5f2z@	rec: typo (single row)	
7e9aaa0533	mixte_typo	L4	d→∅ @ j [initial] | NOM:ob ms | job	pending		1	0	job:dZOb>ZOb	rec: typo (single row)	
7f2ad98943	mixte_typo	L4	O→o,p→b @ o,b [initial,medial] | aim:er par:pas:mp | obstiner	pending		1	0	obstinés:Opstine>obstine	rec(opus): reject: keep the voicing assimilation (see 03ec8a2341)	
7f4facf458	mixte_rule	L1	Z→g @ g [medial]	pending		3	1950	hégélien:eZelj5>egelj5;hégélienne:eZeljEn>egeljEn°;hégéliens:eZelj5>egelj5	rec: review (heterogeneous, precision 0.00; corrects its member rows only)	
7f6f6adc28	mixte_typo	L4	∅→e @ e [final] | NOM:le ms | cantabile	pending		1	0	cantabile:k@tabil>k@tabile	rec: typo (single row)	
8099bb4b08	mixte_typo	L4	wa→O @ o [initial] | o:uïr imp:pre:1p | ouïr	pending		1	0	oyons:waj§>Oj§	rec(opus): reject: oyons is [wajɔ̃]	
80f8031373	mixte_rule	L1	e→° @ e [medial]	pending		8	287	cuillerée:k8ijeRe>k8ij°Re;cuillerées:k8ijeRe>k8ij°Re;devon:dev§>d°v§	rec: review (heterogeneous, precision 0.03; corrects its member rows only)	
814ed08522	mixte_rule	L3	e→E @ é [medial] | réf:érer ind:fut:1p	pending		10	0	considérerons:k§sideR°R§>k§sidER°R§;coopérerons:koopeR°R§>kOOpER°R§;exagérerons:EgzaZeR°R§>EgzaZER°R§	rec: accept (precision 1.00)	
823dcbcbf0	mixte_typo	L4	∅→a,@→n @ p,an [initial,medial] | NOM:es mp | pancake	pending		1	0	pancakes:p@kEk>pankEk°	rec: typo (single row)	
8243aee63a	mixte_typo	L4	∅→n,N→j @ i,gn [medial,medial] | untemplated ind:imp:3s | bignoler	pending		1	0	bignolait:biNolE>binjOlE	rec(opus): reject: the reference is wrong	
83afb1218d	mixte_typo	L4	Z→R @ j [medial] | NOM:ja fs | navaja	pending		1	0	navaja:navaZa>navaRa	rec: typo (single row)	
844887fc39	mixte_rule	L3	∅→R @ ou [medial] | cour:ir ind:fut:3s	pending		4	0	accourra:akuRa>akuRRa;courra:kuRa>kuRRa;parcourra:paRkuRa>paRkuRRa	rec(opus): accept: courir geminate RR	
844e3be8d0	mixte_rule	L2	w→u @ ou [medial] | ADJ:le	pending		6	0	avouable:avwabl>avuabl°;inavouable:inavwabl>inavuabl°;injouable:5Zwabl>5Zuabl°	rec: accept (precision 1.00)	
850ffa6189	mixte_typo	L4	k→R @ k [initial] | NOM:in ms | khamsin	pending		1	0	khamsin:kamsin>Ramsin	rec: typo (single row)	
8517576873	mixte_rule	L1	O→o @ o [medial]	pending		8	4270	anchilops:@kilOps>@kilops;azygos:azigOs>azigos;bambinos:b@binOs>b@binos	rec: review (heterogeneous, precision 0.00; corrects its member rows only)	
8578e650af	mixte_typo	L4	z→s @ s [final] | NOM:ès fp | cortès	pending		1	0	cortès:kORtEz>kORtEs	rec: typo (single row)	
86f642ccc7	mixte_typo	L4	∅→n,G→g @ ou,ng [medial,medial] | ADJ:se fs | toungouse	pending		1	0	toungouse:tuGuz>tunguz°	rec: typo (single row)	
86f9c4f7da	mixte_typo	L4	G→g @ g [final] | NOM:ng ms | ginseng	pending		1	0	ginseng:Zins@G>Zins@g	rec: typo (single row)	
8702bd9bad	mixte_typo	L4	s→∅,k→S,9→∅,R→e @ s,ch,e,r [initial,medial,medial,final] | NOM:er ms | schooner	pending		1	0	schooner:skun9R>Sune	rec: typo (single row)	
874e1e0d4d	mixte_rule	L1	5→@ @ en [medial]	pending		7	65	mentor:m5tOR>m@tOR;mentors:m5tOR>m@tOR;référendum:RefeR5dOm>RefeR@dOm	rec: review (heterogeneous, precision 0.10; corrects its member rows only)	
87ccf74c6a	mixte_typo	L4	∅→a,o→w @ r,au [medial,final] | NOM:au m | feldgrau	pending		1	0	feldgrau:fEldgRo>fEldgRaw	rec: typo (single row)	
8811c5bb24	mixte_typo	L4	N→nj @ gn [initial] | NOM:uf fs | gniouf	pending		1	0	gniouf:Nuf>njuf	rec: typo (single row)	
88f8f26866	mixte_typo	L4	E→e,j→∅ @ e,y [initial,medial] | pa:yer ind:imp:1p | essayer	pending		1	0	essayions:EsEjj§>esEj§	rec: typo (single row)	
8964d2c2f4	mixte_rule	L3	e→E @ é [medial] | réf:érer ind:fut:3s	pending		28	0	accélérera:akseleR°Ra>akselER°Ra;agglomérera:aglomeR°Ra>aglOmER°Ra;altérera:alteR°Ra>altER°Ra	rec: accept (precision 1.00)	
899c36f68d	mixte_typo	L4	∅→t @ n [medial] | NOM:ur ms | puncheur	pending		1	0	puncheur:p9nS9R>p9ntS9R	rec: typo (single row)	
8a309e8d76	template	-	-ir → fin:ir	pending		735	0	accalmir;agonir;amochir	rec:fin:ir	
8a91fb568e	mixte_typo	L4	s→∅ @ s [medial] | NOM:on fs | intussusception	pending		1	0	intussusception:5tyssysEpsj§>5tysysEpsj§	rec: typo (single row)	
8ae703c782	mixte_rule	L3	∅→R @ ou [medial] | cour:ir cnd:pre:1s	pending		3	0	accourrais:akuRE>akuRRE;courrais:kuRE>kuRRE;parcourrais:paRkuRE>paRkuRRE	rec(opus): accept: courir geminate RR	
8b5ade849d	mixte_rule	L3	e→E @ é [medial] | c:éder cnd:pre:3s	pending		7	0	accéderait:aksed°RE>aksEd°RE;concéderait:k§sed°RE>k§sEd°RE;céderait:sed°RE>sEd°RE	rec: accept (precision 1.00)	
8b96cc42d9	mixte_rule	L1	2→9 @ eu [medial]	pending		28	1500	beuglement:b2gl°m@>b9gl°m@;beuglements:b2gl°m@>b9gl°m@;bienheureuse:bj5n2R2z>bj5n9R2z°	rec: review (heterogeneous, precision 0.02; corrects its member rows only)	
8c464196df	mixte_typo	L4	∅→i,5→n @ sh,in [initial,medial] | NOM:te s | shintoïste	pending		1	0	shintoïste:S5toist>SintOist°	rec: typo (single row)	
8c5c218a7b	mixte_typo	L4	∅→n @ en [medial] | NOM:re ms | tomodensitomètre	pending		1	0	tomodensitomètre:tomod@sitOmEtR>tOmOd@nsitOmEtR°	rec: typo (single row)	
8c5ec07ecf	template	-	-tre → fou:tre	pending		35	0	refoutre	rec:fou:tre	
8d3a919306	mixte_typo	L4	k→∅ @ ch [final] | NOM:hs mp | almanach	pending		1	0	almanachs:almanak>almana	rec: typo (single row)	
8d9efbde5e	mixte_rule	L3	e→E @ é [medial] | abr:éger cnd:pre:3p	pending		3	0	assiégeraient:asjeZ°RE>asjEZ°RE;protégeraient:pRoteZ°RE>pROtEZ°RE;siégeraient:sjeZ°RE>sjEZ°RE	rec: accept (precision 1.00)	
8dae982b9c	mixte_typo	L4	i→j @ y [medial] | NOM:te fs | rhyolite	pending		1	0	rhyolite:Riolit>RjOlit°	rec: typo (single row)	
8e9b7373dc	mixte_typo	L4	l→∅ @ l [medial] | NOM:la fs | villa	pending		1	0	villa:villa>vila	rec: typo (single row)	
9000425906	mixte_rule	L1	R→∅ @ r [medial]	pending		14	21802	interrelations:5tERR°lasj§>5tER°lasj§;interrègne:5tERREN>5tEREN°;surréaliste:syRRealist>syRealist°	rec: review (heterogeneous, precision 0.00; corrects its member rows only)	
90cae078aa	mixte_rule	L1	2→° @ e [medial]	pending		99	0	agnelage:aN2laZ>aN°laZ°;agnelet:aN2lE>aN°lE;agneline:aN2lin>aN°lin°	rec(opus): accept: schwa written 2 where Mixte writes ° elsewhere (amenuiser, chanceler)	
910f9784fe	mixte_rule	L3	e→E @ é [medial] | abr:éger ind:fut:1s	pending		4	0	abrégerai:abReZ°Re>abREZ°Re;piégerai:pjeZ°Re>pjEZ°Re;protégerai:pRoteZ°Re>pROtEZ°Re	rec: accept (precision 1.00)	
91e732cb58	mixte_typo	L4	s→S @ sc [initial] | NOM:um ms | schproum	pending		1	0	schproum:spRum>SpRum	rec: typo (single row)	
92445f01fb	mixte_typo	L4	∅→j,i→u @ t,e [medial,medial] | NOM:rd ms | steward	pending		1	0	steward:stiwaRd>stjuwaRd	rec: typo (single row)	
924dba635f	mixte_typo	L4	∅→i @ r [medial] | ADJ:er ms | marbrier	pending		1	0	marbrier:maRbRje>maRbRije	rec: typo (single row)	
926fb8042f	mixte_typo	L4	9→y @ u [initial] | NOM:es mp | hurricane	pending		1	0	hurricanes:9Rikan>yRikan°	rec: typo (single row)	
930630ad89	mixte_typo	L4	∅→a,E→j @ k,ay [medial,final] | NOM:ay ms | tokay	pending		1	0	tokay:tokE>tOkaj	rec: typo (single row)	
93a539cc61	mixte_typo	L4	∅→i,5→n @ r,in [medial,medial] | NOM:ks mp | drink	pending		1	0	drinks:dR5k>dRink	rec: typo (single row)	
93c035cf00	mixte_typo	L4	i→∅,n→5 @ i,n [medial,final] | ADJ:in ms | équin	pending		1	0	équin:ekin>ek5	rec: typo (single row)	
93c2ad1946	mixte_typo	L4	t→s @ t [medial] | aim:er ind:pre:3s | différentier	pending		1	0	différentie:difeR@ti>difeR@si	rec(opus): accept: différentie [difeʁɑ̃si]	
9615f1cd6b	mixte_rule	L1	e→E @ a [medial]	pending		3	23	abbaye:abei>abEi°;abbayes:abei>abEi;milady:miledi>milEdi	rec: review (heterogeneous, precision 0.12; corrects its member rows only)	
96c039c36c	mixte_typo	L4	e→E @ ai [final] | aim:er ind:pas:1s | serrer	pending		1	0	serrai:sERe>sERE	rec: typo (single row)	
974654ed02	mixte_typo	L4	i→E @ ea [medial] | NOM:er ms | sweater	pending		1	0	sweater:swit9R>swEt9R	rec: typo (single row)	
9780bb318f	mixte_typo	L4	O→° @ o [medial] | aim:er par:pas:mp | comporter	pending		1	0	comportés:k§pORte>k§p°Rte	rec(opus): reject: the reference is wrong	
97ac421723	mixte_typo	L4	y→2 @ u [medial] | NOM:te s | clubiste	pending		1	0	clubiste:klybist>kl2bist°	rec: typo (single row)	
9879a1d931	mixte_typo	L4	k→∅,t→∅ @ c,t [medial,final] | ADJ:ct ms | exact	pending		1	0	exact:Egzakt>Egza	rec: typo (single row)	
9995c5f4fa	mixte_typo	L4	E→e,y→8 @ e,u [initial,medial] | aim:er imp:pre:2p | effectuer	pending		1	0	effectuez:EfEktye>efEkt8e	rec: typo (single row)	
99c2cc42f7	mixte_typo	L4	z→s,8→y @ s,u [medial,medial] | ADJ:ts mp | désuet	pending		1	0	désuets:dez8E>desyE	rec: typo (single row)	
99c8fe62ee	mixte_rule	L1	e→E @ aî [initial]	pending		8	0	aîné:ene>Ene;aîné:ene>Ene;aînée:ene>Ene	rec: accept (precision 1.00)	
99fd588cf2	mixte_typo	L4	n→G,9→E @ n,e [medial,medial] | NOM:er ms | springer	pending		1	0	springer:spRing9R>spRiGgER	rec: typo (single row)	
9a5d20a92a	mixte_typo	L4	i→j,e→E @ i,e [medial,medial] | ADJ:es fp | triennal	pending		1	0	triennales:tRienal>tRjEnal°	rec: typo (single row)	
9a6e8f3349	mixte_rule	L1	E→e @ ai [medial]	pending		119	871	affaiblie:afEbli>afebli;affaiblies:afEbli>afebli;assainie:asEni>aseni	rec: review (heterogeneous, precision 0.12; corrects its member rows only)	
9b07d6edfa	mixte_rule	L3	e→E @ é [medial] | abr:éger ind:fut:3s	pending		5	0	abrégera:abReZ°Ra>abREZ°Ra;allégera:aleZ°Ra>alEZ°Ra;assiégera:asjeZ°Ra>asjEZ°Ra	rec: accept (precision 1.00)	
9b22fcd182	synth_rule	-	homograph tag rows copied from the attested row of the same spelling	pending		2909	0		rec(opus): accept with param strict	
9bb899f723	mixte_rule	L1	w→u @ ou [initial]	pending		4	19	outlaw:awtlo>autlo;outlaws:awtlo>autlo;outsider:awtsajd9R>autsajd9R	rec: review (heterogeneous, precision 0.17; corrects its member rows only)	
9be5bcfc36	template	-	-mir → dor:mir	pending		42	0	redormir	rec:dor:mir	
9c0c982cb9	mixte_rule	L3	∅→R @ ou [medial] | cour:ir cnd:pre:3s	pending		6	0	accourrait:akuRE>akuRRE;concourrait:k§kuRE>k§kuRRE;courrait:kuRE>kuRRE	rec(opus): accept: courir geminate RR (see 367db75882)	
9c66b2c953	mixte_typo	L4	∅→s @ g [medial] | NOM:el ms | kriegspiel	pending		1	0	kriegspiel:kRikSpil>kRiksSpil	rec: typo (single row)	
9c6fd218ea	mixte_rule	L2	E→e @ e [initial] | pa:yer	pending		65	1	effraie:EfRE>efRE;effraient:EfRE>efRE;effraiera:EfRERa>efRERa	rec: accept (precision 0.98)	
9c9fe2103c	mixte_typo	L4	E→a @ e [medial] | NOM:es fp | rouennerie	pending		1	0	rouenneries:RwEn°Ri>Rwan°Ri	rec: typo (single row)	
9cb533637b	mixte_typo	L4	∅→O,§→n @ l,on [medial,final] | NOM:on m | epsilon	pending		1	0	epsilon:Epsil§>EpsilOn	rec: typo (single row)	
9cbe6cec16	mixte_typo	L4	k→∅ @ ch [final] | NOM:ch ms | almanach	pending		1	0	almanach:almanak>almana	rec: typo (single row)	
9cd94246b4	mixte_typo	L4	9→u @ u [medial] | NOM:rg ms | burg	pending		1	0	burg:b9Rg>buRg	rec: typo (single row)	
9cdc2f21f2	mixte_typo	L4	∅→i,5→n,s→∅ @ r,in,s [medial,medial,final] | NOM:os mp | gringo	pending		1	0	gringos:gR5gos>gRingo	rec: typo (single row)	
9d830a902d	mixte_typo	L4	9→2 @ u [medial] | aim:er par:pas:fs | bluffer	pending		1	0	bluffée:bl9fe>bl2fe	rec: typo (single row)	
9e49050f73	mixte_rule	L3	∅→R @ ou [medial] | cour:ir ind:fut:1s	pending		4	0	accourrai:akuRe>akuRRe;concourrai:k§kuRe>k§kuRRe;courrai:kuRe>kuRRe	rec(opus): accept: courir geminate RR	
9e6198dd8e	mixte_typo	L4	∅→t @ a [medial] | NOM:as mp | cattleya	pending		1	0	cattleyas:katlEja>kattlEja	rec: typo (single row)	
9fa46c0696	mixte_typo	L4	y→∅,n→1,9→E @ u,n,e [medial,medial,medial] | NOM:er ms | munster	pending		1	0	munster:mynst9R>m1stER	rec: typo (single row)	
9fc753fdb5	mixte_typo	L4	O→∅,n→§ @ o,n [medial,final] | NOM:on ms | boston	pending		1	0	boston:bOstOn>bOst§	rec: typo (single row)	
a187489c58	mixte_rule	L1	∅→ol,a→e @ c,a [initial,medial]	pending		3	1439	calla:kala>kolela;calle:kal>kolel;calles:kal>kolel	rec(opus): reject: the reference is wrong (caler/coller mixed up)	
a1a14c17d0	mixte_typo	L4	d→t,z→s @ t,z [medial,medial] | NOM:ls p | bretzel	pending		1	0	bretzels:bREdzEl>bREtsEl	rec: typo (single row)	
a253599fd0	mixte_rule	L1	∅→s @ s [final]	pending		13	7761	asclépias:asklepja>asklepjas;basileus:bazil2>bazil2s;catoblépas:katoblepa>katoblepas	rec: review (heterogeneous, precision 0.00; corrects its member rows only)	
a3270283d8	mixte_typo	L4	z→∅ @ z [final] | NOM:nz m | ranz	pending		1	0	ranz:R@z>R@	rec: typo (single row)	
a33ad76db7	mixte_typo	L4	@→a @ en [medial] | aim:er inf | renfermer	pending		1	0	renfermer:R@fERme>RafERme	rec(opus): reject: the reference is wrong	
a35c35a9f5	mixte_rule	L2	w→u @ ou [medial] | ADJ:ie	pending		3	0	réjouie:ReZwi>ReZui;épanouie:epanwi>epanui;évanouie:evanwi>evanui	rec: accept (precision 1.00)	
a3628b5409	mixte_typo	L4	∅→E,e→R @ b,er [medial,final] | NOM:er ms | aber	pending		1	0	aber:abe>abER	rec: typo (single row)	
a36db27e54	mixte_typo	L4	∅→l @ e [medial] | aim:er par:pas:fp | libeller	pending		1	0	libellées:libEle>libElle	rec(opus): reject: optional gemination	
a3797ee59e	mixte_typo	L4	y→u,°→E @ u,e [medial,medial] | NOM:ta fs | muleta	pending		1	0	muleta:myl°ta>mulEta	rec: typo (single row)	
a441c36240	mixte_rule	L3	∅→R @ ou [medial] | cour:ir cnd:pre:3p	pending		3	0	accourraient:akuRE>akuRRE;courraient:kuRE>kuRRE;parcourraient:paRkuRE>paRkuRRE	rec(opus): accept: courir geminate RR	
a5050c42dd	mixte_rule	L1	E→e,E→e @ e,e [medial,medial]	pending		18	4433	desseller:dEsEle>desele;dessellez:dEsEle>desele;dessellé:dEsEle>desele	rec: review (heterogeneous, precision 0.00; corrects its member rows only)	
a6030a5b78	mixte_typo	L4	∅→E,°→d @ r,e [initial,medial] | NOM:ou ms | rezzou	pending		1	0	rezzou:R°zu>REdzu	rec: typo (single row)	
a6dfa6153d	mixte_rule	L1	e→E @ ai [initial]	pending		40	0	aigri:egRi>EgRi;aigri:egRi>EgRi;aigrie:egRi>EgRi	rec: accept (precision 1.00)	
a701522dae	mixte_rule	L1	u→y @ u [medial]	pending		13	25	confiturière:k§fituRjER>k§fityRjER°;mufti:mufti>myfti;muftis:mufti>myfti	rec(opus): accept: quadrupler is [kwadʁyple]	
a82c3eb207	mixte_rule	L2	e→E @ ê [medial] | ADJ:ée	pending		3	0	crêpée:kRepe>kREpe;empêtrée:@petRe>@pEtRe;grêlée:gRele>gREle	rec: accept (precision 1.00)	
a8ad153ba6	mixte_typo	L4	E→a,v→f @ ei,v [medial,final] | NOM:iv ms | leitmotiv	pending		1	0	leitmotiv:lEjtmotiv>lajtmOtif	rec: typo (single row)	
a8f8f8e5df	mixte_typo	L4	t→∅,E→e,dZ→Z2,e→R @ ch,e,g,er [initial,medial,medial,final] | NOM:er ms | challenger	pending		1	0	challenger:tSalEndZe>SalenZ2R	rec: typo (single row)	
a9977dd487	mixte_typo	L4	∅→j @ o [medial] | v:oir ind:imp:2p | revoir	pending		1	0	revoyiez:R°vwaje>R°vwajje	rec: typo (single row)	
a9a9cd0cff	mixte_typo	L4	Ej→a @ a [medial] | NOM:ng ms | fading	pending		1	0	fading:fEjdiG>fadiG	rec: typo (single row)	
a9dcf49040	mixte_rule	L1	e→E @ é [medial]	pending		49	8861	afféterie:afet°Ri>afEt°Ri;afféteries:afet°Ri>afEt°Ri;décompression:dek§pREsj§>dEk§pREsj§	rec: review (heterogeneous, precision 0.01; corrects its member rows only)	
aa230d0bfa	mixte_typo	L4	∅→g @ u [medial] | aim:er ind:imp:3p | swinguer	pending		1	0	swinguaient:swiGE>swiGgE	rec(opus): reject: ŋ without g is the lexicon's convention	
aa7ef1bc5f	mixte_rule	L3	e→E @ é [medial] | réf:érer ind:fut:2s	pending		8	0	accéléreras:akseleR°Ra>akselER°Ra;considéreras:k§sideR°Ra>k§sidER°Ra;libéreras:libeR°Ra>libER°Ra	rec: accept (precision 1.00)	
aabb807878	mixte_typo	L4	R→∅ @ r [medial] | env:oyer ind:fut:3p | envoyer	pending		1	0	enverront:@vERR§>@vER§	rec(opus): reject: keep the geminate (like courir)	
aad6270be3	mixte_typo	L4	∅→j @ y [medial] | NOM:on ms | amphitryon	pending		1	0	amphitryon:@fitRi§>@fitRij§	rec: typo (single row)	
ab439b9801	mixte_rule	L1	∅→e,E→R @ qu,e [medial,medial]	pending		5	40	conquerra:k§kERa>k§keRRa;conquerrons:k§kER§>k§keRR§;enquerraient:@kERE>@keRRE	rec(opus): accept: geminate RR in the future of -quérir (conquerra), like courir	
ab9371fe85	mixte_rule	L1	2→∅ @ e [medial]	pending		9	0	agnela:aN2la>aNla;amenuise:am2n8iz>amn8iz;chancelions:S@s2lj§>S@slj§	rec(opus): reject: optional schwa (but see 90cae078aa: ours writes 2 for schwa here too)	
abc659bfa2	mixte_typo	L4	∅→f @ fs [final] | NOM:fs mp | serf	pending		1	0	serfs:sER>sERf	rec: typo (single row)	
acc4454e23	mixte_typo	L4	2→E @ e [initial] | NOM:ie fs | ectasie	pending		1	0	ectasie:2ktazi>Ektazi	rec: typo (single row)	
acdaeb40ea	mixte_typo	L4	n→G @ n [medial] | NOM:ns fp | leggins	pending		1	0	leggins:legins>legiGs	rec: typo (single row)	
ad821f2eb5	mixte_rule	L1	∅→p @ p [medial]	pending		3	59	prompte:pR§t>pR§pt°;promptes:pR§t>pR§pt°;prompteurs:pR§t9R>pR§pt9R	rec: review (heterogeneous, precision 0.05; corrects its member rows only)	
adf60dc8ac	mixte_typo	L4	y→8 @ u [initial] | aim:er ind:imp:3p | huer	pending		1	0	huaient:yE>8E	rec: typo (single row)	
ae26a1282b	mixte_typo	L4	∅→j @ a [medial] | NOM:ke ms | keepsake	pending		1	0	keepsake:kipsEk>kipsEjk°	rec: typo (single row)	
ae27a8f981	mixte_typo	L4	y→u @ u [medial] | aim:er inf | biturer	pending		1	0	biturer:bityRe>bituRe	rec(opus): reject: biturer is [bityʁe]	
ae52363b9e	mixte_typo	L4	∅→j @ ei [initial] | ADJ:ue fs | eidétique	pending		1	0	eidétique:Edetik>Ejdetik°	rec: typo (single row)	
af31872a92	mixte_typo	L4	y→9 @ u [medial] | aim:er imp:pre:1p | surfer	pending		1	0	surfons:syRf§>s9Rf§	rec(opus): accept: surfer [sœʁfe]	
af365b3c8e	mixte_typo	L4	t→∅,i→s @ t,i [medial,medial] | NOM:ms mp | consortium	pending		1	0	consortiums:k§sORtijOm>k§sORsjOm	rec: typo (single row)	
aff9b1b564	mixte_typo	L4	E→a,l→j @ ai,l [medial,final] | NOM:il fs | gail	pending		1	0	gail:gEl>gaj	rec: typo (single row)	
b06c542752	mixte_rule	L3	e→E @ é [medial] | c:éder cnd:pre:1s	pending		4	0	accéderais:aksed°RE>aksEd°RE;céderais:sed°RE>sEd°RE;posséderais:posed°RE>pOsEd°RE	rec: accept (precision 1.00)	
b093530fee	mixte_rule	L1	∅→g @ g [medial]	pending		3	15	amygdale:amidal>amigdal°;amygdales:amidal>amigdal°;amygdalite:amidalit>amigdalit°	rec: review (heterogeneous, precision 0.17; corrects its member rows only)	
b0f516900b	mixte_rule	L1	E→e @ é [initial]	pending		16	0	écheveau:ES°vo>eS°vo;écheveaux:ES°vo>eS°vo;échevin:ES°v5>eS°v5	rec: accept (precision 1.00)	
b0f57bdd4a	mixte_typo	L4	a→∅,n→∅,d→@ @ a,n,d [medial,medial,final] | NOM:nd ms | command	pending		1	0	command:komand>kOm@	rec: typo (single row)	
b1b88fa08a	mixte_rule	L3	e→E @ é [medial] | c:éder ind:fut:3p	pending		4	0	céderont:sed°R§>sEd°R§;posséderont:posed°R§>pOsEd°R§;procéderont:pRosed°R§>pROsEd°R§	rec: accept (precision 1.00)	
b1ea21ab16	mixte_typo	L4	∅→a,u→w @ r,ou [initial,medial] | NOM:ds mp | round	pending		1	0	rounds:Rund>Rawnd	rec: typo (single row)	
b2a3084269	mixte_typo	L4	z→∅ @ x [final] | NOM:ux m | râleux	pending		1	0	râleux:Ral2z>Ral2	rec: typo (single row)	
b343c8ecc6	mixte_typo	L4	j→∅ @ yi [final] | NOM:es fp | cécidomyie	pending		1	0	cécidomyies:sesidomij>sesidOmi	rec: typo (single row)	
b3e103eb39	mixte_typo	L4	i→∅,n→5 @ i,n [medial,final] | NOM:in ms | pitchpin	pending		1	0	pitchpin:pitSpin>pitSp5	rec: typo (single row)	
b3efd1782d	mixte_rule	L1	∅→8 @ gu [medial]	pending		3	572	argua:aRga>aRg8a;arguais:aRgE>aRg8E;arguait:aRgE>aRg8E	rec(opus): accept: arguer is traditionally [aʁɡɥe]; current Wiktionary also lists [aʁɡe] (your call; must match 64402d8bce)	
b3f8dd604a	mixte_typo	L4	∅→n @ en [medial] | NOM:ie fs | tomodensitométrie	pending		1	0	tomodensitométrie:tomod@sitOmEtRi>tOmOd@nsitOmEtRi	rec: typo (single row)	
b483dd4d49	template	-	-loir → va:loir	pending		37	0	revaloir	rec:va:loir	
b5a01b00e1	mixte_typo	L4	wa→Oj @ oi [medial] | NOM:il ms | gasoil	pending		1	0	gasoil:gazwal>gazOjl	rec: typo (single row)	
b5b5da7f6f	mixte_typo	L4	∅→a,@→m @ d,am [initial,final] | NOM:am ms | dam	pending		1	0	dam:d@>dam	rec: typo (single row)	
b5eb7c5ea5	mixte_typo	L4	∅→z @ es [final] | NOM:es mp | tommies	pending		1	0	tommies:tomi>tOmiz	rec: typo (single row)	
b6c6c5663e	mixte_typo	L4	∅→d @ j [initial] | NOM:ks mp | jack	pending		1	0	jacks:Zak>dZak	rec: typo (single row)	
b75926f034	mixte_typo	L4	9→e,g→Z @ oe,g [medial,medial] | NOM:ns mp | roentgen	pending		1	0	roentgens:R9ntgEn>RentZEn	rec: typo (single row)	
b880f95d91	mixte_typo	L4	aj→i,aj→in,n→° @ i,i,n [medial,medial,final] | NOM:es mp | pipeline	pending		1	0	pipelines:pajp°lajn>pip°lin°	rec: typo (single row)	
b8a1e119a2	mixte_typo	L4	∅→j @ ll [initial] | NOM:os mp | llano	pending		1	0	llanos:lanos>ljanos	rec: typo (single row)	
b8f546b7ad	mixte_rule	L1	∅→s @ s [medial]	pending		6	6	disjonctait:diZ§ktE>disZ§ktE;disjoncte:diZ§kt>disZ§kt;disjonctent:diZ§kt>disZ§kt	rec(opus): reject: [diʒɔ̃k] is the common pronunciation; both exist	
b8fae6f6f3	mixte_typo	L4	a→∅ @ a [medial] | NOM:ao ms | curaçao	pending		1	0	curaçao:kyRasao>kyRaso	rec: typo (single row)	
b961a29f6a	mixte_rule	L1	E→e @ aî [medial]	pending		19	215	entraînée:@tREne>@tRene;entraînées:@tREne>@tRene;entraînés:@tREne>@tRene	rec: review (heterogeneous, precision 0.08; corrects its member rows only)	
bb63caece8	mixte_typo	L4	@→5,8→y @ en,u [medial,medial] | ADJ:el ms | consensuel	pending		1	0	consensuel:k§s@s8El>k§s5syEl	rec: typo (single row)	
bbeb2d517f	mixte_rule	L1	E→e @ ei [medial]	pending		128	324	appareilla:apaREja>apaReja;appareillaient:apaREjE>apaRejE;appareillait:apaREjE>apaRejE	rec: review (heterogeneous, precision 0.28; corrects its member rows only)	
bc013cbcb2	mixte_typo	L4	∅→i,5→G,∅→E @ s,in,g [initial,medial,medial] | NOM:es mp | single	pending		1	0	singles:s5gl>siGgEl	rec: typo (single row)	
bca8746510	mixte_rule	L1	8→y @ u [medial]	pending		472	478	accentuation:aks@t8asj§>aks@tyasj§;accentuée:aks@t8e>aks@tye;accentuées:aks@t8e>aks@tye	rec: review (heterogeneous, precision 0.50; corrects its member rows only)	
bd8bc68cfc	mixte_typo	L4	E→e,e→E @ e,é [medial,medial] | s:écher cnd:pre:3s | dessécher	pending		1	0	dessécherait:dEseS°RE>desES°RE	rec: typo (single row)	
bdab23bd25	mixte_rule	L2	8→y @ u [medial] | ADJ:ls	pending		25	1	actuels:akt8El>aktyEl;annuels:an8El>anyEl;conceptuels:k§sEpt8El>k§sEptyEl	rec: accept (precision 0.96)	
bdd2b476e1	mixte_typo	L4	i→j,e→E @ i,e [medial,medial] | ADJ:le fs | triennal	pending		1	0	triennale:tRienal>tRjEnal°	rec: typo (single row)	
be009a93da	mixte_rule	L3	e→E @ é [medial] | c:éder cnd:pre:2p	pending		3	0	céderiez:sed°Rje>sEd°Rje;procéderiez:pRosed°Rje>pROsEd°Rje;succéderiez:syksed°Rje>syksEd°Rje	rec: accept (precision 1.00)	
be38fca065	mixte_typo	L4	w→O @ o [medial] | NOM:ne fs | foëne	pending		1	0	foëne:fwEn>fOEn°	rec: typo (single row)	
be5fc8ec38	mixte_rule	L1	g→∅,n→N @ g,n [medial,medial]	pending		3	264	cognition:kOgnisj§>kONisj§;prégnante:pRegn@t>pReN@t°;recognition:R°kOgnisj§>R°kONisj§	rec: review (heterogeneous, precision 0.01; corrects its member rows only)	
be88f8e7a8	mixte_typo	L4	5→i @ im [initial] | ADJ:le s | immarcescible	pending		1	0	immarcescible:5maRsEsibl>imaRsEsibl°	rec: typo (single row)	
bec5d43c42	mixte_rule	L1	S→k @ ch [medial]	pending		3	1617	branchiale:bR@Sjal>bR@kjal°;rhynchites:R5Sit>R5kit°;spirochète:spiROSEt>spiROkEt°	rec: review (heterogeneous, precision 0.00; corrects its member rows only)	
bf94b5a742	mixte_rule	L1	O→o @ au [medial]	pending		3	1	boyauter:bwajOte>bwajote;préchauffer:pReSOfe>pReSofe;sauri:sORi>soRi	rec: review (heterogeneous, precision 0.75; corrects its member rows only)	
bfc93189a7	mixte_rule	L1	9→∅,R→e @ e,r [medial,final]	pending		11	37	drifter:dRift9R>dRifte;führers:fyR9R>fyRe;lieder:lid9R>lide	rec: review (heterogeneous, precision 0.23; corrects its member rows only)	
bfff7f99fa	mixte_rule	L1	i→∅ @ i [medial]	pending		15	19117	axiomatisation:aksijomatizasj§>aksjOmatizasj§;cardiogramme:kaRdijogRam>kaRdjOgRam°;charrieurs:SaRij9R>SaRj9R	rec: review (heterogeneous, precision 0.00; corrects its member rows only)	
c0a156c6db	mixte_typo	L4	i→E @ ea [medial] | NOM:rs mp | sweater	pending		1	0	sweaters:swit9R>swEt9R	rec: typo (single row)	
c0d477ee4e	mixte_rule	L1	∅→i @ l [medial]	pending		4	11398	ganglionnaires:g@gljonER>g@glijOnER°;inoublié:inublje>inublije;inoubliées:inublje>inublije	rec: review (heterogeneous, precision 0.00; corrects its member rows only)	
c1e1db6c7b	mixte_rule	L1	s→t @ t [medial]	pending		19	2563	aléoutien:aleusj5>aleutj5;assertions:asERsj§>asERtj§;attributions:atRibysj§>atRibytj§	rec(opus): split: châtier [ʃatje] (accept); décatie is a ruling of 2026-10-08 (keep dekasi)	
c23013b995	mixte_typo	L4	∅→9,e→R @ pp,er [medial,final] | NOM:er ms | flipper	pending		1	0	flipper:flipe>flip9R	rec: typo (single row)	
c243d43dfb	mixte_typo	L4	°→E @ ai [medial] | aim:er par:pas:fs | faisander	pending		1	0	faisandée:f°z@de>fEz@de	rec(opus): reject: faisander [fəzɑ̃de] is standard	
c2ddc4f670	mixte_typo	L4	o→∅,a→O @ o,a [medial,medial] | aim:er inf | toaster	pending		1	0	toaster:toaste>tOste	rec(opus): accept: toaster [toste]	
c3226a9d7a	mixte_typo	L4	∅→R @ en [initial] | aim:er par:pas:mp | enrouer	pending		1	0	enroués:@Rwe>@RRwe	rec(opus): reject: the reference is wrong	
c34a3abb1d	mixte_rule	L3	e→E @ é [medial] | l:éguer ind:fut:3s	pending		3	0	alléguera:aleg°Ra>alEg°Ra;léguera:leg°Ra>lEg°Ra;reléguera:R°leg°Ra>R°lEg°Ra	rec: accept (precision 1.00)	
c39350bbe3	mixte_rule	L3	∅→j @ i [medial] | bat:tre cnd:pre:2p	pending		3	0	abattriez:abatRie>abatRije;battriez:batRie>batRije;combattriez:k§batRie>k§batRije	rec: accept (precision 1.00)	
c4ceb0c995	mixte_rule	L1	f→∅,i→p,g→l,y→i,R→k @ f,i,g,u,r [medial,medial,medial,medial,medial]	pending		3	32	reconfigurez:R°k§figyRe>R°k§plike;reconfiguré:R°k§figyRe>R°k§plike;reconfigurés:R°k§figyRe>R°k§plike	rec(opus): reject: the reference is wrong (reconfigurer, not répliquer)	
c4e595311c	mixte_rule	L1	n→∅,j→N @ n,i [medial,medial]	pending		3	1221	junior:ZynjOR>ZyNOR;junior:ZynjOR>ZyNOR;juniors:ZynjOR>ZyNOR	rec: review (heterogeneous, precision 0.00; corrects its member rows only)	
c4fa0cc180	mixte_typo	L4	∅→i @ qu [medial] | aim:er#ij par:pas:mp | déquiller	pending		1	0	déquillés:dekje>dekije	rec: typo (single row)	
c5dce8c958	mixte_rule	L1	9→2 @ eu [medial]	pending		4	2781	jeunesse:Z9nEs>Z2nEs°;jeunesses:Z9nEs>Z2nEs°;pleurésie:pl9Rezi>pl2Rezi	rec: review (heterogeneous, precision 0.00; corrects its member rows only)	
c5f587f949	mixte_rule	L2	e→E @ e [medial] | NOM:le	pending		4	0	cellule:selyl>sElyl°;peccadille:pekadij>pEkadij°;pedzouille:pedzuj>pEdzuj°	rec: accept (precision 1.00)	
c637235632	mixte_typo	L4	j→i @ ï [medial] | NOM:ga fs | taïga	pending		1	0	taïga:tajga>taiga	rec: typo (single row)	
c7fd805ad7	mixte_rule	L3	e→E @ é [medial] | abr:éger cnd:pre:3s	pending		5	0	abrégerait:abReZ°RE>abREZ°RE;allégerait:aleZ°RE>alEZ°RE;piégerait:pjeZ°RE>pjEZ°RE	rec: accept (precision 1.00)	
c8644c081a	mixte_typo	L4	k→g @ g [medial] | NOM:ne ms | tungstène	pending		1	0	tungstène:t1kstEn>t1gstEn°	rec: typo (single row)	
c86bc5543e	mixte_typo	L4	y→2,E→9 @ u,e [medial,medial] | NOM:er ms | cutter	pending		1	0	cutter:kytER>k2t9R	rec: typo (single row)	
c8afc56974	mixte_typo	L4	R→∅,i→9,s→R @ r,i,c [medial,medial,final] | ADJ:ce fs | amateur	pending		1	0	amatrice:amatRis>amat9R	rec: typo (single row)	
c97a934ed8	mixte_typo	L4	R→∅ @ rr [medial] | aim:er par:pas:fs | parrainer	pending		1	0	parrainée:paREne>paEne	rec(opus): reject: the reference is wrong	
c9b35e7d12	mixte_typo	L4	a→O @ a [medial] | NOM:rs mp | footballeur	pending		1	0	footballeurs:futbal9R>futbOl9R	rec: typo (single row)	
cb25a5e538	mixte_rule	L1	e→E @ ei [medial]	pending		36	0	baleinier:balenje>balEnje;baleinier:balenje>balEnje;baleiniers:balenje>balEnje	rec: accept (precision 1.00)	
cb30ab1bc0	mixte_typo	L4	e→∅ @ e [medial] | p:eler ind:imp:3s | celer	pending		1	0	celait:selE>slE	rec(opus): accept with param s°lE: celait has a schwa, not e	
cb725d736f	mixte_typo	L4	O→wa @ oi [initial] | oi:ndre imp:pre:1p | oindre	pending		1	0	oignons:ON§>waN§	rec(opus): accept: the verb oignons (oindre) is [waɲɔ̃]	
cbc63577b0	mixte_typo	L4	y→2 @ eu [medial] | ADJ:es fp | fielleux	pending		1	0	fielleuses:fjElyz>fjEl2z°	rec: typo (single row)	
cc0649d0e2	mixte_typo	L4	u→9,E→9 @ u,e [medial,medial] | NOM:rs mp | bunker	pending		1	0	bunkers:bunkER>b9nk9R	rec: typo (single row)	
ccb464ce00	mixte_typo	L4	d→∅ @ z [medial] | aim:er ind:imp:1s | razzier	pending		1	0	razziais:RadzjE>RazjE	rec(opus): reject: razzier, both exist	
cd521523ec	mixte_typo	L4	∅→t @ ch [initial] | NOM:tz m | chintz	pending		1	0	chintz:Sints>tSints	rec: typo (single row)	
cd7209ddff	mixte_typo	L4	d→∅ @ z [medial] | aim:er inf | razzier	pending		1	0	razzier:Radzje>Razje	rec(opus): reject: razzier, both exist	
cd95612099	mixte_typo	L4	9→E,j→i @ e,i [medial,medial] | NOM:ve ms | overdrive	pending		1	0	overdrive:Ov9RdRajv>OvERdRaiv°	rec: typo (single row)	
cda1b98da7	mixte_rule	L1	j→∅ @ a [medial]	pending		3	0	baby:bejbi>bebi;shaker:SEjk9R>SEk9R;skating:skEjtiG>skEtiG	rec: accept (precision 1.00)	
ce028bbf22	mixte_typo	L4	v→f @ v [medial] | NOM:es mp | sovkhoze	pending		1	0	sovkhozes:sOvkoz>sOfkoz°	rec: typo (single row)	
ce2273bd9f	mixte_typo	L4	E→∅,ks→∅,t→∅,a→∅,z→∅ @ e,x,t,a,s [initial,medial,medial,medial,medial] | aim:er inf | extasier	pending		1	0	extasier:Ekstazje>je	rec(opus): reject: the reference is wrong	
cecd5ff7a4	mixte_rule	L2	e→E,z→s @ e,s [medial,medial] | NOM:me	pending		3	0	despotisme:despotizm>dEspOtism°;sectarisme:sektaRizm>sEktaRism°;sexisme:seksizm>sEksism°	rec: accept (precision 1.00)	
cf354e3398	mixte_typo	L4	w→u @ ou [medial] | man:ger par:pas:mp | louanger	pending		1	0	louangés:lw@Ze>lu@Ze	rec: typo (single row)	
cf919f76b8	mixte_typo	L4	∅→g,N→n @ a,gn [initial,medial] | NOM:es mp | agnathe	pending		1	0	agnathes:aNat>agnat°	rec: typo (single row)	
cff037c756	mixte_typo	L4	w→v @ w [initial] | NOM:rs mp | welter	pending		1	0	welters:wEltER>vEltER	rec: typo (single row)	
d0a3965c40	template	-	-érer → réf:érer	pending		337	0	autogérer;colérer;désincarcérer	rec:réf:érer	
d0a46b0045	mixte_typo	L4	y→9 @ u [medial] | aim:er ind:imp:3s | surfer	pending		1	0	surfait:syRfE>s9RfE	rec(opus): accept: surfer [sœʁfe]	
d0b47b7955	mixte_rule	L2	E→e @ e [initial] | netto:yer#ij	pending		21	1	essuie:Es8i>es8i;essuient:Es8i>es8i;essuiera:Es8iRa>es8iRa	rec: accept (precision 0.95)	
d123429bec	mixte_typo	L4	p→∅ @ p [final] | NOM:mp ms | clamp	pending		1	0	clamp:kl@p>kl@	rec: typo (single row)	
d16b71e7e7	mixte_typo	L4	O→∅,s→o @ o,s [medial,final] | NOM:os m | bitos	pending		1	0	bitos:bitOs>bito	rec: typo (single row)	
d195791a8c	mixte_typo	L4	∅→f @ fs [final] | ADJ:fs mp | serf	pending		1	0	serfs:sER>sERf	rec: typo (single row)	
d1e6b5680e	mixte_typo	L4	9→y @ eu [medial] | NOM:es fp | gageure	pending		1	0	gageures:gaZ9R>gaZyR°	rec: typo (single row)	
d203982c6a	mixte_typo	L4	∅→t,∅→a,@→n @ ch,m,an [initial,medial,final] | NOM:an ms | chairman	pending		1	0	chairman:SERm@>tSERman	rec: typo (single row)	
d20f195937	mixte_typo	L4	ks→gz @ x [initial] | NOM:ès m | xérès	pending		1	0	xérès:kseREs>gzeREs	rec: typo (single row)	
d247741247	mixte_typo	L4	e→2 @ oe [initial] | ADJ:ne fs | oedipien	pending		1	0	oedipienne:edipjEn>2dipjEn°	rec: typo (single row)	
d24a746913	mixte_rule	L1	∅→O,§→n @ p,on [medial,medial]	pending		3	146	sponsor:sp§sOR>spOnsOR;sponsoring:sp§soRiG>spOnsORiG;sponsors:sp§sOR>spOnsOR	rec(opus): reject: [spɔ̃sɔ] is the usual French pronunciation	
d252e517d6	mixte_rule	L3	e→E @ é [medial] | décr:éter ind:fut:2s	pending		5	0	compléteras:k§plet°Ra>k§plEt°Ra;inquiéteras:5kjet°Ra>5kjEt°Ra;péteras:pet°Ra>pEt°Ra	rec: accept (precision 1.00)	
d30023e757	mixte_typo	L4	k→S @ ch [medial] | NOM:te fs | malachite	pending		1	0	malachite:malakit>malaSit°	rec: typo (single row)	
d36883a6bd	mixte_rule	L2	E→e @ é [medial] | t:enir	pending		6	0	détenir:dEt°niR>detniR;détenu:dEt°ny>det°ny;détenue:dEt°ny>det°ny	rec: accept (precision 1.00)	
d3ce2eafad	mixte_rule	L1	e→E @ ê [medial]	pending		3	21	empêtrées:@petRe>@pEtRe;entêtées:@tete>@tEte;prêtrise:pRetRiz>pREtRiz°	rec: review (heterogeneous, precision 0.12; corrects its member rows only)	
d457a8634f	mixte_typo	L4	°→E @ ai [medial] | NOM:de fs | baisade	pending		1	0	baisade:b°zad>bEzad°	rec: typo (single row)	
d48d25dc29	template	-	-égler → r:égler	pending		44	0	prérégler	rec:r:égler	
d4a96e6396	mixte_typo	L4	∅→i @ qu [medial] | aim:er#ij par:pas:ms | déquiller	pending		1	0	déquillé:dekje>dekije	rec: typo (single row)	
d4b63369f5	mixte_typo	L4	ks→z @ x [medial] | NOM:in ms | sixain	pending		1	0	sixain:siks5>siz5	rec: typo (single row)	
d566c909a1	mixte_typo	L4	j→∅,§→∅ @ i,ons [medial,final] | g:ésir ind:imp:1p | gésir	pending		1	0	gisions:Zizj§>Ziz	rec(opus): reject: the reference is wrong	
d6a49c7efa	mixte_typo	L4	t→∅ @ ch [medial] | NOM:os mp | poncho	pending		1	0	ponchos:p§tSo>p§So	rec: typo (single row)	
d6b25b5a07	mixte_typo	L4	z→s,8→y @ s,u [medial,medial] | ADJ:et ms | désuet	pending		1	0	désuet:dez8E>desyE	rec: typo (single row)	
d6caf70531	mixte_typo	L4	R→∅,z→s @ r,s [medial,medial] | NOM:me ms | surréalisme	pending		1	0	surréalisme:syRRealizm>syRealism°	rec: typo (single row)	
d7172bf523	mixte_typo	L4	∅→a,u→w @ t,ou [medial,medial] | NOM:ut ms | stout	pending		1	0	stout:stut>stawt	rec: typo (single row)	
d73716aca1	mixte_rule	L1	wa→O @ o [medial]	pending		3	260	boyard:bwajaR>bOjaR;boyards:bwajaR>bOjaR;cacaoyer:kakawaje>kakaOje	rec: review (heterogeneous, precision 0.01; corrects its member rows only)	
d7b4e92a3a	mixte_typo	L4	∅→m @ am [medial] | NOM:ba fs | samba	pending		1	0	samba:s@ba>s@mba	rec: typo (single row)	
d88cb26609	mixte_typo	L4	f→∅,i→p,g→l,y→i,R→k @ f,i,g,u,r [medial,medial,medial,medial,final] | untemplated ind:pre:1s | reconfigurer	pending		1	0	reconfigure:R°k§figyR>R°k§plik	rec(opus): reject: the reference is wrong	
d8ffec824e	mixte_rule	L1	E→O @ e [medial]	pending		3	4433	rackettez:RakEte>RakOte;rackettons:RakEt§>RakOt§;racketté:RakEte>RakOte	rec(opus): reject: the reference is wrong; racketter is [ʁakɛte]	
d93c6de595	mixte_typo	L4	e→E,e→°,5→@ @ e,e,en [medial,medial,medial] | NOM:um ms | referendum	pending		1	0	referendum:RefeR5dOm>REf°R@dOm	rec: typo (single row)	
d9a596b409	mixte_rule	L1	s→z @ s [medial]	pending		10	5720	biosynthétiques:bjos5tetik>bjOz5tetik°;carrousel:kaRusEl>kaRuzEl;carrousels:kaRusEl>kaRuzEl	rec: review (heterogeneous, precision 0.00; corrects its member rows only)	
da5686b9bf	mixte_typo	L4	∅→g @ gs [final] | NOM:gs m | prélegs	pending		1	0	prélegs:pRelE>pRelEg	rec: typo (single row)	
da58b073a0	mixte_typo	L4	Z→g,z→s @ g,s [medial,medial] | NOM:me ms | hégélianisme	pending		1	0	hégélianisme:eZeljanizm>egeljanism°	rec: typo (single row)	
da5a97b531	template	-	-eler → app:eler	pending		43	0	graveler	rec:app:eler	
dad6c3110b	mixte_typo	L4	∅→d @ ds [final] | NOM:ds mp | yard	pending		1	0	yards:jaR>jaRd	rec: typo (single row)	
daf0df423a	mixte_rule	L1	∅→n,G→g @ i,ng [medial,final]	pending		3	76	dispatching:dispatSiG>dispatSing;doping:dOpiG>dOping;dumping:d9mpiG>d9mping	rec: review (heterogeneous, precision 0.04; corrects its member rows only)	
db1ff2268c	mixte_typo	L4	∅→a,@→n @ m,an [medial,final] | NOM:an ms | bochiman	pending		1	0	bochiman:boSim@>bOSiman	rec: typo (single row)	
db49db5897	mixte_typo	L4	w→v @ w [initial] | NOM:ts mp | warrant	pending		1	0	warrants:waR@>vaR@	rec: typo (single row)	
db60d4a51e	mixte_typo	L4	O→u @ u [medial] | NOM:ts mp | kumquat	pending		1	0	kumquats:kOmkwat>kumkwat	rec: typo (single row)	
db6993ef5b	mixte_rule	L1	t→∅ @ t [final]	pending		11	4014	but:byt>by;exempts:Egz@t>Egz@;exempts:Egz@t>Egz@	rec: review (heterogeneous, precision 0.00; corrects its member rows only)	
dbebaa4736	template	-	-écher → s:écher	pending		42	0	décher	rec:s:écher	
dc1e59bd28	mixte_typo	L4	2→9 @ e [medial] | NOM:en ms | wintergreen	pending		1	0	wintergreen:wint2RgRin>wint9RgRin	rec: typo (single row)	
dc25bd3390	mixte_typo	L4	∅→i,5→n @ y,in [medial,final] | NOM:in ms | fedayin	pending		1	0	fedayin:fedaj5>fedajin	rec: typo (single row)	
dc7d0ed62f	mixte_rule	L1	°→2 @ e [medial]	pending		12	4573	billevesée:bil°v°ze>bil°v2ze;billevesées:bil°v°ze>bil°v2ze;guenille:g°nij>g2nij°	rec: review (heterogeneous, precision 0.00; corrects its member rows only)	
dcdf50238b	mixte_typo	L4	g→Z @ gg [medial] | NOM:ie ms | boggie	pending		1	0	boggie:bOgi>bOZi	rec: typo (single row)	
de6571a90f	mixte_rule	L3	e→E @ é [medial] | c:éder ind:fut:3s	pending		8	0	accédera:aksed°Ra>aksEd°Ra;cédera:sed°Ra>sEd°Ra;excédera:Eksed°Ra>EksEd°Ra	rec: accept (precision 1.00)	
de77d199ff	mixte_typo	L4	z→s,z→s @ s,s [medial,medial] | NOM:me ms | philosémitisme	pending		1	0	philosémitisme:filozemitizm>filOsemitism°	rec: typo (single row)	
dea2a24c01	mixte_typo	L4	aj→i,9→E @ i,e [medial,medial] | NOM:er ms | spider	pending		1	0	spider:spajd9R>spidER	rec: typo (single row)	
deeeeb3891	mixte_rule	L1	e→E,8→y @ e,u [medial,medial]	pending		42	1	asexuelle:aseks8El>asEksyEl°;asexué:aseks8e>asEksye;asexuée:aseks8e>asEksye	rec: accept (precision 0.98)	
dfcc0566c9	mixte_rule	L1	z→s @ s [medial]	pending		92	3177	américanismes:ameRikanizm>ameRikanism°;anachronismes:anakRonizm>anakROnism°;anglicismes:@glisizm>@glisism°	rec(opus): split: mixed (allusionner z is right; esbaudir s is right)	
e012fa1c6b	mixte_rule	L3	e→E @ é [medial] | c:éder ind:fut:1s	pending		6	0	accéderai:aksed°Re>aksEd°Re;céderai:sed°Re>sEd°Re;intercéderai:5tERsed°Re>5tERsEd°Re	rec: accept (precision 1.00)	
e02b448dc1	mixte_typo	L4	j→s,s→° @ a,c [initial,final] | NOM:ce ms | ace	pending		1	0	ace:Ejs>Es°	rec: typo (single row)	
e0642a5e0a	mixte_typo	L4	∅→l @ ls [final] | NOM:ls mp | sourcil	pending		1	0	sourcils:suRsi>suRsil	rec: typo (single row)	
e073c9d314	mixte_rule	L1	8→∅ @ u [medial]	pending		3	478	questeur:k8Est9R>kEst9R;quidam:k8idam>kidam;quinton:k85t§>k5t§	rec: review (heterogeneous, precision 0.01; corrects its member rows only)	
e0e7d2b770	mixte_rule	L2	e→E @ aî [medial] | aim:er	pending		8	0	maîtrise:metRiz>mEtRiz;maîtrisent:metRiz>mEtRiz;maîtriser:metRize>mEtRize	rec: accept (precision 1.00)	
e0fdda5059	mixte_rule	L1	∅→i @ r [initial]	pending		5	7640	riaient:RjE>RijE;riais:RjE>RijE;riait:RjE>RijE	rec: review (heterogeneous, precision 0.00; corrects its member rows only)	
e107919870	mixte_typo	L4	a→e @ a [medial] | NOM:ys mp | baby	pending		1	0	babys:babi>bebi	rec: typo (single row)	
e1110cfe6c	mixte_rule	L1	w→∅ @ qu [initial]	pending		12	24	quadriceps:kwadRisEps>kadRisEps;quadriennal:kwadRijEnal>kadRijEnal;quadrilatère:kwadRilatER>kadRilatER°	rec: review (heterogeneous, precision 0.33; corrects its member rows only)	
e15dfb43ce	mixte_typo	L4	d→t @ d [final] | NOM:ld ms | veld	pending		1	0	veld:vEld>vElt	rec: typo (single row)	
e15f66ff77	mixte_typo	L4	aj→i @ i [initial] | NOM:rg ms | iceberg	pending		1	0	iceberg:ajsbERg>isbERg	rec: typo (single row)	
e161ce5899	mixte_typo	L4	∅→k @ k [medial] | NOM:ks m | skunks	pending		1	0	skunks:sk§s>sk§ks	rec: typo (single row)	
e1cded21a8	mixte_rule	-	verb ij before a silent e unit (dévierait, sciera): the glide j is stray, ij -> i	accept		5	0	dévierait;sciera;recopierait	ruling 2026-10-09: systematic S1 rule src/mixterules.py dropStrayGlide; 5 rows, precision 1.00 against Wiktionary/GLAFF	2026-10-09
e22179076e	mixte_typo	L4	E→∅ @ e [medial] | aim:er imp:pre:2p | vaseliner	pending		1	0	vaselinez:vazEline>vazline	rec(opus): reject: optional schwa	
e23c2b0f53	mixte_rule	L2	z→s @ s [medial] | NOM:me	pending		369	10	absentéisme:aps@teizm>aps@teism°;absolutisme:apsolytizm>apsOlytism°;académisme:akademizm>akademism°	rec: accept (precision 0.97)	
e264d59ce7	mixte_typo	L4	i→j @ ï [final] | NOM:ïs mp | samouraï	pending		1	0	samouraïs:samuRai>samuRaj	rec: typo (single row)	
e28a4ce259	mixte_typo	L4	∅→n,G→g @ i,ng [medial,medial] | NOM:go ms | gringo	pending		1	0	gringo:gRiGo>gRingo	rec: typo (single row)	
e299ee7144	mixte_typo	L4	e→E @ ë [final] | NOM:oë ms | canoë	pending		1	0	canoë:kanoe>kanOE	rec: typo (single row)	
e2f7f87b49	mixte_typo	L4	∅→i @ r [medial] | NOM:rs mp | huîtrier	pending		1	0	huîtriers:8itRje>8itRije	rec: typo (single row)	
e34107aa1a	mixte_typo	L4	a→E @ a [initial] | NOM:le fs | ale	pending		1	0	ale:al>El°	rec: typo (single row)	
e36be22ef4	mixte_typo	L4	9→° @ e [medial] | pr:endre ind:pre:1p | entreprendre	pending		1	0	entreprenons:@tR°pR9n§>@tR°pR°n§	rec(opus): accept: schwa as ° (Mixte convention), not 9	
e3748c43d6	mixte_typo	L4	∅→g @ g [final] | NOM:ug ms | joug	pending		1	0	joug:Zu>Zug	rec: typo (single row)	
e38c48f1b5	mixte_typo	L4	O→o @ o [initial] | NOM:os m | os	pending		1	0	os:Os>os	rec: typo (single row)	
e3b8767b5d	mixte_typo	L4	d→s @ d [medial] | fin:ir par:pas:fs | dégourdir	pending		1	0	dégourdie:deguRdi>deguRsi	rec(opus): reject: the reference is wrong	
e3e2ed7746	mixte_rule	-	verb glides opening the next syllable: ij -> i|j, doubled j|j after y and ill, repeat unit =	accept		0	0	criions;accablions;essuyions;brillions	ruling 2026-10-09: systematic S1 rule src/mixterules.py splitGlides (A/B/C/E/F); single glide i|j, doubled j|j after y/ill, repeat unit = ; 481 verb rows in the prototype	2026-10-09
e5384efb5a	mixte_typo	L4	∅→E,a→d @ tt,a [medial,medial] | NOM:es mp | cottage	pending		1	0	cottages:kotaZ>kOtEdZ	rec: typo (single row)	
e558513c10	mixte_typo	L4	9→2 @ u [medial] | aim:er par:pas:mp | bluffer	pending		1	0	bluffés:bl9fe>bl2fe	rec: typo (single row)	
e5fe1ba61b	mixte_typo	L4	wa→Oj,j→° @ oi,ll [initial,final] | NOM:le fs | oille	pending		1	0	oille:waj>Oj°	rec: typo (single row)	
e65a86bdb3	mixte_rule	L1	E→e @ é [medial]	pending		7	8	assiérai:asjERe>asjeRe;décevoir:dEs°vwaR>des°vwaR;déjeté:dEZ°te>deZ°te	rec: review (heterogeneous, precision 0.47; corrects its member rows only)	
e68fc84197	mixte_typo	L4	∅→E,°→d @ r,e [initial,medial] | NOM:us mp | rezzou	pending		1	0	rezzous:R°zu>REdzu	rec: typo (single row)	
e6b0169caf	template	-	-aire → f:aire	pending		7	0	refaire	rec:f:aire	
e7437e1b28	mixte_rule	L1	e→E @ ai [medial]	pending		84	4	affaiblissant:afeblis@>afEblis@;affaiblissement:afeblis°m@>afEblis°m@;affairiste:afeRist>afERist°	rec: accept (precision 0.95)	
e819b48501	mixte_typo	L4	e→° @ e [final] | NOM:te ms | farniente	pending		1	0	farniente:faRnjEnte>faRnjEnt°	rec: typo (single row)	
e84f5e2e23	mixte_typo	L4	E→9,∅→a,i→j @ e,d,i [medial,medial,medial] | NOM:ng ms | merchandising	pending		1	0	merchandising:mERtS@diziG>m9RtS@dajziG	rec: typo (single row)	
e87bf86bad	mixte_typo	L4	R→∅ @ j [medial] | NOM:na fs | marijuana	pending		1	0	marijuana:maRiRwana>maRiwana	rec: typo (single row)	
e8bbe62d0f	mixte_rule	L1	∅→E @ r [medial]	pending		6	27635	engraisse:@gREs>@gREEs;engraissent:@gREs>@gREEs;engraisseraient:@gREs°RE>@gREEs°RE	rec(opus): reject: the reference is wrong	
e8d573bf1b	mixte_rule	L1	o→∅,g→O,n→N @ o,g,n [medial,medial,medial]	pending		4	114	cognitif:kognitif>kONitif;cognitifs:kognitif>kONitif;cognitive:kognitiv>kONitiv°	rec: review (heterogeneous, precision 0.03; corrects its member rows only)	
e8fa224fbb	mixte_rule	L1	∅→t @ ts [final]	pending		6	2256	diktats:dikta>diktat;frets:fRE>fREt;lifts:lif>lift	rec: review (heterogeneous, precision 0.00; corrects its member rows only)	
e992e4e2e8	template	-	-er → aim:er	pending		23615	0	aboutonner;abracadabrer;absinther	rec:aim:er	
ea4c92752b	mixte_rule	L3	e→E @ é [medial] | réf:érer ind:fut:1s	pending		15	0	considérerai:k§sideR°Re>k§sidER°Re;coopérerai:koopeR°Re>kOOpER°Re;espérerai:EspeR°Re>EspER°Re	rec: accept (precision 1.00)	
ea7e96d630	mixte_typo	L4	a→o @ a [medial] | untemplated inf | caller	pending		1	0	caller:kale>kole	rec(opus): reject: the verb caller is [kale]	
eada9b5f8d	mixte_typo	L4	j→∅ @ y [medial] | NOM:és fp | joyeuseté	pending		1	0	joyeusetés:Zwaj2z°te>Zwa2z°te	rec: typo (single row)	
eb11976788	mixte_typo	L4	∅→E,e→R @ s,er [initial,final] | ser:vir imp:pre:2s | servir	pending		1	0	sers:se>sER	rec(opus): accept: sers is [sɛʁ]; Mixte's [se] is wrong	
ebb6b547db	mixte_typo	L4	O→o @ aw [medial] | NOM:wk ms | tomahawk	pending		1	0	tomahawk:tomaOk>tOmaok	rec: typo (single row)	
ec1e546e24	mixte_typo	L4	s→S @ s [medial] | NOM:rm ms | landsturm	pending		1	0	landsturm:l@dstuRm>l@dStuRm	rec: typo (single row)	
ec442d017a	mixte_typo	L4	∅→i,5→n @ sh,in [initial,medial] | ADJ:te ms | shintoïste	pending		1	0	shintoïste:S5toist>SintOist°	rec: typo (single row)	
ecd796519a	mixte_typo	L4	∅→E,@→n @ p,en [medial,medial] | NOM:ck ms | alpenstock	pending		1	0	alpenstock:alp@stOk>alpEnstOk	rec: typo (single row)	
ed00efeff5	mixte_typo	L4	E→e,j→∅ @ e,y [initial,medial] | pa:yer ind:imp:2p | essayer	pending		1	0	essayiez:EsEjje>esEje	rec: typo (single row)	
ed66580e4b	mixte_rule	L1	y→8 @ u [medial]	pending		6	6271	affluence:afly@s>afl8@s°;affluentes:afly@t>afl8@t°;affluents:afly@>afl8@	rec: review (heterogeneous, precision 0.00; corrects its member rows only)	
edc26cb4b2	mixte_rule	L1	a→∅,n→@ @ a,n [medial,final]	pending		13	589	kan:kan>k@;khan:kan>k@;khans:kan>k@	rec: review (heterogeneous, precision 0.02; corrects its member rows only)	
edea64c331	template	-	-ger → man:ger	pending		374	0	esclavager;intelliger;interchanger	rec:man:ger	
edff69dab1	mixte_rule	L1	E→e @ e [initial]	pending		195	1179	efface:Efas>efas;effacent:Efas>efas;effacer:Efase>efase	rec: review (heterogeneous, precision 0.14; corrects its member rows only)	
ee1bb6f667	mixte_typo	L4	j→∅,E→i @ i,e [medial,medial] | NOM:er ms | pier	pending		1	0	pier:pjER>piR	rec: typo (single row)	
ee4d02e353	mixte_rule	L1	e→E @ e [medial]	pending		324	287	acellulaire:aselylER>asElylER°;adolescence:adoles@s>adOlEs@s°;adolescences:adoles@s>adOlEs@s°	rec: review (heterogeneous, precision 0.53; corrects its member rows only)	
ee9571f3ae	mixte_typo	L4	wa→O @ o [initial] | o:uïr imp:pre:2p | ouïr	pending		1	0	oyez:waje>Oje	rec(opus): reject: oyez is [waje]	
eed341aab9	mixte_typo	L4	l→j @ ll [final] | aim:er#ij ind:pre:2s | habiller	pending		1	0	habilles:abil>abij	rec(opus): accept: habilles [abij]	
efd1db6c7d	mixte_typo	L4	∅→a,u→w @ m,ou [initial,medial] | NOM:nd ms | mound	pending		1	0	mound:mund>mawnd	rec: typo (single row)	
f0b862f8ce	mixte_typo	L4	∅→O,§→n @ x,on [medial,final] | NOM:on ms | klaxon	pending		1	0	klaxon:klaks§>klaksOn	rec: typo (single row)	
f146aa5a02	mixte_rule	L1	9→E @ e [medial]	pending		22	45	ber:b9R>bER;bitters:bit9R>bitER;canter:k@t9R>k@tER	rec: review (heterogeneous, precision 0.33; corrects its member rows only)	
f146c55b23	mixte_typo	L4	e→E @ ë [final] | NOM:ës mp | canoë	pending		1	0	canoës:kanoe>kanOE	rec: typo (single row)	
f1d8575d91	mixte_rule	L1	E→∅,R→e @ e,r [medial,final]	pending		9	663	frater:fRatER>fRate;gaster:gastER>gaste;maser:mazER>maze	rec: review (heterogeneous, precision 0.01; corrects its member rows only)	
f1debfb2b4	mixte_rule	L3	e→E @ é [medial] | décr:éter ind:fut:3s	pending		8	0	complétera:k§plet°Ra>k§plEt°Ra;décrétera:dekRet°Ra>dekREt°Ra;inquiétera:5kjet°Ra>5kjEt°Ra	rec: accept (precision 1.00)	
f1e7cb8822	mixte_typo	L4	∅→9,a→E @ i,a [medial,medial] | ADJ:le ms | fashionable	pending		1	0	fashionable:faSonabl>faS9OnEbl°	rec: typo (single row)	
f1fad2bb83	mixte_typo	L4	∅→S,k→° @ r,ch [medial,final] | NOM:es mp | patriarche	pending		1	0	patriarches:patRijaRk>patRijaRS°	rec: typo (single row)	
f27fad0836	mixte_typo	L4	∅→a,o→w @ c,au [initial,medial] | NOM:lo ms | caudillo	pending		1	0	caudillo:kodijo>kawdijo	rec: typo (single row)	
f3b143720e	mixte_typo	L4	∅→f @ f [final] | NOM:rf ms | serf	pending		1	0	serf:sER>sERf	rec: typo (single row)	
f41fb9fbea	mixte_typo	L4	∅→i @ d [medial] | untemplated ind:imp:3p | dardillonner	pending		1	0	dardillonnaient:daRdjonE>daRdijOnE	rec: typo (single row)	
f443066994	mixte_rule	L3	e→E @ é [medial] | décr:éter cnd:pre:1s	pending		4	0	décréterais:dekRet°RE>dekREt°RE;inquiéterais:5kjet°RE>5kjEt°RE;péterais:pet°RE>pEt°RE	rec: accept (precision 1.00)	
f465cbafd5	mixte_typo	L4	∅→i @ d [medial] | untemplated ind:pre:3s | dardillonner	pending		1	0	dardillonne:daRdjOn>daRdijOn	rec: typo (single row)	
f50377cb2c	mixte_typo	L4	∅→8 @ qu [initial] | NOM:le ms | quiscale	pending		1	0	quiscale:kiskal>k8iskal°	rec: typo (single row)	
f5c482fce7	mixte_typo	L4	g→Z @ gg [medial] | NOM:es mp | boggie	pending		1	0	boggies:bOgi>bOZi	rec: typo (single row)	
f627e9c086	mixte_typo	L4	∅→w,O→a @ c,o [medial,medial] | NOM:es fp | encoignure	pending		1	0	encoignures:@kONyR>@kwaNyR°	rec: typo (single row)	
f62fe431c4	mixte_rule	L3	e→E @ é [medial] | réf:érer cnd:pre:2p	pending		4	0	considéreriez:k§sideR°Rje>k§sidER°Rje;coopéreriez:koopeR°Rje>kOOpER°Rje;géreriez:ZeR°Rje>ZER°Rje	rec: accept (precision 1.00)	
f664d01ed2	mixte_typo	L4	∅→t,y→u,°→e @ ch,u,e [initial,medial,medial] | ADJ:ue s | churrigueresque	pending		1	0	churrigueresque:SyRig°REsk>tSuRigeREsk°	rec: typo (single row)	
f6e71083a9	mixte_rule	L3	e→E @ é [medial] | décr:éter cnd:pre:3s	pending		7	0	compléterait:k§plet°RE>k§plEt°RE;décréterait:dekRet°RE>dekREt°RE;inquiéterait:5kjet°RE>5kjEt°RE	rec: accept (precision 1.00)	
f79b5fceb0	mixte_typo	L4	∅→d @ d [final] | NOM:rd ms | yard	pending		1	0	yard:jaR>jaRd	rec: typo (single row)	
f828d1da74	mixte_typo	L4	o→§ @ o [medial] | untemplated ind:pre:3s | surconsommer	pending		1	0	surconsomme:syRkosOm>syRk§sOm	rec(opus): accept: surconsomme [syʁkɔ̃sɔm]	
f84d79926a	mixte_typo	L4	b→∅ @ b [final] | NOM:bs mp | coulomb	pending		1	0	coulombs:kul§b>kul§	rec: typo (single row)	
f8ef7b57ab	template	-	-vir → ser:vir	pending		44	0	reservir	rec:ser:vir	
f9ef807069	mixte_typo	L4	∅→8 @ gu [medial] | ADJ:es fp | inguinal	pending		1	0	inguinales:5ginal>5g8inal°	rec: typo (single row)	
f9f81b950d	synth_rule	-	future and conditional of -ier/-uer/-ouer verbs: the glide before the schwa of the ending becomes its vowel	accept		2592	0	affiliera;accentuera;allouera	user 2026-10-09: treat the -ier/-uer/-ouer future stem as its own ending; dry run: bar-accepted slots 84,713 -> 87,305, rejected 4,603 -> 2,011	2026-10-09
fa45b2e27e	mixte_typo	L4	E→∅,n→@,dZ→Z° @ e,n,g [medial,medial,final] | NOM:es mp | challenge	pending		1	0	challenges:SalEndZ>Sal@Z°	rec: typo (single row)	
fa87daba40	mixte_typo	L4	O→∅,O→u @ o,o [medial,medial] | untemplated inf | rebooter	pending		1	0	rebooter:R°bOOte>R°bute	rec(opus): accept: rebooter [ʁəbute]	
fb114cc081	mixte_typo	L4	∅→w @ qu [initial] | NOM:ar ms | quasar	pending		1	0	quasar:kazaR>kwazaR	rec: typo (single row)	
fb2f23946d	mixte_typo	L4	p→f @ p [medial] | ADJ:es fp | westphalien	pending		1	0	westphaliennes:vEstpaljEn>vEstfaljEn°	rec: typo (single row)	
fbc0c493fb	mixte_typo	L4	∅→8 @ qu [medial] | ADJ:re fs | aquifère	pending		1	0	aquifère:akifER>ak8ifER°	rec: typo (single row)	
fc863dfa25	mixte_typo	L4	gz→ks @ x [initial] | NOM:ne ms | xylophone	pending		1	0	xylophone:gzilofOn>ksilOfOn°	rec: typo (single row)	
fc8dbaf7cd	mixte_typo	L4	O→° @ o [medial] | aim:er par:pas:fs | comporter	pending		1	0	comportée:k§pORte>k§p°Rte	rec(opus): reject: the reference is wrong	
fd2543826d	mixte_typo	L4	Z→j,9→u,n→G @ j,u,n [initial,medial,medial] | NOM:er ms | junker	pending		1	0	junker:Z9nkER>juGkER	rec: typo (single row)	
fdc7a8e49b	mixte_rule	L2	∅→j @ i [medial] | crai:ndre	pending		10	0	astreignions:astREN§>astRENj§;atteignions:atEN§>atENj§;craignions:kREN§>kRENj§	rec: accept (precision 1.00)	
fe147d893b	mixte_rule	L1	∅→i @ f [initial]	pending		3	2266	fiancée:fj@se>fij@se;fiancées:fj@se>fij@se;fiancés:fj@se>fij@se	rec: review (heterogeneous, precision 0.00; corrects its member rows only)	
fe2b86fcc9	mixte_typo	L4	t→∅ @ ch [medial] | NOM:ho ms | poncho	pending		1	0	poncho:p§tSo>p§So	rec: typo (single row)	
ff2a5a0d68	mixte_typo	L4	O→9 @ u [medial] | NOM:ub ms | scrub	pending		1	0	scrub:skROb>skR9b	rec: typo (single row)	
