lemme	position	ortho_unit	vowel
agresseur	3	e	E
agressif	3	e	E
agression	3	e	E
aguerrir	2	e	E
alloc	2	o	O
amerrir	2	e	E
anabolisant	4	o	O
antidépresseur	7	e	E
antiproton	5	o	O
antipsychotique	7	o	O
appoggiature	2	o	O
aquarelliste	4	e	E
assujetti	4	e	E
assujettir	4	e	E
atterrir	2	e	E
audition	0	au	o
autocollant	4	o	O
autographier	2	o	o
autonettoyant	4	e	E
becquet	1	e	E
bibliographique	5	o	O
bidonnant	3	o	O
boggie	1	o	O
bolivien	1	o	O
bonnette	1	o	O
brioché	3	o	O
cancérologue	5	o	O
cannelloni	3	e	E
caressant	3	e	E
choline	1	o	O
citronné	4	o	O
cloner	2	o	o
cochléaire	1	o	O
cochonnée	3	o	O
collection	1	o	O
comite	1	o	O
condescendant	3	e	E
convalescent	5	e	E
coronarien	3	o	O
cosmologique	6	o	O
costal	1	o	O
cressonnière	2	e	E
cérémoniel	5	o	O
diaporama	4	o	o
dilettante	3	e	E
dilettantisme	3	e	E
diplômer	4	ô	o
dipsomane	4	o	O
directionnel	7	o	O
dolent	1	o	O
dopant	1	o	O
décapoté	5	o	O
décennal	3	e	E
déflationniste	7	o	O
démoralisateur	3	o	O
dépayser	3	a	e
dépressif	4	e	E
détection	3	e	E
effervescence	5	e	E
effervescent	5	e	E
empierré	3	e	E
endommagement	2	o	O
erratum	0	e	E
essaim	0	e	E
esseuler	0	e	E
esseulé	0	e	E
essuyage	0	e	E
excellence	3	e	E
excellent	0	e	E
excellent	3	e	E
exceller	0	e	E
excepter	0	e	E
exception	0	e	E
excrétion	0	e	E
exemption	0	e	E
expression	4	e	E
expédient	0	e	e
expédier	0	e	E
extrascolaire	7	o	O
exécuter	0	e	E
exécution	0	e	E
fessier	1	e	E
flagellation	4	e	E
flemmard	2	e	E
folichon	1	o	O
formation	1	o	O
fractionné	6	o	O
fridolin	4	o	O
gouvernorat	6	o	O
graphomane	4	o	o
hypnagogique	6	o	O
impressionniste	3	e	E
incandescence	4	e	E
incommodant	4	o	O
ineffable	2	e	E
ineffaçable	2	e	E
inintelligent	4	e	E
innommé	2	o	O
innovateur	2	o	O
insolent	2	o	O
insolvable	2	o	O
interception	5	e	E
interjection	5	e	E
interlocutoire	5	o	O
interventionniste	8	o	O
introspection	6	e	E
intéresser	4	e	E
javelliser	3	e	E
joliet	1	o	O
laryngoscope	5	o	O
lego	1	e	e
lessiveur	1	e	E
libellule	3	e	E
locuteur	1	o	O
lorette	1	o	O
lyophilisé	2	o	O
maniacodépressif	11	e	E
maquettiste	3	e	E
mitochondrie	3	o	o
monnayeur	1	o	O
morave	1	o	o
motivant	1	o	O
nanomètre	3	o	O
nobliau	1	o	O
notarial	1	o	O
notion	1	o	O
occipital	0	o	O
occultiste	0	o	O
oculus	0	o	O
offrant	0	o	O
ophidien	0	o	O
opiat	0	o	O
oppositionnel	0	o	O
oppositionnel	7	o	O
oppresser	3	e	E
option	0	o	O
orthogonal	3	o	O
orthoptère	3	o	O
ovoïdal	2	o	O
papilionacé	6	o	O
parabellum	5	e	E
paresseux	3	e	E
parodontal	3	o	O
pessimiste	1	e	E
philosophal	5	o	O
pierreux	2	e	E
pierrot	2	e	E
plutonien	4	o	O
polarisant	1	o	O
polder	1	o	O
polluant	1	o	O
polytechnicien	1	o	O
portion	1	o	O
pressuriser	2	e	E
pressurisé	2	e	E
pressé	2	e	E
processeur	4	e	E
professeur	2	o	O
prospection	2	o	O
préprogrammé	5	o	O
préélectoral	8	o	O
péritonéal	5	o	O
quintessencié	3	e	E
racketter	3	e	E
radiologique	6	o	O
radioscopique	7	o	O
reproductif	4	o	O
romancé	1	o	O
rototo	3	o	o
rédactionnel	7	o	O
régresser	4	e	E
servomoteur	6	o	O
sismologue	4	o	O
socialo	1	o	O
somalien	1	o	O
somnolent	4	o	O
surdimensionné	9	o	O
surdéveloppé	8	o	O
surimpression	6	e	E
sécessionniste	6	o	O
tabloïd	4	o	O
touareg	4	e	E
transitionnel	7	o	O
transocéanique	4	o	O
troglodytique	5	o	O
trompettiste	4	e	E
turbocompresseur	9	e	E
téléphoné	5	o	O
unidimensionnel	9	o	O
valorisant	3	o	O
violent	2	o	O
zoreille	1	o	O
éducationnel	7	o	O
étiologique	5	o	O
