rank	position	root	forms	keys	rtfcre	sharedWith	score	strokeFreqSaved	keySimilarity	wordExceptions	exceptionFreq	topExceptions	carriers	lemmas	examples
1	suffix	ment	ment(k=1) | ·[be|ble|bre|ca|che|chi|cie|claffe|cle|cre|cré|cu|cé|de|di|die|dre|du|dé|dû|ffle|ffre|fie|fle|ge|gi|gle|gne|gre|gré|gu|gue|ille|le|li|lle|lu|lé|lû|ma|me|mmé|mé|ne|ni|nie|nne|nné|noie|nu|nue|né|nû|pe|pie|ple|pli|ppe|pre|que|ra|re|rre|rré|ré|se|ssuie|ssé|sé|ta|te|tie|tre|trie|tru|tte|té|ve|voue|vre|vé|xcré|xe|xtre|é]-{s°,ti}ment(k=2) | ·[a|ba|bla|bra|bâ|ca|cca|cha|cia|da|dia|droi|ga|geoi|gna|gra|la|loi|lâ|ma|mma|na|nia|niâ|nna|noi|noî|pa|pha|pla|qua|quoi|ra|ria|roi|rra|sa|soi|ssa|ssoi|ta|tia|toi|tra|tta|va|via|xa|za|ça]blement(k=3) | ·[ai|bai|chai|chaî|chè|ciè|crè|cè|dai|diai|die|dre|dè|e|fai|fè|gai|gè|ille|lai|lei|liè|llè|lè|mai|miè|mmai|mè|mê|nai|niai|niè|nnai|nnê|plai|plè|prê|què|rai|re|rrai|rè|sai|scè|sei|siè|ssai|ssiè|strai|sè|tai|te|tè|vai|ve|vei|vè|vé|vê|xiè|xtrê|è]-{tR,tj}tement(k=3)	(20, 25)	-tm		8176.3	8226.6	0.39	2	0.2	richement,blèsement	2292	1775	seulement tellement exactement sûrement complètement doucement
2	suffix	·°ment	·°ment(k=2) | ·[ai|bai|chai|chaî|chè|cie|ciè|crè|cè|dai|diai|die|dre|dè|e|fai|fè|gai|gè|ille|lai|lei|liè|llè|lè|mai|me|miè|mmai|mè|mê|nai|ne|niai|niè|nnai|nne|nnê|plai|plè|prê|què|rai|re|rei|rie|rrai|rè|sai|scè|se|sei|siè|ssai|ssiè|strai|sè|tai|te|tie|tè|vai|ve|vei|vè|vé|vê|xiè|xtrê|è]-{tR,tj}tement(k=3) | ·[a|ba|bla|bra|bâ|ca|cca|cha|cia|da|dia|droi|ga|geoi|gna|gra|la|loi|lâ|ma|mma|na|nia|niâ|nna|noi|noî|pa|pha|pla|qua|quoi|ra|ria|roi|rra|sa|soi|ssa|ssoi|ta|tia|toi|tra|tta|va|via|xa|za|ça]blement(k=3) | ·[bi|bli|bri|chi|ci|cri|di|dri|fi|gi|gri|gui|i|illi|li|lli|mi|ni|nni|noui|ny|phi|pi|pli|qui|ri|rri|sci|si|ssi|thi|ti|tri|tti|vi|vri|xi|y|ï]lement(k=3)	(19, 20)	-dt		6880.9	7040.5	0.06	33	119.5	simplement,renseignements,renseignement,hautement,classement,remplacement,ravissement,rendement,rangement,claquement	2275	1830	seulement exactement complètement doucement simplement appartement
3	prefix	re	re(k=1) | re[char|gar|mar|par|tar]·(k=2) | re[bro|chau|co|do|fau|lo|mo|no|po|pro|vau|vo]·(k=2) | re[bou|cou|dou|fou|grou|joue|loo|loue|mou|nou|pou|tou|trou|vou]·(k=2)	(19,)	-d		5902.7	6151.0	0.00	176	218.3	regardes,rejoindre,reprendre,regardent,record,repousse,recours,revendre,records,repaire	4681	488	revoir regardez reviens regarder retour retard
4	suffix	tion	tion(k=1) | ·[a|ba|bra|ca|cia|cra|da|dia|fla|ga|gna|gra|la|lia|lla|ma|mma|na|pa|pla|qua|ra|ria|rra|sa|sla|ssa|ta|tia|tra|tta|va|via|xa|xpia]tion(k=2) | ·[sten|ten|tten|ven]tion(k=2) | ·[bi|ci|ddi|di|gni|li|mi|ni|ri|si|sti|ti|tri]tion(k=2)	(19, 20, 22)	-dtn		4465.1	4495.1	0.07	0	0.0		1360	813	attention attention situation solution position opération
5	prefix	de	de(k=1) | de[ba|man|ve|vi|vien|vri]·(k=2)	(17, 18)	-sk		4318.7	4328.7	-0.26	0	0.0		158	18	demain demande devrais demandé devrait demander
6	prefix	a	a(k=1) | a[che|ge|me|pe|ve]·(k=2) | a[mu|pu]·(k=2) | a[ba|bâ|ca|cha|droi|ma|na|pâ|ra|sa|ta|va|voi]·(k=2)	(18, 19)	-kd		4097.2	4154.2	0.00	50	27.0	amende,avère,avide,aborde,avides,aride,amandes,amande,amendes,agrippe	1418	277	avais avais avons amis avons avis
7	prefix	en	en(k=1) | en[a|ca|cloî|dia|fa|fla|foi|ga|gra|joi|la|ra|sa|ta|toi|tra|va]·(k=2) | en[che|ge|gre|le|re|se]·(k=2) | en[cen|chan|clen|gen|glan|gran|jam|san|vian]-{t}·(k=2)	(18, 22)	-kn		3515.7	3588.1	-0.39	85	37.4	entraîne,enferme,enflamme,entraînes,entracte,entraînent,endorme,enfermes,endorment,enchaîne	1910	286	enfin entendu envie endroit entends entendre
8	suffix	ter	ter(k=1) | ·[crê|nne|pê|rrê|trai]ter(k=2) | ·[bi|ci|cy|di|fi|gi|li|mi|pi|ri|sci|si|ssi|vi|xci]ter(k=2) | ·[an|cen|chan|den|emp|gen|glan|illan|jan|len|man|men|mmen|nen|pen|plan|quen|ren|rien|san|sen|ten|tien|tten|van|ven]ter(k=2)	(19, 20, 25)	-dtm		3387.0	3973.6	0.54	97	556.6	arrêter,arrêtez,arrêté,éviter,habiter,arrêtée,habitez,arrêtés,contenter,habité	2829	566	rester arrêter arrêtez acheter restez écoutez
9	suffix	té	té(k=1) | ·[a|ba|bi|ca|cia|da|dua|dé|ga|gi|gra|ma|na|nna|qui|ra|ri|ria|sa|sua|ta|ti|tia|tra|tua|va|vi|via|xua]-{mi}lité(k=3) | ·rité(k=2) | ·[cu|da|ga|jo|la|lia|no|o|pa|rio|shé|ta|to|té]rité(k=3)	(19, 22)	-dn		3266.3	3308.3	0.01	5	7.0	égalité,liftée,égalités,liftées,lifté	1828	571	vérité sécurité santé liberté société beauté
10	suffix	der	der(k=1) | ·[an|ban|chan|en|gen|lan|man|men|mman|pen|san|scen]dé(k=2) | ·[bar|blar|car|char|gar|gnar|lar|llar|mar|mmar|nar|par|sar|tar|ttar|var|zar]dez(k=2) | ·[ci|gui|li|mi|pi|qui|si|xy]dé(k=2)	(18, 19, 25)	-kdm		2395.2	2577.4	0.55	32	152.2	décidé,décider,décidez,décidée,décidai,élucider,décidés,bondé,élucidé,bondée	955	190	regardez demandé demander regarder garder décidé
11	suffix	ver	ver(k=1) | ·[chi|di|li|qui|ri|rri|ssi|ti|vi]vé(k=2) | ·[che|le]ver(k=2) | ·[ner|nner|ser]vé(k=2)	(20, 22)	-tn		2344.2	2384.5	0.01	8	10.4	préserver,préservé,préservée,préservez,préservées,préservés,oliver,olivers	379	75	trouvé trouver arrivé arriver sauver retrouver
12	prefix	sa	sa(k=1) | sa[bor|bou|cré|la|le|li|lo|pris|ta|ti|to|va]-{bo,kRis}·(k=2)	(24,)	-Z		2180.2	2204.0	-0.16	9	3.8	sacoche,salés,sacoches,salez,salés,salés,saboule,saboulent,saboules	216	68	savoir savez salut savais salut savait
13	suffix	ser	ser(k=1) | ·[a|ba|bi|bo|ca|cia|co|cra|cu|da|dua|dé|ga|gi|gé|ma|mé|na|nna|phi|qui|ra|ri|ria|sua|ta|te|ti|tia|tra|tua|va|vi|via|xua]liser(k=3) | ·[bu|clu|du|ffu|fu|mu|xcu]-{k}sez(k=2) | ·[chi|ci|di|gui|li|lli|ly|mi|ni|nni|phi|ri|thi|ti|tri|vi|xci|y|ï]ser(k=2)	(19, 20, 23)	-dtl		2100.8	2264.6	0.10	76	128.9	amuser,causer,amusez,causé,amusé,analyser,amusés,amusée,analysé,causée	1677	365	excusez utiliser épouser amuser excuser baiser
14	prefix	par	par(k=1)	(16, 19)	-jd		2025.6	2025.6	-0.20	2	0.0	pardingue,pardingues	283	51	partir pardon parti parfois partout parlez
15	suffix	·[au|blo|bo|ccro|chau|cho|cro|do|dro|fau|ffo|fo|fro|geo|glo|gno|go|illo|jo|lio|llo|lo|mmo|mo|nau|no|o|pho|pio|plô|ppro|pro|reau|rio|ro|sio|so|ssau|ssio|sso|tau|tio|to|tro|trô|vau|vio|vo|xo|xplo|ço]-{k,p}lé	·[au|blo|bo|ccro|chau|cho|cro|do|dro|fau|ffo|fo|fro|geo|glo|gno|go|illo|jo|lio|llo|lo|mmo|mo|nau|no|o|pho|pio|plô|ppro|pro|reau|rio|ro|sio|so|ssau|ssio|sso|tau|tio|to|tro|trô|vau|vio|vo|xo|xplo|ço]-{k,p}lé(k=2) | ·[lé|mmé|mé|pre|ré|té]phoné(k=3)	(20, 24, 25)	-tZm		2022.8	2074.4	0.06	32	21.5	impressionné,impressionner,impressionnée,impressionnés,remémorer,commémorer,auréolé,détériorer,colorée,détériorée	1201	250	désolé désolée pardonnez abandonner approchez exploser
16	suffix	·ir	·ir(k=1) | ·[be|bé|ché|cqué|flé|fraî|mai|pai|qué|vê]chir(k=2) | ·[blou|bou|cou|dou|glou]vrir(k=2) | ·[an|gran|len|men|plen|ran|san|sen|ssen]-{p}tir(k=2)	(18, 20, 23)	-ktl		1976.8	2017.8	0.04	8	6.0	rouvrir,rougir,roussir,rouvrirent,rougirent,roussirent,calmir,calmirent	411	226	partir sortir mourir dormir servir sentir
17	prefix	pou	pou(k=1)	(2, 16, 18)	k-jk		1976.6	1976.6	0.17	2	0.0	poudingue,poudingues	60	19	pouvez pourrait pourrais pouvoir pouvais pouvait
18	suffix	·[bu|ccu|chu|cu|dru|du|ffu|fu|gu|ju|llu|lu|mu|nhu|nu|pu|ssu|su|tu|u|xcu]sez	·[bu|ccu|chu|cu|dru|du|ffu|fu|gu|ju|llu|lu|mu|nhu|nu|pu|ssu|su|tu|u|xcu]sez(k=2)	(9, 20)	w-t		1829.6	1829.6	-0.02	0	0.0		713	138	excusez occuper discuter amuser excuser occupé
19	prefix	ré	ré(k=1) | réa[bo|che|gi|jus|li|mé|ni|per|ra]·(k=3) | ré[cré|crée|e|flé|fé|gé|pre|pé|vei|vé|é]·(k=2) | ré[com|con|pon]·(k=2)	(22,)	-n		1783.9	1911.8	0.00	81	97.9	réalité,réclame,récite,régale,répondit,récré,réforme,réclament,régal,révise	2039	290	réponds réveille répondre réalité réunion réfléchir
20	prefix	pro	pro(k=1) | pro[co|mo|no|po|ro|so|to|vo]·(k=2) | pro[con|fon|lon|non]·(k=2)	(16,)	-j	in	1775.4	1800.5	-0.10	6	5.1	proverbe,proverbes,prolapsus,provider,professe,professes	612	101	problème problèmes propos prochaine promis promets
21	prefix	im	im(k=1) | im[bai|bi|bri|bu|man|pa|pal|par|pay|pe|pen|per|pi|plan|pli|po|pon|por|pos|pra|pre|pri|pro|prou|pru|pré|pu|pui|pé]-{pyl}·(k=2)	(5, 19)	v-d		1708.5	1725.5	-0.13	2	2.1	imper,impers	432	127	importe important impossible impression importance importante
22	suffix	·[ce|cque|de|ge|gre|ille|je|le|lle|me|mme|pe|ppe|que|re|se|sse|te|ve]-{S}ler	·[ce|cque|de|ge|gre|ille|je|le|lle|me|mme|pe|ppe|que|re|se|sse|te|ve]-{S}ler(k=2)	(16, 18, 22)	-jkn		1683.3	1688.3	0.29	0	0.0		382	69	appeler appelé appelez emmener rappeler emmenez
23	suffix	er	er(k=1) | ·[bli|blii|boy|clé|cré|doy|dri|droy|flou|flu|geoy|gri|loy|loyi|moy|noy|pli|plii|ppli|ppuy|ppuyi|pri|prii|rroy|ré|ssuy|ssuyi|stru|toy|tri|trii|troy|ttoy|ttoyi|voy|voyi]-{n8ij,vRij}é(k=2)	(20, 22, 23)	-tnl		1649.5	1669.5	0.15	0	0.0		468	80	oublié oublier envoyé envoyer oubliez envoyez
24	suffix	·[bai|be|chaî|clai|de|e|fe|ga|ge|gre|la|le|lhoue|nai|nna|pe|ple|ppre|pre|pê|re|roue|rrai|rrê|sei|ssa|sse|ta|tai|te|trai|za]ter	·[bai|be|chaî|clai|de|e|fe|ga|ge|gre|la|le|lhoue|nai|nna|pe|ple|ppre|pre|pê|re|roue|rrai|rrê|sei|ssa|sse|ta|tai|te|trai|za]ter(k=2)	(16, 18, 20)	-jkt		1606.4	1606.4	0.30	0	0.0		203	44	arrêter arrêtez essayer arrêté essayez dépêchez
25	suffix	teur	teur(k=1) | ·[a|ba|bra|ca|cia|da|dia|ga|gna|gra|la|lia|lla|ma|mma|na|nna|pa|pha|pla|qua|ra|ria|rra|sa|sla|ta|tia|tra|va|voi|xa|xploi]teur(k=2) | ·[flec|jec|lec|llec|pec|rec|tec|vec]teur(k=2) | ·[bri|ci|di|fi|gi|i|li|lli|mi|ni|pi|pli|qui|ri|sci|ssi|ti|vi]nateur(k=3)	(20, 25)	-tm		1533.3	1569.4	0.32	12	6.1	compteur,conteur,compteurs,conteurs,conciliateur,préteur,conciliateur,conciliateurs,convecteur,conciliateurs	1073	502	docteur inspecteur directeur ordinateur secteur menteur
26	suffix	cher	cher(k=1) | ·[bau|bo|co|lo|ppro|pro|vau|vo]-{kR}chez(k=2) | ·[bré|lé|pê|raî|ssé]cher(k=2)	(16, 24, 25)	-jZm		1287.4	1379.4	0.59	10	66.9	empêcher,empêché,empêchée,empêchés,ébréché,ébréchée,empêchées,ébrécher,ébréchées,ébréchés	634	121	chercher marcher coucher empêcher touché toucher
27	prefix	se	se(k=1)	(4, 5)	pv-		1244.5	1244.5	-0.33	2	0.0	sedan,sedans	86	23	semaine serai semaines serais seras secret
28	prefix	in	in(k=1) | infor[ma|me|mu|po|tu]·(k=3) | in[co|coh|do|so|to|vio|vo]·(k=2) | in[can|chan|fran|sen|tan|tem|ten|tran|ven]·(k=2)	(16,)	-j	pro	1234.9	1265.2	0.00	1	0.3	indue	1186	369	inquiète informations invite invité invités information
29	prefix	ai	ai(k=1)	(3,)	s-		1234.0	1234.0	-0.50	2	0.0	aiguise,aigris	73	10	aider aimerais aimer aimé aidez aimez
30	suffix	ture	ture(k=1) | ·[a|ba|bla|ca|che|cri|cul|da|dra|fac|fai|fec|fi|ga|ge|gia|gna|la|ma|me|mma|ni|nia|pos|pul|punc|ra|rri|sla|ta|tec|ti|tra|van|ven|ver|vol]ture(k=2) | ·[chi|di|gi|gis|gri|gé|i|llé|lo|pé|ri|sci|sin|ti|to|trou|tté|ves|é]-{ky}rature(k=3)	(19, 25)	-dm		1202.8	1227.8	0.35	0	0.0		165	96	voiture nourriture voitures couverture peinture aventure
