verdict	a	b	cosine	separateGain	unionGain	orphanMembers
growth-merged	S004	S045	1.00	3706.3	3730.8	tion,tion,ssion,sion,sion,llon,ption,·[ca|cia|crip|ma|mma|pec|rec|rrec|tec|tia|ven]tion
growth-merged	S008	S073	1.00	1688.8	1688.8	·[le|lle|te|tte]ment,·[ce|ci|cqui|cè|ga|na|qui|rein|se|so|zo]lement
growth-merged	S022	S082	1.00	1312.7	1384.1	teur,·ateur,taire,·itaire,·[di|ma|mma|na|nna|pos|sa|si|ta|tu]teur
growth-merged	S026	S064	1.00	821.5	820.4	·[ber|cié|cu|ffron|fron|li|lli|nau|ni|nni|ti|tié]té,·[a|bi|cia|gi|na|nna|ri|ti|tia|va]lité
growth-merged	S034	S057	1.00	736.0	735.1	·[bai|bou|li|lli|ly|su|xcu]sez,·[a|ca|co|cu|na|nna|ra|ti]liser
growth-rejected	P002	P068	1.00	5564.3	5189.4	re,ré,ren,rem,re,re,ré[a|com|con|pé|ser|vol]·
growth-rejected	P002	P080	1.00	5579.0	5256.7	re,ré,ren,rem,re,re,ré[ca|ci|cla|cré|crée|im|in|mi|vei|vé]·
growth-rejected	P007	P085	1.00	1980.7	826.6	dé,dé,dé[ca|chaî|cou|gou|goû|la|lai|pou|qua|tra]·
growth-rejected	S001	S008	1.00	8294.4	6231.7	·°ment,ment,·[le|lle|te|tte]ment
growth-rejected	S001	S019	1.00	8293.2	3350.3	·°ment,ment,·[ble|bre|ne|ni|nie|nne|si|ta|ti|tre]ment,·[ffle|fle|gle|me|pre|que|se|tru|voue]ment
growth-rejected	S001	S039	1.00	8289.8	5945.4	·°ment,ment,·[choue|gi|lu|lû|mmé|mé|pe|ppe|re|rre|sé]ment
growth-rejected	S001	S047	1.00	8296.4	5788.6	·°ment,ment,·[ce|cie|cu|dre|dé|li|llie|ple|plé|pplé|sce|se|sse|tie]ment
growth-rejected	S001	S058	1.00	8299.7	5771.2	·°ment,ment,·[di|die|ge|glé|gne|gré|le|lé|ve|xcré]ment
growth-rejected	S001	S062	1.00	8291.2	5798.1	·°ment,ment,·[ca|che|cré|cé|de|gu|pli|plie|rré|ré|ssé|sé]ment
growth-rejected	S001	S067	1.00	8289.9	5692.7	·°ment,ment,·[bi|chi|cri|join|pa|pâ|thi|ti|tti|vai|ve|vei|voû|vè|vé|vê]nements
growth-rejected	S002	S025	1.00	6601.7	657.6	ter,té,trer,tant,tter,tier,ce,·[chan|ci|jes|lon|nus|ri|rrê|ry|si|ssi]té
growth-rejected	S002	S026	1.00	6682.6	649.1	ter,té,trer,tant,tter,tier,ce,·[ber|cié|cu|ffron|fron|li|lli|nau|ni|nni|ti|tié]té
growth-rejected	S002	S086	1.00	6601.7	5992.3	ter,té,trer,tant,tter,tier,ce,·[bi|cla|le|lle|mi|mmi|prun|pé|vi|é]tés
growth-rejected	S004	S021	1.00	3697.1	822.4	tion,tion,ssion,sion,sion,llon,ption,·[cra|llu|lu|mi|ra|rra|ten|tten|tua]tion
growth-rejected	S004	S042	1.00	3697.1	443.5	tion,tion,ssion,sion,sion,llon,ption,·[bla|ddi|di|jonc|la|lla|na|ru|si|xpia]tion
growth-rejected	S040	S078	1.00	934.1	911.3	·onnel,nal,nel,nnel,·inel,·inal,·onal,·[le|sio|so|ssio|tio]nnel
growth-rejected	S041	S070	1.00	746.0	354.9	rie,·°rie,ri,·[bre|go|le|lle|me|ne|nne|o|pe]ries
growth-rejected	S077	S104	1.00	266.6	199.1	·[cri|di|li|ni|nni|ri|rri|ta|thi|ti]fier,fier,fiant
growth-rejected	S001	S008+S073	1.00	8294.4	3475.7	·°ment,ment,·[le|lle|te|tte]ment,·[ce|ci|cqui|cè|ga|na|qui|rein|se|so|zo]lement
growth-rejected	S022+S082	S096	1.00	1435.2	471.3	teur,·ateur,·[di|ma|mma|na|nna|pos|sa|si|ta|tu]teur,taire,·itaire,·[ba|ca|ci|cré|cy|lon|man|men|mmen|ri|si|ven]taire
merged	S098	S119	0.96	396.3	396.3	·Essant,·issant,science
merged	P099	P136	0.93	170.5	170.5	pé,pan,pen,emp,emb
merged	P024	P119	0.89	473.5	467.6	chan,char,cham
merged	P091	P092	0.89	249.5	249.4	la,loa·,cal,mal,al
merged	P071	P075	0.88	560.2	606.9	to,te,ten,té,thé
merged	S037	S149	0.88	729.6	1025.4	·onner,·oser,·onnier,no
merged	P039	P054	0.88	1148.3	1074.2	féi·,fi
merged	S087	S135	0.87	376.2	395.1	dre,duire,deur,daire,rade,nade
merged	S031	S092	0.86	1182.1	1071.4	·iser,sé,sant,·isan,sin,sine,sie
merged	P039+P054	P134	0.87	1195.2	1082.7	fa,fai·,fi,fê,fen
rejected	P062	P118	1.00	572.5	538.5	ca,ac
rejected	P027	P042	0.99	1416.8	834.1	ar,aOR·,aaR·,aER·,har,ra,rao·
rejected	P056	P132	0.97	583.7	566.2	gar,car,bar,gra,gre
rejected	P053	P069	0.97	532.9	530.9	hôi·,soi·,io·,imo·,kio·
rejected	S091	S101	0.96	408.2	343.3	lot,lon,lo,·oler,·olet,·olat
rejected	P086	P108	0.94	240.1	92.1	lé
rejected	P081	P116	0.93	410.3	323.0	tran,bran
rejected	P014	P102	0.93	1390.5	1416.6	sé,sen,cen,cé
rejected	P016	P109	0.92	2077.5	1179.2	por°·
rejected	S047	S062	0.91	672.4	672.4	·[ce|cie|cu|dre|dé|li|llie|ple|plé|pplé|sce|se|sse|tie]ment,·[ca|che|cré|cé|de|gu|pli|plie|rré|ré|ssé|sé]ment
rejected	S036	S090	0.91	1190.8	733.8	·inaire,·onnaire
rejected	S017	S076	0.91	2023.6	1634.6	gent,·ageux
rejected	P028	P049	0.91	1783.8	1781.7	sor,sur,suOR·,res,respec
rejected	S009	S138	0.90	1496.2	1389.8	·oté,·°té,tuer,tueux
rejected	P087	P138	0.90	125.6	90.1	déOR·,déER·,éaR·,déaR·,dra
rejected	P016	P030	0.89	2955.3	2139.1	par,parti,pré,pré@·,prée·,préa·
rejected	P064	P093	0.89	574.9	516.5	pis,pié
rejected	S110	S140	0.89	347.2	303.2	lette,rette,quette,nnette,ette,tuel,tel
rejected	S077	S088	0.89	374.2	373.8	·[cri|di|li|ni|nni|ri|rri|ta|thi|ti]fier,·[ccu|cra|cu|di|ffu|fu|lé|ni|nni|quou|tai]sé
rejected	P001	P044	0.88	4987.9	258.1	a,ha,ia·,ena·,éa·,ea·
rejected	P034	P063	0.88	1014.4	1043.6	disy·,disi·
rejected	P030	P055	0.87	1208.2	1142.1	rii·,rai·
rejected	S086	S096	0.87	329.0	324.7	·[bi|cla|le|lle|mi|mmi|prun|pé|vi|é]tés,·[ba|ca|ci|cré|cy|lon|man|men|mmen|ri|si|ven]taire
rejected	P061	P127	0.87	404.1	348.9	co°·,cau°·,coe·
rejected	P001	P033	0.86	5324.0	7415.3	a,ha,aa·,caa·,paa·,raa·,baa·
rejected	P010	P051	0.86	2425.3	1881.7	es
rejected	P003	P037	0.86	2821.7	322.6	en,em,an,em°·,é@·,en@·,emE·
rejected	P010	P014	0.86	3102.6	3013.3	sa,sau,se,sé,ce,sen,cen,cé
rejected	P050	P052	0.85	1323.4	1101.9	vi,ve,ven
rejected	P096	P111	0.85	186.5	136.4	tar,ti
rejected	P093	P099+P136	0.86	341.1	319.7	pi,pis,emp,pan,pen,emb
