rank	position	root	forms	keys	rtfcre	sharedWith	score	strokeFreqSaved	keySimilarity	wordExceptions	exceptionFreq	topExceptions	carriers	lemmas	examples	attestedShare
1	suffix	man|mand|mant|ment|ments|mmant|mment	man|mand|mant|ment|ments|mmant|mment(k=1) | ·[a|ai|be|ble|boie|bre|ca|ce|cha|che|chi|chisse|ci|cie|claffe|cle|cre|cré|cu|cé|da|de|di|die|doie|dre|droie|du|dé|dû|ffle|ffre|fie|fle|for|ga|ge|gle|gne|gre|gré|gu|gue|ille|la|le|li|lla|lle|loie|lu|lé|lû|ma|me|moie|mé|ne|ni|nie|nna|nne|nné|noie|nu|nue|né|nû|pe|pie|ple|pli|ppe|pre|que|ra|re|ro|rre|rré|ré|sa|sce|scie|se|sias|ssa|sse|ssuie|ssé|sul|sé|ta|te|ti|tie|toie|tre|trie|tru|tte|té|ve|voie|voue|vre|vé|xcré|xe|xtre|zaie|é]ment(k=2) | ·[a|ac|bi|blo|bus|ca|chan|cho|ci|cinc|co|cri|cru|crè|da|des|dia|dio|droi|fai|fes|fflo|frou|gen|glan|glou|gno|ille|illo|jec|jus|li|llo|lo|ma|men|mo|nes|nnê|noî|par|pen|pi|plè|po|ppar|ppoin|qua|quin|què|rec|ren|roi|rrec|sen|so|ssau|sso|strai|ten|ti|tinc|tis|troi|tui|van|ver|vro|vê|xper|zo|ïs]-{pOR}tement(k=3) | ·[bi|bli|bri|chi|ci|cri|di|dri|ffi|fi|gi|gli|gri|gui|i|illi|li|lli|mi|ni|nni|noui|ny|phi|pi|pli|qui|ri|rri|sci|si|ssi|sti|thi|ti|tri|tti|vi|vri|xi|y|ï]caments(k=3) | ·[a|ba|bla|bra|bâ|ca|cca|cha|cia|da|dia|droi|ga|geoi|gna|gra|la|loi|lâ|ma|mma|na|nia|niâ|nna|noi|noî|pa|pha|pla|ppa|qua|quoi|ra|ria|roi|rra|sa|soi|ssa|ssoi|ta|tia|toi|tra|tta|va|via|voua|xa|za|ça]blement(k=3) | ·[ai|bai|be|chai|chaî|chè|cie|ciè|crè|cè|dai|diai|die|dre|dè|e|fai|fè|gai|gè|ille|lai|lei|liè|llè|lè|mai|me|miè|mmai|mè|mê|nai|ne|niai|niè|nnai|nne|nnê|piè|plai|plè|prê|què|rai|re|rei|rie|rrai|rè|sai|scè|se|sei|siè|ssai|ssiè|strai|sè|tai|te|tie|tiè|trai|traî|tè|vai|ve|vei|vè|vé|vê|xiè|xtrê|è]tement⟨·[a|ai|be|ble|boie|bre|ca|ce|cha|che|chi|chisse|ci|cie|claffe|cle|cre|cré|cu|cé|da|de|di|die|doie|dre|droie|du|dé|dû|ffle|ffre|fie|fle|for|ga|ge|gle|gne|gre|gré|gu|gue|ille|la|le|li|lla|lle|loie|lu|lé|lû|ma|me|moie|mé|ne|ni|nie|nna|nne|nné|noie|nu|nue|né|nû|pe|pie|ple|pli|ppe|pre|que|ra|re|ro|rre|rré|ré|sa|sce|scie|se|sias|ssa|sse|ssuie|ssé|sul|sé|ta|te|ti|tie|toie|tre|trie|tru|tte|té|ve|voie|voue|vre|vé|xcré|xe|xtre|zaie|é]ment⟩(k=3)	(16, 20)	-jt		8152.7	9184.4	0.09	103	976.7	moment,appartement,apparemment,également,allemands,moments,évidemment,enterrement,amant,bâtiment	2909	2282	moment seulement tellement exactement sûrement complètement	0.587
2	suffix	ccion|cion|cyon|sion|ssion|tion|tions	ccion|cion|cyon|sion|ssion|tion|tions(k=1) | ·[a|ba|bra|ca|cia|cra|da|dia|fla|ga|gna|gra|la|lia|lla|ma|mma|na|pa|pla|qua|ra|ria|rra|sa|sla|ssa|ta|tia|tra|tta|va|via|xa|xpia]tions⟨ccion|cion|cyon|sion|ssion|tion|tions⟩(k=2) | ·[bi|ci|ddi|di|gni|li|lli|mi|mmi|ni|pi|ri|sci|si|sti|ti|tri]tion(k=2) | ·[bi|bli|bri|chi|ci|di|fi|gi|gri|i|ki|li|lli|mi|mmi|ni|pi|pli|ppli|qui|ri|ry|si|spi|sti|thi|ti|tri|vi|xci|xi|xpli]tations(k=3) | ·[cen|en|men|pen|sten|ten|tten|ven|xten]tion(k=2) | ·[blu|bu|cu|llu|lu|nu|ru|tu]tion⟨ccion|cion|cyon|sion|ssion|tion|tions⟩(k=2)	(20, 25)	-tm		5520.3	6043.5	0.07	42	473.2	attention,attention,condition,commission,conditions,caution,compassion,potion,addition,démission	2355	1540	attention attention situation impression mission félicitations	0.691
3	prefix	de	de(k=1) | de[ba|man|meu|moi|re|van|ve|vi|vien|vri]·(k=2)	(16, 17, 18)	-jsk		4903.2	4914.1	-0.10	3	0.9	devance,devancent,devances	261	35	demain demande devrais demandé devrait devant	0.779
4	prefix	in	in(k=1) | in[ce|clé|cré|dé|flé|fré|fé|gré|gué|gé|quié|sai|sé|te|tré|té|vé]·(k=2) | in[chi|ci|cli|cri|di|fi|fli|gui|qui|si|ti|tri|vi]·(k=2) | inté[ce|chi|ci|cro|di|du|fec|fen|fi|for|fri|gra|gre|gri|li|llec|lli|lo|lé|ma|mi|mon|nia|nie|nieu|nio|nom|nou|o|pa|pen|pi|ra|re|ri|rieu|rio|ré|si|ssa|te|tec|ter|té]·(k=3) | in[cer|fer|ter|ver]·(k=2) | infor[ma|me|mu|po|tu]·(k=3)	(16, 19)	-jd		3825.5	4078.5	0.02	185	202.9	inquiétez,invité,inquiéter,inviter,invitée,invités,infinie,intégrité,infini,infini	3953	1036	inquiète intérieur intéresse intérêt intéressant interdit	0.461
5	suffix	der	der(k=1) | ·[an|ba|bar|bau|blar|bon|ca|car|cca|ccor|chan|char|ci|con|cor|cé|en|fau|ffau|gar|gnar|gon|gour|gra|gui|illa|la|lan|lar|li|llar|man|mar|mer|mi|mman|mmar|mmo|na|nar|nau|non|o|par|pen|pi|qui|ra|rau|san|sar|scen|si|ssou|ssua|ssé|sua|sé|va|vau|xtra|zar]-{bOR}dez(k=2)	(19, 20, 25)	-dtm		3497.4	3522.9	0.47	39	10.5	décoder,élucider,bondé,rider,décodé,élucidé,codé,gambader,extrader,codées	1054	215	aider regardez demandé demander regarder garder	0.217
6	prefix	pro|proh|prô	pro|proh|prô(k=1) | pro[blé|ce|cré|crée|cé|fé|gre|gé|lé|phé|pé|sce|sé|thé|té|vé|é]·(k=2) | proba[bi|ble|gan|ge|go|me|mma|mme|na|ï]·(k=3) | pro[co|mo|no|po|ro|so|to|toh|vo]·(k=2) | profe[ne|sse|ssio|sso|tte|ttri]·(k=3) | pro[chi|di|fi|i|li|phy|pi|vi]·(k=2)	(19, 20)	-dt		2593.5	2789.2	0.01	65	145.6	projet,projets,profite,profonde,promettre,prophète,profites,profondes,proteste,prophètes	1353	286	problème problèmes propos prochaine promis probablement	0.726
7	prefix	ce|sce|se	ce|sce|se(k=1) | se[con|cou|coue|crè|cré|cun|gue|mai|mes|mon|na|pen|rei|ri|rin|ven]·(k=2)	(16, 24)	-jZ		2425.9	2448.2	-0.32	13	12.3	semelle,cerise,cerises,semelles,semoule,serial,cerise,sevrage,semailles,semeuse	274	65	serait celui semaine serai ceci semaines	0.644
8	prefix	im	im(k=1) | im[ba|bi|bri|bro|bu|bé|man|mar|pa|pal|par|pay|pe|pen|per|pi|pla|plan|pli|plo|plé|po|pon|por|pos|pra|pre|pres|pri|pro|promp|prou|pru|pré|pu|pui|pul|pé]·(k=2) | impre[ca|cca|ci|cu|di|men|ni|né|pa|ra|ri|ria|sa|sen|ssio|ti|tueu|tuo|vi|voy]·(k=3)	(22,)	-n		2108.8	2141.1	0.00	21	12.3	impose,imprime,imposent,imposes,impriment,implorait,imprègne,implicite,impliqua,impétigo	856	246	importe important impossible impression importance importante	0.578
9	suffix	er	er(k=1) | ·[bli|blii|boy|brou|cli|clou|clé|cré|cuy|doy|dri|droy|fli|flu|fri|geoy|gli|gri|gré|loy|loyi|moy|noy|nuy|nuyi|oy|phri|pli|plii|ppli|ppuy|ppuyi|pri|prii|qui|rroy|ré|ssuy|ssuyi|stru|toy|tri|trii|troy|ttoy|ttoyi|tu|voy|voyi]-{vRij}é(k=2) | ·[len|lé|nou|né|pa|phan|ppro|pu|ro|sa|ti|xpa]drier(k=3)	(19, 20, 22)	-dtn		1831.7	1856.7	0.03	1	0.0	republier	644	141	oublié oublier envoyé envoyer oubliez envoyez	0.394
10	suffix	nir	nir(k=1) | ·[bru|fi|jeu|mu|ste|u|ve|ver]-{t°}nir(k=2) | ·tenir(k=2)	(17, 20, 22)	-stn		1688.1	1713.1	0.34	0	0.0		87	55	venir devenir revenir finir tenir avenir	0.186
11	prefix	ai	ai(k=1) | ai[gle|gre|gri|gui|ma|man|me]-{d°}·(k=2)	(18, 25)	-km		1563.3	1578.3	-0.15	8	0.0	aiguise,aiguises,aiguisent,aimeuse,aimâmes,aigrîmes,aixoises,aixoise	177	33	aider aimerais aimer aimé aidez aimez	0.926
12	prefix	per	per(k=1) | per[ce|cep|che|chlo|co|dri|du|fi|fo|for|fu|go|gé|lim|ma|man|me|mi|mu|mé|ni|pen|pi|ple|pé|qui|si|sif|sis|so|spec|spi|su|sua|sé|ti|tui|ver]-{fEk,ky,tyR}·(k=2) | personne[fi|li|lle]·(k=4)	(19,)	-d		1501.7	1565.6	0.00	30	28.8	perdez,perception,perturbe,percuté,perfide,persuade,perfides,percuter,persuadent,perturbent	814	179	perdu perdre personnes permettez permission personnel	0.292
13	suffix	teur	teur(k=1) | ·[a|ba|bra|ca|cia|da|dia|ffla|ga|gna|gra|la|lia|lla|ma|mma|na|nia|nna|pa|pha|pla|qua|ra|ria|rra|sa|sla|ta|tia|tra|va|voi|xa|xploi]teur(k=2) | ·[flec|jec|lec|llec|pec|rec|tec|vec]teur(k=2) | ·[bri|ci|di|fi|gi|i|li|lli|mi|ni|pi|pli|qui|ri|sci|ssi|ti|vi]nateur(k=3) | ·[bi|ci|di|ffi|fi|mi|ni|ri|si|ti|tri|vi|xci]teur(k=2) | ·[a|lo|sé|ti|tri|é]tuteur(k=3)	(19, 20)	-dt		1497.4	1614.5	0.31	37	67.1	hauteur,auteur,auteurs,détecteur,compteur,détecteurs,auditeurs,hauteurs,orateur,dessinateur	1172	562	docteur inspecteur directeur acteur ordinateur moteur	0.706
14	prefix	ex	ex(k=1) | exac[bi|bio|bé|cer|ci|cu|ga|gé|mi|né|pla|plai|pli|pé|qua|que|te|ten|ther|ti]·(k=3) | ex[a|ac|al|as|au|e|em|emp|er|i|is|o|oph|or|os|u|ul|é]·(k=2)	(2, 19)	k-d		1422.6	1443.2	-0.00	6	0.7	exode,exergue,exodes,exorde,exergues,exordes	553	98	exactement exemple existe exact examen existence	0.292
15	suffix	voir	voir(k=1) | ·[breu|ce|de|mou|ser|tre]voir(k=2)	(16, 17, 25)	-jsm		1331.5	1341.5	0.57	0	0.0		40	27	savoir revoir pouvoir pouvoir revoir devoir	0.222
16	prefix	vou	vou(k=1)	(2,)	k-		1308.1	1308.1	-0.17	1	0.0	voussoieriez	88	8	voulais voudrais voulait voulu vouloir voudrait	0.997
17	suffix	ture	ture(k=1) | ·[a|ba|bla|ca|che|cia|cla|cri|cul|da|dra|fac|fai|fec|fi|frac|ga|ge|ggia|gia|gna|la|lec|ma|me|mma|ni|nia|plan|pos|pul|punc|ra|ri|rri|sla|ssa|ssi|struc|ta|tec|ti|tra|truc|van|ven|ver|vol]ture(k=2) | ·[chi|cros|cu|di|fras|gi|gis|gri|gé|i|llé|lo|ly|men|mo|o|ou|per|pro|pé|ri|sa|sci|sin|ti|to|trou|tté|vi]rature(k=3)	(19, 25)	-dm		1293.0	1313.0	0.36	0	0.0		216	128	voiture nature nourriture voitures couverture peinture	0.806
18	prefix	ou	ou(k=1) | ou[bli|blie|blii|gan|i|lé|ra|ro|ti|tra|tran|tre|ver|vri]-{vRij}·(k=2)	(17, 18, 19)	-skd		1291.0	1306.2	-0.13	4	0.2	outrance,outrances,outarde,outardes	289	51	oublié oublie oublier ouvrir ouvrez ouvert	0.180
19	prefix	ve	ve(k=1)	(16, 17)	-js		1264.2	1264.2	0.33	0	0.0		62	17	venir venez venu venue venus venait	0.355
20	prefix	cou	cou(k=1) | cou[cha|che|doie|doy|dri|illo|le|leu|li|ma|pa|ra|ro|rrié|rrou|si|ssi|te|tu|vai|ven|ver]-{p°,vRi}·(k=2)	(3, 19)	s-d		1224.6	1275.9	0.00	15	31.2	courrier,coussin,coussins,couvents,couguar,courriers,coucherais,coucherait,couriez,coucheraient	546	122	courant coucher courage couleur couteau courir	0.510
21	prefix	pen	pen(k=1) | pen[che|dai|de|den|dou|dri|du|se|si|sio]·(k=2)	(18, 20)	-kt		1220.2	1231.0	-0.32	7	0.8	pendante,pendantes,pensante,pensantes,penchante,pensâtes,penchâtes	187	36	pendant pensais pensé pensez penser pensait	0.037
22	prefix	sou	sou(k=1) | sou[bre|ffle|ffre|le|pe|que|ve]-{t}·(k=2) | sou[ba|bre|da|dai|doy|ffle|fflè|ffre|ffri|la|le|li|lè|me|mi|pe|pi|pè|que|ri|ta|te|ti|ven|vien|vla]-{t°,v°}·(k=2)	(18, 24)	-kZ		1210.3	1300.5	-0.14	33	55.1	souris,souriez,souris,soulage,soucoupe,soucoupes,soumise,soufflerie,soumise,soumises	675	113	souviens souvent souvenez souffrir sourire souvenirs	0.691
23	suffix	mi	mi(k=1) | ·[dor|ga|la|na|nne|ri|ta|té]mi(k=2)	(19, 23, 25)	-dlm		1180.4	1190.5	0.60	1	0.0	emmi	80	29	ami amis amie parmi ennemi amis	0.075
24	prefix	fi	fi(k=1) | fina[ce|ciè|co|gra|gui|i|le|li|lla|ma|men|no|te|to]·(k=3) | fi[bri|li|ni|xi]·(k=2) | fi[lan|nan]·(k=2)	(18, 22)	-kn		1174.4	1221.7	0.04	26	7.3	finissez,fission,finish,fibrose,filoche,finîmes,fibromes,fichaises,fibrome,fichaise	564	138	fini finir finalement finit finie filer	0.126
25	prefix	trou	trou(k=1) | trou[ba|du|fi|illo|ve]·(k=2)	(17, 23)	-sl		1126.8	1136.8	-0.19	1	0.0	trouvable	132	28	trouvé trouver trouvez trouvée trouvera trouverai	0.919
26	suffix	tant	tant(k=1) | ·[al|blo|bê|cep|cer|cho|ci|cli|cu|di|dis|fac|fec|fes|for|frou|gi|glo|gno|go|goû|is|le|li|llo|mec|men|mi|mon|pa|pen|pi|po|por|que|ri|rri|sci|sen|si|sis|ssau|ssi|ssis|sul|tes|ti|trai|vi|vo|vol|xci]-{bi,by,kje}tant(k=2)	(16, 20)	-jt		1067.4	1092.4	0.44	3	0.0	adoptant,adoptant,optant	313	181	instant important autant pourtant assistant habitants	0.492
27	prefix	si	si(k=1) | si[bi|by|bé|ci|da|dé|ffle|fflo|gis|gna|gne|gni|gno|len|li|llo|lé|ma|mi|mo|mu|mul|na|nis|no|nu|nueu|nuo|né|pho|ro|ru|ta|tu|tua|xiè]·(k=2) | signi[cieu|co|fi|fie|la|lai|le|li|lé|re|ri|rur|si|so|ta|tio]·(k=3)	(16, 18, 19)	-jkd		1064.8	1085.9	0.00	11	1.1	signiez,simultané,simultanée,signeriez,simultanées,simultanés,sinople,sisymbre,sisymbres,situable	553	152	sinon silence situation signifie signal signer	0.386
28	prefix	vi	vi(k=1) | vi[bra|bri|bro|ce|chy|ci|cieu|com|dan|de|di|dé|gi|gne|gou|lai|le|li|lla|llé|lé|nai|ni|ny|pé|ra|re|ri|ro|sa|scé|si|sio|sse|su|sua|sue|ta|te|ti|tri|tro|tu|va|van|ve|vi|vri]·(k=2)	(16, 19)	-jd		1056.3	1154.0	0.02	36	87.7	virer,viré,visible,virez,virée,virée,virés,vinaigre,visibles,vitrail	730	200	visage village visite vivant vitesse vivante	0.387
29	suffix	per	per(k=1) | ·[ca|ccu|ci|co|cou|cul|lo|lou|qui|ssa|ssi|sur|ta|ti|tom|ttra|ty|xtir]per(k=2) | ·[cons|les|man|o|ti|é]-{di}ciper(k=3)	(16, 18, 25)	-jkm		1046.2	1075.2	0.53	17	4.0	saper,sapé,râpé,sapée,émancipé,émanciper,sapés,râpée,sapez,émancipée	460	91	occuper couper occupé attraper coupé trompé	0.469
30	prefix	té	té(k=1) | té[gu|gé|le|len|les|lé|léme|lés|moi|mé|na|nui|né|ra|ré|ta|tra|tro]·(k=2) | télé[a|ben|bri|ca|char|chlo|ci|co|con|cy|cé|di|do|fa|gne|gra|gui|ki|mar|me|men|mé|ni|o|ob|oc|pa|pec|pho|phé|plé|por|promp|rai|re|ro|sur|tra|van|ven|vi]·(k=3)	(5, 19)	v-d		984.7	1007.1	0.00	18	2.3	ténacité,tétée,téter,tété,tétées,télémesures,télémesure,tétons,tétée,téléfaxez	374	140	téléphone télé témoin télévision témoins téléphoné	0.508
