expr	freq	freq_source	word_units	words	sylls	strokes	phonologies	longform	flags
en	362205933	orgtre	1	1	1	1	en=@	@	tao
dans	253868505	orgtre	1	1	1	1	dans=d@	pv@	tao
pour	210428492	orgtre	1	1	1	1	pour=puR	p@eR	tao
pas	206722861	orgtre	1	1	1	1	pas=pa	pa	tao
de la	201839777	orgtre	2	2	2	2	de=d°,la=la	pv@a/mta	
par	156321990	orgtre	1	1	1	1	par=paR	paR	tao
plus	136841941	orgtre	1	1	1	1	plus=ply	pmt@i	tao
de l'	118353922	orgtre	2	2	2	2	de=d°,l'=l	pv@a/mt-	
mais	109277203	orgtre	1	1	1	1	mais=mE	mie	tao
avec	105501881	orgtre	1	1	2	2	avec=avEk	a/viek	tao
vous	103210545	orgtre	1	1	1	1	vous=vu	v@e	tao
nous	94493501	orgtre	1	1	1	1	nous=nu	mR@e	tao
à la	79726696	orgtre	2	2	2	2	à=a,la=la	a/mta	
c'est	78638562	orgtre	2	2	2	2	c'=s,est=E	s*/ie	elision
cette	75345546	orgtre	1	1	1	1	cette=sEt	siet	tao
sont	68475032	orgtre	1	1	1	1	sont=s§	sai	tao
même	67934864	orgtre	1	1	1	1	même=mEm	miem	tao
qu'il	67919825	orgtre	2	2	2	2	qu'=k,il=il	k-/il	elision
être	64993690	orgtre	1	1	1	1	être=EtR	ietR	tao
bien	62861656	orgtre	1	1	1	1	bien=bj5	svRwaie	tao
à l'	62495552	orgtre	2	2	2	2	à=a,l'=l	a/mt-	
d'un	62032199	orgtre	2	2	2	2	d'=d,un=1	pv-/@aie	elision
d'une	56771996	orgtre	2	2	2	2	d'=d,une=yn	pv-/@in	elision
fait	51948646	orgtre	1	1	1	1	fait=fE	kpie	tao
et de	45830376	orgtre	2	2	2	2	et=e,de=d°	e/pv@a	
dans le	45059629	orgtre	2	2	2	2	dans=d@,le=l°	pv@/mt@a	tao
faire	43534550	orgtre	1	1	1	1	faire=fER	kpieR	tao
dans la	42866486	orgtre	2	2	2	2	dans=d@,la=la	pv@/mta	tao
où	42512674	orgtre	1	1	1	1	où=u	*@e	tao
non	32902407	orgtre	1	1	1	1	non=n§	mRai	tao
temps	31902539	orgtre	1	1	1	1	temps=t@	t*@	tao
très	31094465	orgtre	1	1	1	1	très=tRE	tRie	tao
dans les	31086370	orgtre	2	2	2	2	dans=d@,les=le	pv@/mte	tao
j'ai	30553370	orgtre	2	2	2	3	j'=Z,ai=E	vt-/ie/-k	elision
n'est	30546069	orgtre	2	2	2	2	n'=n,est=E	mR-/ie	elision
qu'elle	30480865	orgtre	2	2	2	2	qu'=k,elle=El	k-/iel	elision
sur le	30240306	orgtre	2	2	2	2	sur=syR,le=l°	s@iR/mt@a	
après	30071572	orgtre	1	1	2	2	après=apRE	a/pRie	tao
et les	27729386	orgtre	2	2	2	2	et=e,les=le	e/mte	
de son	26764359	orgtre	2	2	2	2	de=d°,son=s§	pv@a/s*ai	tao
que je	25758482	orgtre	2	2	2	2	que=k°,je=Z°	k@a/vt@a	tao
ainsi	25395752	orgtre	1	1	2	2	ainsi=5si	aie/si	tao
je ne	25361333	orgtre	2	2	2	2	je=Z°,ne=n°	vt@a/mR@a	
sur la	25204929	orgtre	2	2	2	2	sur=syR,la=la	s@iR/mta	
et la	25138110	orgtre	2	2	2	2	et=e,la=la	e/mta	
avant	24573015	orgtre	1	1	2	2	avant=av@	a/v@	tao
et le	24537849	orgtre	2	2	2	2	et=e,le=l°	e/mt@a	
ce qui	24454906	orgtre	2	2	2	2	ce=s°,qui=ki	s@a/ki	
ce que	23259462	orgtre	2	2	2	2	ce=s°,que=k°	s@a/k@a	
que le	22389794	orgtre	2	2	2	2	que=k°,le=l°	k@a/mt@a	
que les	21888984	orgtre	2	2	2	2	que=k°,les=le	k@a/mte	
dans l'	21130069	orgtre	2	2	2	2	dans=d@,l'=l	pv@/mt-	
jamais	20897000	orgtre	1	1	2	2	jamais=ZamE	vta/mie	tao
il est	20630614	orgtre	2	2	2	2	il=il,est=E	il/ie	
que la	20344203	orgtre	2	2	2	2	que=k°,la=la	k@a/mta	
de sa	19489274	orgtre	2	2	2	2	de=d°,sa=sa	pv@a/s*a	tao
depuis	19202466	orgtre	1	1	2	2	depuis=d°p8i	pv@a/p@ai	tao
votre	18907569	orgtre	1	1	1	1	votre=vOtR	vetR	tao
dans un	18707718	orgtre	2	2	2	2	dans=d@,un=1	pv@/@aie	
sur les	18654251	orgtre	2	2	2	2	sur=syR,les=le	s@iR/mte	
que l'	18423683	orgtre	2	2	2	2	que=k°,l'=l	k@a/mt-	
n'est pas	18276227	orgtre	3	3	3	3	n'=n,est=E,pas=pa	mR-/ie/pa	elision
grand	18178193	orgtre	1	1	1	1	grand=gR@	ksR@	tao
tous les	18078068	orgtre	2	2	2	2	tous=tus,les=le	t@es/mte	
par la	17913907	orgtre	2	2	2	2	par=paR,la=la	paR/mta	
cet	17322519	orgtre	1	1	1	1	cet=sEt	s*iet	tao
et des	17214443	orgtre	2	2	2	2	et=e,des=de	e/pve	
de ses	17029314	orgtre	2	2	2	2	de=d°,ses=se	pv@a/s*e	tao
de ce	16986552	orgtre	2	2	2	2	de=d°,ce=s°	pv@a/s@a	
c'était	16969252	orgtre	2	2	3	3	c'=s,était=etE	s*/e/tie	elision
par le	16866422	orgtre	2	2	2	2	par=paR,le=l°	paR/mt@a	
il y	16702616	orgtre	2	2	2	2	il=il,y=i	il/i	
qu'on	15699456	orgtre	2	2	2	2	qu'=k,on=§	k-/ai	elision
chose	15691870	orgtre	1	1	1	1	chose=Soz	pmaenl	tao
et l'	15594438	orgtre	2	2	2	2	et=e,l'=l	e/mt-	
déjà	15219730	orgtre	1	1	2	2	déjà=deZa	pve/vta	tao
petit	14951284	orgtre	1	1	2	2	petit=p°ti	p@a/ti	tao
par les	14901063	orgtre	2	2	2	2	par=paR,les=le	paR/mte	
qu'ils	14813829	orgtre	2	2	2	3	qu'=k,ils=il	k-/il/-s	elision
je suis	14670144	orgtre	2	2	2	3	je=Z°,suis=s8i	vt@a/s@ai/-k	tao
pour les	14454555	orgtre	2	2	2	2	pour=puR,les=le	p@eR/mte	
pour la	13940473	orgtre	2	2	2	2	pour=puR,la=la	p@eR/mta	
quelque	13772597	orgtre	1	1	1	1	quelque=kElk	kiekl	tao
il ne	13751628	orgtre	2	2	2	2	il=il,ne=n°	il/mR@a	
un peu	13723515	orgtre	2	2	2	2	un=1,peu=p2	@aie/p@ie	tao
pas de	13702412	orgtre	2	2	2	2	pas=pa,de=d°	pa/pv@a	
je me	13654387	orgtre	2	2	2	2	je=Z°,me=m°	vt@a/m@a	
dans une	13536652	orgtre	2	2	2	2	dans=d@,une=yn	pv@/@in	
y a	13322202	orgtre	2	2	2	2	y=i,a=a	i/*a	
nos	13304622	orgtre	1	1	1	1	nos=no	mRae	tao
pendant	13168610	orgtre	1	1	2	2	pendant=p@d@	p@/pv@	tao
à un	12987603	orgtre	2	2	2	2	à=a,un=1	a/@aie	
grande	12973995	orgtre	1	1	1	1	grande=gR@d	ksR@d	tao
de cette	12961665	orgtre	2	2	2	2	de=d°,cette=sEt	pv@a/siet	
n'a	12863547	orgtre	2	2	2	2	n'=n,a=a	mR-/*a	elision
à une	12827358	orgtre	2	2	2	2	à=a,une=yn	a/@in	
l'on	12730809	orgtre	2	2	2	2	l'=l,on=§	mt-/ai	elision
pour le	12724482	orgtre	2	2	2	2	pour=puR,le=l°	p@eR/mt@a	
premier	12549903	orgtre	1	1	2	2	premier=pR2mje	pR@ie/mRwe	tao
parce	12547751	orgtre	1	1	1	1	parce=paRs	pasR	tao
et à	12536426	orgtre	2	2	2	2	et=e,à=a	e/a	
première	12470397	orgtre	1	1	2	2	première=pR2mjER	pR@ie/mRwieR	tao
l'autre	12468123	orgtre	2	2	2	2	l'=l,autre=otR	mt-/aetR	elision
pourquoi	12326226	orgtre	1	1	2	2	pourquoi=puRkwa	p@eR/kwa	tao
beaucoup	12242332	orgtre	1	1	2	2	beaucoup=boku	svae/k@e	tao
d'autres	12228449	orgtre	2	1	1	1	d'autres=dotR	pvaetR	elision
s'il	12210772	orgtre	2	2	2	2	s'=s,il=il	s-/il	elision
souvent	11751248	orgtre	1	1	2	2	souvent=suv@	s@e/v@	tao
jusqu'à	11557821	orgtre	2	1	2	2	jusqu'à=Zyska	vt@is/ka	elision
que nous	11446990	orgtre	2	2	2	2	que=k°,nous=nu	k@a/mR@e	
que vous	11416959	orgtre	2	2	2	2	que=k°,vous=vu	k@a/v@e	
et d'	11409764	orgtre	2	2	2	2	et=e,d'=d	e/pv-	
s'est	11301562	orgtre	2	2	2	2	s'=s,est=E	s-/ie	elision
question	11217176	orgtre	1	1	2	2	question=kEstj§	kies/tRwai	tao
plusieurs	11194459	orgtre	1	1	2	2	plusieurs=plyzj9R	pmt@i/tRw@R	tao
de ces	11181935	orgtre	2	2	2	2	de=d°,ces=se	pv@a/se	
il se	11093505	orgtre	2	2	2	2	il=il,se=s°	il/s*@a	
n'y	11093429	orgtre	2	2	2	2	n'=n,y=i	mR-/i	elision
que tu	11043764	orgtre	2	2	2	2	que=k°,tu=ty	k@a/t@i	
qui se	10977337	orgtre	2	2	2	2	qui=ki,se=s°	ki/s*@a	
d'être	10950835	orgtre	2	2	2	2	d'=d,être=EtR	pv-/ietR	elision
maison	10934214	orgtre	1	1	2	2	maison=mEz§	mie/twai	tao
à son	10840912	orgtre	2	2	2	2	à=a,son=s§	a/s*ai	
n'était	10821145	orgtre	2	2	3	3	n'=n,était=etE	mR-/e/tie	elision
de se	10801490	orgtre	2	2	2	2	de=d°,se=s°	pv@a/s*@a	
la vie	10782638	orgtre	2	2	2	2	la=la,vie=vi	mta/vi	
le plus	10748872	orgtre	2	2	2	2	le=l°,plus=ply	mt@a/pmt@i	
peut-être	10736579	orgtre	1	2	2	2	peut=p2,être=EtR	p*@ie/ietR	hyphen,tao
a été	10375306	orgtre	2	2	3	3	a=a,été=ete	*a/e/te	
enfin	10370263	orgtre	1	1	2	2	enfin=@f5	@/kpaie	tao
exemple	10278028	orgtre	1	1	2	2	exemple=Egz@pl	iekdnl/@jkl	tao
n'avait	10269757	orgtre	2	2	3	3	n'=n,avait=avE	mR-/a/vie	elision
il a	10249307	orgtre	2	2	2	2	il=il,a=a	il/*a	
et il	10216412	orgtre	2	2	2	2	et=e,il=il	e/il	
il y a	10203393	orgtre	3	3	3	3	il=il,y=i,a=a	il/i/*a	
il faut	10178228	orgtre	2	2	2	2	il=il,faut=fo	il/kpae	
la tête	10156118	orgtre	2	2	2	2	la=la,tête=tEt	mta/tiet	
les deux	10056761	orgtre	2	2	2	2	les=le,deux=d2	mte/pv@ie	
par l'	10019707	orgtre	2	2	2	2	par=paR,l'=l	paR/mt-	
de leur	9962293	orgtre	2	2	2	2	de=d°,leur=l9R	pv@a/mt@R	
petite	9878428	orgtre	1	1	2	2	petite=p°tit	p@a/tit	tao
qui est	9835396	orgtre	2	2	2	2	qui=ki,est=E	ki/ie	
toutes les	9776735	orgtre	2	2	2	3	toutes=tut,les=le	t@et/-s/mte	tao
à ce	9712575	orgtre	2	2	2	2	à=a,ce=s°	a/s@a	
lorsque	9630884	orgtre	1	1	2	2	lorsque=lORsk°	mteR/ks@a	tao
maintenant	9514931	orgtre	1	1	3	3	maintenant=m5t°n@	maie/t@a/mR@	tao
et je	9503500	orgtre	2	2	2	2	et=e,je=Z°	e/vt@a	
sur l'	9498297	orgtre	2	2	2	2	sur=syR,l'=l	s@iR/mt-	
raison	9495028	orgtre	1	1	2	2	raison=REz§	Rie/twai	tao
l'homme	9381347	orgtre	2	2	2	2	l'=l,homme=Om	mt-/em	elision
qu'un	9340468	orgtre	2	2	2	2	qu'=k,un=1	k-/@aie	elision
façon	9324834	orgtre	1	1	2	2	façon=fas§	kpa/sai	tao
près	9296482	orgtre	1	1	1	1	près=pRE	pR*ie	tao
de plus	9266152	orgtre	2	2	2	2	de=d°,plus=ply	pv@a/pmt@i	tao
ne pas	9227922	orgtre	2	2	2	2	ne=n°,pas=pa	mR@a/pa	
il avait	9215343	orgtre	2	2	3	3	il=il,avait=avE	il/a/vie	
ailleurs	9185973	orgtre	1	1	2	2	ailleurs=aj9R	a/Rw@R	tao
besoin	9044550	orgtre	1	1	2	2	besoin=b°zw5	sv@a/twaie	tao
dans son	9001630	orgtre	2	2	2	2	dans=d@,son=s§	pv@/s*ai	
mais il	8981957	orgtre	2	2	2	2	mais=mE,il=il	mie/il	
pour l'	8975808	orgtre	2	2	2	2	pour=puR,l'=l	p@eR/mt-	
de lui	8892272	orgtre	2	2	2	2	de=d°,lui=l8i	pv@a/mt@ai	
plus de	8885864	orgtre	2	2	2	2	plus=ply,de=d°	pmt@i/pv@a	
ensemble	8864830	orgtre	1	1	2	2	ensemble=@s@bl	@/s@jl	tao
aujourd'hui	8745168	orgtre	1	1	3	3	aujourd'hui=oZuRd8i	ae/vt@eR/pv@ai	tao
le monde	8737886	orgtre	2	2	2	2	le=l°,monde=m§d	mt@a/maid	
et que	8721344	orgtre	2	2	2	2	et=e,que=k°	e/k@a	
surtout	8648452	orgtre	1	1	2	2	surtout=syRtu	s@iR/t@e	tao
société	8568348	orgtre	1	1	3	3	société=sosjete	sae/sRwe/te	tao
qui ne	8430778	orgtre	2	2	2	2	qui=ki,ne=n°	ki/mR@a	
avec un	8329983	orgtre	2	2	3	3	avec=avEk,un=1	a/viek/@aie	
les yeux	8321135	orgtre	2	2	2	2	les=le,yeux=j2	mte/Rw@ie	
à des	8285186	orgtre	2	2	2	2	à=a,des=de	a/pve	
le temps	8268400	orgtre	2	2	2	2	le=l°,temps=t@	mt@a/t*@	
s'était	8256540	orgtre	2	2	3	3	s'=s,était=etE	s-/e/tie	elision
il était	8155725	orgtre	2	2	3	3	il=il,était=etE	il/e/tie	
ce n'est	8128685	orgtre	3	3	3	3	ce=s°,n'=n,est=E	s@a/mR-/ie	elision,tao
nombre	8096072	orgtre	1	1	1	1	nombre=n§bR	mRaijR	tao
comme un	8087971	orgtre	2	2	2	2	comme=kOm,un=1	kem/@aie	
qu'une	8072213	orgtre	2	2	2	2	qu'=k,une=yn	k-/@in	elision
la première	8057402	orgtre	2	2	3	3	la=la,première=pR2mjER	mta/pR@ie/mRwieR	
ou de	8051394	orgtre	2	2	2	2	ou=u,de=d°	@e/pv@a	
pas à	8018693	orgtre	2	2	2	2	pas=pa,à=a	pa/a	
les autres	7934222	orgtre	2	2	2	2	les=le,autres=otR	mte/*aetR	
l'un	7922568	orgtre	2	1	1	1	l'un=l1	mt@aie	elision
avec les	7922348	orgtre	2	2	3	3	avec=avEk,les=le	a/viek/mte	tao
possible	7911579	orgtre	1	1	2	2	possible=posibl	pae/sijl	tao
m'a	7878806	orgtre	2	2	2	2	m'=m,a=a	m-/*a	elision
autour	7871382	orgtre	1	1	2	2	autour=otuR	ae/t@eR	tao
que ce	7846469	orgtre	2	2	2	2	que=k°,ce=s°	k@a/s@a	
quelque chose	7715117	orgtre	2	2	2	2	quelque=kElk,chose=Soz	kiekl/pmaenl	tao
nature	7712835	orgtre	1	1	2	2	nature=natyR	mRa/t@iR	tao
rapport	7630796	orgtre	1	1	2	2	rapport=RapOR	Ra/peR	tao
ne peut	7599952	orgtre	2	2	2	2	ne=n°,peut=p2	mR@a/p*@ie	
en effet	7589377	orgtre	2	2	3	3	en=@,effet=efE	@/e/kpie	
par un	7584894	orgtre	2	2	2	2	par=paR,un=1	paR/@aie	
général	7569237	orgtre	1	1	3	3	général=ZeneRal	vte/mRe/Ral	tao
demande	7559862	orgtre	1	1	2	2	demande=d°m@d	pv@a/m@d	tao
les plus	7515066	orgtre	2	2	2	2	les=le,plus=ply	mte/pmt@i	
j'avais	7511028	orgtre	2	2	3	4	j'=Z,avais=avE	vt-/a/vie/-d	elision
avec le	7504552	orgtre	2	2	3	3	avec=avEk,le=l°	a/viek/mt@a	tao
n'en	7458219	orgtre	2	2	2	2	n'=n,en=@	mR-/@	elision
tout le	7443509	orgtre	2	2	2	2	tout=tu,le=l°	t@e/mt@a	
dans ce	7363145	orgtre	2	2	2	2	dans=d@,ce=s°	pv@/s@a	
s'en	7360020	orgtre	2	2	2	2	s'=s,en=@	s-/@	elision
aucun	7318882	orgtre	1	1	2	2	aucun=ok1	ae/k@aie	tao
vos	7310346	orgtre	1	1	1	1	vos=vo	v*ae	tao
cependant	7283018	orgtre	1	1	3	3	cependant=s°p@d@	s@a/p@/pv@	tao
afin	7226004	orgtre	1	1	2	2	afin=af5	a/kpaie	tao
la porte	7221886	orgtre	2	2	2	2	la=la,porte=pORt	mta/petR	
qui a	7202986	orgtre	2	2	2	2	qui=ki,a=a	ki/*a	
parce que	7199901	orgtre	2	2	2	2	parce=paRs,que=k°	pasR/k@a	tao
plutôt	7159659	orgtre	1	1	2	2	plutôt=plyto	pmt@i/tae	tao
de faire	7151140	orgtre	2	2	2	2	de=d°,faire=fER	pv@a/kpieR	
et qui	7129984	orgtre	2	2	2	2	et=e,qui=ki	e/ki	
la main	7129097	orgtre	2	2	2	2	la=la,main=m5	mta/maie	
et en	7124766	orgtre	2	2	2	2	et=e,en=@	e/@	
nous avons	7119826	orgtre	2	2	3	3	nous=nu,avons=av§	mR@e/a/vai	
elle se	7116301	orgtre	2	2	2	2	elle=El,se=s°	iel/s*@a	
ce qu'il	7114956	orgtre	3	3	3	3	ce=s°,qu'=k,il=il	s@a/k-/il	elision
est un	7085973	orgtre	2	2	2	2	est=E,un=1	ie/@aie	
dernier	7044900	orgtre	1	1	2	2	dernier=dERnje	pvieR/mRwe	tao
aucune	7044743	orgtre	1	1	2	2	aucune=okyn	ae/k@in	tao
dans sa	7033213	orgtre	2	2	2	2	dans=d@,sa=sa	pv@/s*a	
elle est	6976057	orgtre	2	2	2	2	elle=El,est=E	iel/ie	
à sa	6976036	orgtre	2	2	2	2	à=a,sa=sa	a/s*a	
entre les	6957615	orgtre	2	2	2	2	entre=@tR,les=le	@tR/mte	
avec une	6956997	orgtre	2	2	3	3	avec=avEk,une=yn	a/viek/@in	
avant de	6933502	orgtre	2	2	3	3	avant=av@,de=d°	a/v@/pv@a	
et de la	6915867	orgtre	3	3	3	3	et=e,de=d°,la=la	e/pv@a/mta	
on ne	6883025	orgtre	2	2	2	2	on=§,ne=n°	ai/mR@a	
avec la	6860054	orgtre	2	2	3	3	avec=avEk,la=la	a/viek/mta	tao
par exemple	6851163	orgtre	2	2	3	3	par=paR,exemple=Egz@pl	paR/iekdnl/@jkl	tao
qu'à	6819722	orgtre	2	2	2	2	qu'=k,à=a	k-/a	elision
dessus	6792863	orgtre	1	1	2	2	dessus=d°sy	pv@a/s@i	tao
et se	6731644	orgtre	2	2	2	2	et=e,se=s°	e/s*@a	
ceux qui	6715190	orgtre	2	2	2	2	ceux=s2,qui=ki	s@ie/ki	
n'était pas	6712346	orgtre	3	3	4	4	n'=n,était=etE,pas=pa	mR-/e/tie/pa	elision
ne se	6686294	orgtre	2	2	2	2	ne=n°,se=s°	mR@a/s*@a	
que l'on	6642773	orgtre	3	3	3	3	que=k°,l'=l,on=§	k@a/mt-/ai	elision
par des	6637819	orgtre	2	2	2	2	par=paR,des=de	paR/pve	
je vous	6625543	orgtre	2	2	2	2	je=Z°,vous=vu	vt@a/v@e	
sur un	6547987	orgtre	2	2	2	2	sur=syR,un=1	s@iR/@aie	
et du	6525463	orgtre	2	2	2	2	et=e,du=dy	e/pv@i	
par une	6490804	orgtre	2	2	2	2	par=paR,une=yn	paR/@in	
article	6440479	orgtre	1	1	2	2	article=aRtikl	aR/tikl	tao
il n'y	6428236	orgtre	3	3	3	3	il=il,n'=n,y=i	il/mR-/i	elision
elle ne	6384091	orgtre	2	2	2	2	elle=El,ne=n°	iel/mR@a	
elle avait	6367000	orgtre	2	2	3	3	elle=El,avait=avE	iel/a/vie	
semble	6336307	orgtre	1	1	1	1	semble=s@bl	s@jl	tao
tout ce	6322865	orgtre	2	2	2	2	tout=tu,ce=s°	t@e/s@a	
action	6294667	orgtre	1	1	2	2	action=aksj§	ak/sRwai	tao
ensuite	6287591	orgtre	1	1	2	2	ensuite=@s8it	@/s@ait	tao
service	6269006	orgtre	1	1	2	2	service=sERvis	sieR/vis	tao
d'abord	6250063	orgtre	2	1	2	2	d'abord=dabOR	pva/sveR	elision
pas le	6247194	orgtre	2	2	2	2	pas=pa,le=l°	pa/mt@a	
plus tard	6221048	orgtre	2	2	2	2	plus=ply,tard=taR	pmt@i/taR	
système	6216069	orgtre	1	1	2	2	système=sistEm	sis/tiem	tao
on peut	6214452	orgtre	2	2	2	2	on=§,peut=p2	ai/p*@ie	
l'état	6184748	orgtre	2	2	3	3	l'=l,état=eta	mt-/e/ta	elision
n'ai	6169512	orgtre	2	2	2	3	n'=n,ai=E	mR-/ie/-k	elision
la même	6165575	orgtre	2	2	2	2	la=la,même=mEm	mta/miem	
s'agit	6154372	orgtre	2	2	3	4	s'=s,agit=aZi	s-/a/vti/-t	elision
un autre	6049468	orgtre	2	2	2	2	un=1,autre=otR	@aie/aetR	
je n'ai	6028024	orgtre	3	3	3	4	je=Z°,n'=n,ai=E	vt@a/mR-/ie/-k	elision
milieu	6014306	orgtre	1	1	2	2	milieu=milj2	mi/mtRw@ie	tao
une fois	5971774	orgtre	2	2	2	2	une=yn,fois=fwa	@in/kpwa	
de mon	5970207	orgtre	2	2	2	2	de=d°,mon=m§	pv@a/mai	
n'a pas	5959398	orgtre	3	3	3	3	n'=n,a=a,pas=pa	mR-/*a/pa	elision
l'air	5943558	orgtre	2	2	2	2	l'=l,air=ER	mt-/ieR	elision
et un	5935352	orgtre	2	2	2	2	et=e,un=1	e/@aie	
monsieur	5921544	orgtre	1	1	2	2	monsieur=m°sj2	m@a/sRw@ie	tao
la plus	5875907	orgtre	2	2	2	2	la=la,plus=ply	mta/pmt@i	
de leurs	5858834	orgtre	2	2	2	2	de=d°,leurs=l9R	pv@a/mt*@R	
à partir	5828983	orgtre	2	2	3	3	à=a,partir=paRtiR	a/paR/tiR	
mais je	5810932	orgtre	2	2	2	2	mais=mE,je=Z°	mie/vt@a	
qu'est	5798558	orgtre	2	2	2	2	qu'=k,est=E	k-/ie	elision
de ne	5798442	orgtre	2	2	2	2	de=d°,ne=n°	pv@a/mR@a	
ce n'est pas	5791833	orgtre	4	4	4	4	ce=s°,n'=n,est=E,pas=pa	s@a/mR-/ie/pa	elision
retour	5790101	orgtre	1	1	2	2	retour=R°tuR	R@a/t@eR	tao
comme une	5789111	orgtre	2	2	2	2	comme=kOm,une=yn	kem/@in	
ne sont	5774481	orgtre	2	2	2	2	ne=n°,sont=s§	mR@a/sai	
sans doute	5772022	orgtre	2	2	2	2	sans=s@,doute=dut	s@/pv@et	
j'étais	5740660	orgtre	2	2	3	4	j'=Z,étais=etE	vt-/e/tie/-k	elision
ainsi que	5714458	orgtre	2	2	3	3	ainsi=5si,que=k°	aie/si/k@a	
chacun	5713862	orgtre	1	1	2	2	chacun=Sak1	pma/k@aie	tao
malgré	5711863	orgtre	1	1	2	2	malgré=malgRe	mal/ksRe	tao
et une	5686567	orgtre	2	2	2	2	et=e,une=yn	e/@in	
la fin	5680171	orgtre	2	2	2	2	la=la,fin=f5	mta/kpaie	
il en	5671821	orgtre	2	2	2	2	il=il,en=@	il/@	
d'avoir	5648788	orgtre	2	2	3	3	d'=d,avoir=avwaR	pv-/a/vwaR	elision
alors que	5638601	orgtre	2	2	3	3	alors=alOR,que=k°	a/mteR/k@a	
la maison	5593271	orgtre	2	2	3	3	la=la,maison=mEz§	mta/mie/twai	
recherche	5592255	orgtre	1	1	2	2	recherche=R°SERS	R@a/pmieRZm	tao
à cette	5555370	orgtre	2	2	2	2	à=a,cette=sEt	a/siet	
l'histoire	5525652	orgtre	2	2	3	3	l'=l,histoire=istwaR	mt-/is/twaR	elision
d'ailleurs	5504712	orgtre	2	2	3	3	d'=d,ailleurs=aj9R	pv-/a/Rw@R	elision,tao
est le	5450663	orgtre	2	2	2	2	est=E,le=l°	ie/mt@a	
du monde	5450308	orgtre	2	2	2	2	du=dy,monde=m§d	pv@i/maid	
public	5449904	orgtre	1	1	2	2	public=pyblik	p@i/svmtik	tao
à ses	5421261	orgtre	2	2	2	2	à=a,ses=se	a/s*e	
qui lui	5414386	orgtre	2	2	2	2	qui=ki,lui=l8i	ki/mt@ai	
que de	5410454	orgtre	2	2	2	2	que=k°,de=d°	k@a/pv@a	
dernière	5397802	orgtre	1	1	2	2	dernière=dERnjER	pvieR/mRwieR	tao
de le	5357664	orgtre	2	2	2	2	de=d°,le=l°	pv@a/mt@a	
conseil	5326573	orgtre	1	1	2	2	conseil=k§sEj	kai/siej	tao
vous avez	5325366	orgtre	2	2	3	3	vous=vu,avez=ave	v@e/a/ve	tao
l'avait	5317910	orgtre	2	2	3	3	l'=l,avait=avE	mt-/a/vie	elision
où il	5309414	orgtre	2	2	2	2	où=u,il=il	*@e/il	
est une	5297114	orgtre	2	2	2	2	est=E,une=yn	ie/@in	
elle a	5296313	orgtre	2	2	2	2	elle=El,a=a	iel/*a	
réalité	5280389	orgtre	1	1	4	4	réalité=Realite	Re/a/mti/te	tao
comprendre	5278668	orgtre	1	1	2	2	comprendre=k§pR@dR	kai/pR@dR	tao
dans cette	5275199	orgtre	2	2	2	2	dans=d@,cette=sEt	pv@/siet	
moyen	5275071	orgtre	1	1	2	2	moyen=mwaj5	mwaj/aie	tao
un homme	5269374	orgtre	2	2	2	2	un=1,homme=Om	@aie/em	
la ville	5267472	orgtre	2	2	2	2	la=la,ville=vil	mta/vil	
avec des	5267451	orgtre	2	2	3	3	avec=avEk,des=de	a/viek/pve	
à se	5244901	orgtre	2	2	2	2	à=a,se=s°	a/s*@a	
présence	5238605	orgtre	1	1	2	2	présence=pRez@s	pRe/tw@s	tao
une autre	5170388	orgtre	2	2	2	2	une=yn,autre=otR	@in/aetR	
et son	5163041	orgtre	2	2	2	2	et=e,son=s§	e/s*ai	
comme le	5148144	orgtre	2	2	2	2	comme=kOm,le=l°	kem/mt@a	
le premier	5110837	orgtre	2	2	3	3	le=l°,premier=pR2mje	mt@a/pR@ie/mRwe	
un des	5109504	orgtre	2	2	2	2	un=1,des=de	@aie/pve	
tu as	5097039	orgtre	2	2	2	3	tu=ty,as=a	t@i/a/-d	tao
la nuit	5088858	orgtre	2	2	2	2	la=la,nuit=n8i	mta/mR@ai	
sur une	5021011	orgtre	2	2	2	2	sur=syR,une=yn	s@iR/@in	
attention	5014103	orgtre	1	1	3	3	attention=at@sj§	a/t@/sRwai	tao
tout à	5002911	orgtre	2	2	2	2	tout=tu,à=a	t@e/a	
dans ses	4974861	orgtre	2	2	2	2	dans=d@,ses=se	pv@/s*e	
en plus	4974706	orgtre	2	2	2	2	en=@,plus=ply	@/pmt@i	tao
quelqu'un	4940725	orgtre	2	1	2	2	quelqu'un=kElk1	kiel/k@aie	elision,fragMissing
je vais	4940538	orgtre	2	2	2	2	je=Z°,vais=vE	vt@a/vie	
de ma	4940310	orgtre	2	2	2	2	de=d°,ma=ma	pv@a/ma	
et ses	4930123	orgtre	2	2	2	2	et=e,ses=se	e/s*e	
si vous	4923171	orgtre	2	2	2	2	si=si,vous=vu	si/v@e	
je l'	4918777	orgtre	2	2	2	2	je=Z°,l'=l	vt@a/mt-	
peut être	4889456	orgtre	2	2	2	2	peut=p2,être=EtR	p*@ie/ietR	
de notre	4877552	orgtre	2	2	2	2	de=d°,notre=nOtR	pv@a/mRetR	
la société	4853230	orgtre	2	2	4	4	la=la,société=sosjete	mta/sae/sRwe/te	
nous sommes	4849974	orgtre	2	2	2	2	nous=nu,sommes=sOm	mR@e/sem	tao
sur son	4846888	orgtre	2	2	2	2	sur=syR,son=s§	s@iR/s*ai	
la loi	4839488	orgtre	2	2	2	2	la=la,loi=lwa	mta/mtwa	
n'y a	4837732	orgtre	3	3	3	3	n'=n,y=i,a=a	mR-/i/*a	elision
l'eau	4832423	orgtre	2	2	2	2	l'=l,eau=o	mt-/*ae#	elision
pour une	4824794	orgtre	2	2	2	2	pour=puR,une=yn	p@eR/@in	
c'est un	4815630	orgtre	3	3	3	3	c'=s,est=E,un=1	s*/ie/@aie	elision,tao
point de	4795767	orgtre	2	2	2	2	point=pw5,de=d°	pwaie/pv@a	
intérêt	4757865	orgtre	1	1	3	3	intérêt=5teRE	aie/te/Rie	tao
de même	4748582	orgtre	2	2	2	2	de=d°,même=mEm	pv@a/miem	
la mort	4746517	orgtre	2	2	2	2	la=la,mort=mOR	mta/meR	
chemin	4741300	orgtre	1	1	2	2	chemin=S°m5	pm@a/maie	tao
à faire	4733039	orgtre	2	2	2	2	à=a,faire=fER	a/kpieR	
l'a	4731090	orgtre	2	2	2	2	l'=l,a=a	mt-/*a	elision
avait été	4720291	orgtre	2	2	4	4	avait=avE,été=ete	a/vie/e/te	
pas la	4681351	orgtre	2	2	2	2	pas=pa,la=la	pa/mta	
tout en	4680255	orgtre	2	2	2	2	tout=tu,en=@	t@e/@	
ont été	4677079	orgtre	2	2	3	3	ont=§,été=ete	*ai/e/te	
même si	4675478	orgtre	2	2	2	2	même=mEm,si=si	miem/si	
elle était	4625180	orgtre	2	2	3	3	elle=El,était=etE	iel/e/tie	
de tout	4624982	orgtre	2	2	2	2	de=d°,tout=tu	pv@a/t@e	
et elle	4612272	orgtre	2	2	2	2	et=e,elle=El	e/iel	
le cas	4610602	orgtre	2	2	2	2	le=l°,cas=ka	mt@a/ka	
avec l'	4599943	orgtre	2	2	3	3	avec=avEk,l'=l	a/viek/mt-	
qu'en	4596354	orgtre	2	2	2	2	qu'=k,en=@	k-/@	elision,tao
la question	4587692	orgtre	2	2	3	3	la=la,question=kEstj§	mta/kies/tRwai	
y avait	4565763	orgtre	2	2	3	3	y=i,avait=avE	i/a/vie	
d'autre	4563432	orgtre	2	2	2	2	d'=d,autre=otR	pv-/aetR	elision
c'est le	4557366	orgtre	3	3	3	3	c'=s,est=E,le=l°	s*/ie/mt@a	elision
bien que	4553149	orgtre	2	2	2	2	bien=bj5,que=k°	svRwaie/k@a	
que j'ai	4544225	orgtre	3	3	3	4	que=k°,j'=Z,ai=E	k@a/vt-/ie/-k	elision,tao
dans des	4538266	orgtre	2	2	2	2	dans=d@,des=de	pv@/pve	
on a	4524717	orgtre	2	2	2	2	on=§,a=a	ai/*a	
de toute	4519970	orgtre	2	2	2	2	de=d°,toute=tut	pv@a/t@et	
plaisir	4518602	orgtre	1	1	2	2	plaisir=pleziR	pmte/twiR	tao
de me	4518030	orgtre	2	2	2	2	de=d°,me=m°	pv@a/m@a	
est de	4508487	orgtre	2	2	2	2	est=E,de=d°	ie/pv@a	
nombreux	4469542	orgtre	1	1	2	2	nombreux=n§bR2	mRai/svR@ie	tao
qu'est-ce	4456595	orgtre	2	3	3	3	qu'=k,est=E,ce=s°	k-/ie/s@a	elision,hyphen
n'avait pas	4451084	orgtre	3	3	4	4	n'=n,avait=avE,pas=pa	mR-/a/vie/pa	elision
vous êtes	4442542	orgtre	2	2	2	2	vous=vu,êtes=Et	v@e/iet	tao
à travers	4426280	orgtre	2	2	3	3	à=a,travers=tRavER	a/tRa/vieR	
liberté	4400793	orgtre	1	1	3	3	liberté=libERte	mti/svieR/te	tao
l'esprit	4386980	orgtre	2	2	3	3	l'=l,esprit=EspRi	mt-/ies/pRi	elision
quand il	4385620	orgtre	2	2	2	2	quand=k@,il=il	k@/il	
particulier	4375566	orgtre	1	1	4	4	particulier=paRtikylje	paR/ti/k@i/mtRwe	tao
l'idée	4372863	orgtre	2	2	3	3	l'=l,idée=ide	mt-/i/pve	elision
pour lui	4357841	orgtre	2	2	2	2	pour=puR,lui=l8i	p@eR/mt@ai	
comme si	4356920	orgtre	2	2	2	2	comme=kOm,si=si	kem/si	
président	4356139	orgtre	1	1	3	3	président=pRezid@	pRe/twi/pv@	tao
mise en	4349302	orgtre	2	2	2	3	mise=miz,en=@	minl/-j/@	
qui l'	4342554	orgtre	2	2	2	2	qui=ki,l'=l	ki/mt-	
gouvernement	4338591	orgtre	1	1	4	4	gouvernement=guvERn°m@	ks@e/vieR/mR@a/m@	tao
pour un	4327319	orgtre	2	2	2	2	pour=puR,un=1	p@eR/@aie	
qu'il ne	4289933	orgtre	3	3	3	3	qu'=k,il=il,ne=n°	k-/il/mR@a	elision
qu'il avait	4285710	orgtre	3	3	4	4	qu'=k,il=il,avait=avE	k-/il/a/vie	elision
qui ont	4283820	orgtre	2	2	2	2	qui=ki,ont=§	ki/*ai	
je le	4270065	orgtre	2	2	2	2	je=Z°,le=l°	vt@a/mt@a	
pas d'	4260426	orgtre	2	2	2	2	pas=pa,d'=d	pa/pv-	
la fois	4248160	orgtre	2	2	2	2	la=la,fois=fwa	mta/kpwa	
si elle	4241485	orgtre	2	2	2	2	si=si,elle=El	si/iel	tao
le fait	4238832	orgtre	2	2	2	2	le=l°,fait=fE	mt@a/kpie	
que des	4234516	orgtre	2	2	2	2	que=k°,des=de	k@a/pve	
ne l'	4233880	orgtre	2	2	2	2	ne=n°,l'=l	mR@a/mt-	
autour de	4232794	orgtre	2	2	3	3	autour=otuR,de=d°	ae/t@eR/pv@a	
est la	4230691	orgtre	2	2	2	2	est=E,la=la	ie/mta	
principe	4228171	orgtre	1	1	2	2	principe=pR5sip	pRaie/sijk	tao
temps de	4224257	orgtre	2	2	2	2	temps=t@,de=d°	t*@/pv@a	
le même	4221282	orgtre	2	2	2	2	le=l°,même=mEm	mt@a/miem	
tu es	4216768	orgtre	2	2	2	3	tu=ty,es=E	t@i/ie/-d	
s'y	4201529	orgtre	2	2	2	2	s'=s,y=i	s-/i	elision
n'ont	4201430	orgtre	2	2	2	2	n'=n,ont=§	mR-/*ai	elision
peu de	4189216	orgtre	2	2	2	2	peu=p2,de=d°	p@ie/pv@a	
besoin de	4181102	orgtre	2	2	3	3	besoin=b°zw5,de=d°	sv@a/twaie/pv@a	
affaire	4148949	orgtre	1	1	2	2	affaire=afER	a/kpieR	tao
sous le	4145590	orgtre	2	2	2	2	sous=su,le=l°	s@e/mt@a	
sont pas	4143285	orgtre	2	2	2	2	sont=s§,pas=pa	sai/pa	
un petit	4140048	orgtre	2	2	3	3	un=1,petit=p°ti	@aie/p@a/ti	
pratique	4133225	orgtre	1	1	2	2	pratique=pRatik	pRa/tik	tao
à leur	4123368	orgtre	2	2	2	2	à=a,leur=l9R	a/mt@R	
qualité	4104298	orgtre	1	1	3	3	qualité=kalite	ka/mti/te	tao
à la fois	4095226	orgtre	3	3	3	3	à=a,la=la,fois=fwa	a/mta/kpwa	
processus	4088228	orgtre	1	1	3	3	processus=pRosesys	pRae/se/s@is	tao
de ne pas	4071546	orgtre	3	3	3	3	de=d°,ne=n°,pas=pa	pv@a/mR@a/pa	
c'est la	4008689	orgtre	3	3	3	3	c'=s,est=E,la=la	s*/ie/mta	elision
nécessaire	3996337	orgtre	1	1	3	3	nécessaire=nesesER	mRe/se/sieR	tao
organisation	3982531	orgtre	1	1	5	5	organisation=ORganizasj§	eR/ksa/mRi/twa/sRwai	tao
bureau	3980397	orgtre	1	1	2	2	bureau=byRo	sv@i/Rae	tao
il s'agit	3977282	orgtre	3	3	4	5	il=il,s'=s,agit=aZi	il/s-/a/vti/-t	elision
il me	3972997	orgtre	2	2	2	2	il=il,me=m°	il/m@a	tao
et de l'	3963386	orgtre	3	3	3	3	et=e,de=d°,l'=l	e/pv@a/mt-	
sécurité	3923484	orgtre	1	1	4	4	sécurité=sekyRite	se/k@i/Ri/te	tao
il n'y a	3918031	orgtre	4	4	4	4	il=il,n'=n,y=i,a=a	il/mR-/i/*a	elision
plupart	3912285	orgtre	1	1	2	2	plupart=plypaR	pmt@i/paR	tao
ce que je	3909311	orgtre	3	3	3	3	ce=s°,que=k°,je=Z°	s@a/k@a/vt@a	
c'est une	3866550	orgtre	3	3	3	3	c'=s,est=E,une=yn	s*/ie/@in	elision
que c'est	3851020	orgtre	3	3	3	3	que=k°,c'=s,est=E	k@a/s*/ie	elision,tao
difficile	3832743	orgtre	1	1	3	3	difficile=difisil	pvi/kpi/sil	tao
parole	3799035	orgtre	1	1	2	2	parole=paROl	pa/Rel	tao
ne sont pas	3792549	orgtre	3	3	3	3	ne=n°,sont=s§,pas=pa	mR@a/sai/pa	
je lui	3785747	orgtre	2	2	2	2	je=Z°,lui=l8i	vt@a/mt@ai	tao
présente	3764343	orgtre	1	1	2	2	présente=pRez@t	pRe/tw@t	tao
période	3748048	orgtre	1	1	2	2	période=peRjOd	pe/Rwed	tao
tout le monde	3720257	orgtre	3	3	3	3	tout=tu,le=l°,monde=m§d	t@e/mt@a/maid	
produit	3709271	orgtre	1	1	2	2	produit=pRod8i	pRae/pv@ai	tao
décision	3629810	orgtre	1	1	3	3	décision=desizj§	pve/si/tRwai	tao
madame	3628549	orgtre	1	1	2	2	madame=madam	ma/pvam	tao
auprès	3619897	orgtre	1	1	2	2	auprès=opRE	ae/pRie	tao
position	3601121	orgtre	1	1	3	3	position=pozisj§	pae/twi/sRwai	tao
justice	3572461	orgtre	1	1	2	2	justice=Zystis	vt@is/tis	tao
qu'il y	3569314	orgtre	3	3	3	3	qu'=k,il=il,y=i	k-/il/i	elision
production	3521470	orgtre	1	1	3	3	production=pRodyksj§	pRae/pv@ik/sRwai	tao
de la vie	3507547	orgtre	3	3	3	3	de=d°,la=la,vie=vi	pv@a/mta/vi	
à partir de	3463586	orgtre	3	3	4	4	à=a,partir=paRtiR,de=d°	a/paR/tiR/pv@a	
qu'il est	3434296	orgtre	3	3	3	3	qu'=k,il=il,est=E	k-/il/ie	elision
en fait	3388282	orgtre	2	2	2	2	en=@,fait=fE	@/kpie	tao
il y avait	3315797	orgtre	3	3	4	4	il=il,y=i,avait=avE	il/i/a/vie	
mémoire	3310441	orgtre	1	1	2	2	mémoire=memwaR	me/mwaR	tao
qu'il a	3309154	orgtre	3	3	3	3	qu'=k,il=il,a=a	k-/il/*a	elision
ce qui est	3303274	orgtre	3	3	3	3	ce=s°,qui=ki,est=E	s@a/ki/ie	
beaucoup de	3273277	orgtre	2	2	3	3	beaucoup=boku,de=d°	svae/k@e/pv@a	tao
juillet	3264881	orgtre	1	1	2	2	juillet=Z8ijE	vt@ai/Rwie	tao
plus en plus	3242064	orgtre	3	3	3	3	plus=ply,en=@,plus=ply	pmt@i/@/pmt@i	
voyage	3228195	orgtre	1	1	2	2	voyage=vwajaZ	vwaj/aZ	tao
bientôt	3209458	orgtre	1	1	2	2	bientôt=bj5to	svRwaie/tae	tao
de plus en	3169425	orgtre	3	3	3	3	de=d°,plus=ply,en=@	pv@a/pmt@i/@	
a fait	3156016	orgtre	2	2	2	2	a=a,fait=fE	*a/kpie	tao
de l'autre	3153095	orgtre	3	3	3	3	de=d°,l'=l,autre=otR	pv@a/mt-/aetR	elision
nombreuses	3149749	orgtre	1	1	2	3	nombreuses=n§bR2z	mRai/svR@ienl/-s	tao
de plus en plus	3138067	orgtre	4	4	4	4	de=d°,plus=ply,en=@,plus=ply	pv@a/pmt@i/@/pmt@i	
je ne sais	3133429	orgtre	3	3	3	4	je=Z°,ne=n°,sais=sE	vt@a/mR@a/sie/-k	
l'un des	3087022	orgtre	3	2	2	2	l'un=l1,des=de	mt@aie/pve	elision
de l'homme	3073956	orgtre	3	3	3	3	de=d°,l'=l,homme=Om	pv@a/mt-/em	elision
semaine	3052952	orgtre	1	1	2	2	semaine=s°mEn	s@a/mien	tao
et c'est	3042018	orgtre	3	3	3	3	et=e,c'=s,est=E	e/s*/ie	elision
décembre	3004606	orgtre	1	1	2	2	décembre=des@bR	pve/s@jR	tao
je me suis	2999343	orgtre	3	3	3	4	je=Z°,me=m°,suis=s8i	vt@a/m@a/s@ai/-k	
qui me	2991234	orgtre	2	2	2	2	qui=ki,me=m°	ki/m@a	tao
unique	2982370	orgtre	1	1	2	2	unique=ynik	@i/mRik	tao
n'ai pas	2975507	orgtre	3	3	3	4	n'=n,ai=E,pas=pa	mR-/ie/-k/pa	elision
je n'ai pas	2945490	orgtre	4	4	4	5	je=Z°,n'=n,ai=E,pas=pa	vt@a/mR-/ie/-k/pa	elision
que je ne	2937698	orgtre	3	3	3	3	que=k°,je=Z°,ne=n°	k@a/vt@a/mR@a	
merci	2931629	orgtre	1	1	2	2	merci=mERsi	mieR/si	tao
combien	2907026	orgtre	1	1	2	2	combien=k§bj5	kai/svRwaie	tao
octobre	2844978	orgtre	1	1	2	2	octobre=OktObR	ek/tejR	tao
d'après	2822041	orgtre	2	2	3	3	d'=d,après=apRE	pv-/a/pRie	elision,tao
que ça	2810012	orgtre	2	2	2	2	que=k°,ça=sa	k@a/sa	tao
ce qu'elle	2808713	orgtre	3	3	3	3	ce=s°,qu'=k,elle=El	s@a/k-/iel	elision
il n'est	2798261	orgtre	3	3	3	3	il=il,n'=n,est=E	il/mR-/ie	elision
finalement	2792412	orgtre	1	1	4	4	finalement=final°m@	kpi/mRa/mt@a/m@	tao
partout	2777144	orgtre	1	1	2	2	partout=paRtu	paR/t@e	tao
emploi	2750829	orgtre	1	1	2	2	emploi=@plwa	@jk/mtwa	tao
communauté	2732139	orgtre	1	1	4	4	communauté=komynote	kae/m@i/mRae/te	tao
autorité	2725602	orgtre	1	1	4	4	autorité=otoRite	ae/tae/Ri/te	tao
exercice	2707933	orgtre	1	1	3	3	exercice=EgzERsis	iekdnl/ieR/sis	tao
de la ville	2686905	orgtre	3	3	3	3	de=d°,la=la,ville=vil	pv@a/mta/vil	
marche	2668147	orgtre	1	1	1	1	marche=maRS	maRZm	tao
protection	2657088	orgtre	1	1	3	3	protection=pRotEksj§	pRae/tiek/sRwai	tao
ce n'était	2650774	orgtre	3	3	4	4	ce=s°,n'=n,était=etE	s@a/mR-/e/tie	elision
novembre	2644056	orgtre	1	1	2	2	novembre=nov@bR	mRae/v@jR	tao
ce que tu	2641558	orgtre	3	3	3	3	ce=s°,que=k°,tu=ty	s@a/k@a/t@i	
dans leur	2636673	orgtre	2	2	2	2	dans=d@,leur=l9R	pv@/mt@R	tao
et qu'il	2633304	orgtre	3	3	3	3	et=e,qu'=k,il=il	e/k-/il	elision
qu'elle avait	2611477	orgtre	3	3	4	4	qu'=k,elle=El,avait=avE	k-/iel/a/vie	elision
téléphone	2590691	orgtre	1	1	3	3	téléphone=telefOn	te/mte/kpen	tao
en même temps	2585087	orgtre	3	3	3	3	en=@,même=mEm,temps=t@	@/miem/t*@	
qu'il était	2573061	orgtre	3	3	4	4	qu'=k,il=il,était=etE	k-/il/e/tie	elision
de l'état	2563594	orgtre	3	3	4	4	de=d°,l'=l,état=eta	pv@a/mt-/e/ta	elision
administration	2559251	orgtre	1	1	5	5	administration=administRasj§	ad/mi/mRis/tRa/sRwai	tao
économie	2533917	orgtre	1	1	4	4	économie=ekonomi	e/kae/mRae/mi	tao
en train de	2524796	orgtre	3	3	3	3	en=@,train=tR5,de=d°	@/tRaie/pv@a	
compagnie	2501249	orgtre	1	1	3	3	compagnie=k§paNi	kai/pa/wi	tao
qu'est-ce que	2482880	orgtre	3	4	4	4	qu'=k,est=E,ce=s°,que=k°	k-/ie/s@a/k@a	elision,hyphen,tao
condition	2473332	orgtre	1	1	3	3	condition=k§disj§	kai/pvi/sRwai	tao
très bien	2434154	orgtre	2	2	2	2	très=tRE,bien=bj5	tRie/svRwaie	tao
à la fin	2410415	orgtre	3	3	3	3	à=a,la=la,fin=f5	a/mta/kpaie	
commerce	2409386	orgtre	1	1	2	2	commerce=komERs	kae/miesR	tao
je ne suis	2400784	orgtre	3	3	3	4	je=Z°,ne=n°,suis=s8i	vt@a/mR@a/s@ai/-k	
facile	2387627	orgtre	1	1	2	2	facile=fasil	kpa/sil	tao
respect	2380188	orgtre	1	1	2	2	respect=REspE	Ries/pie	tao
le temps de	2366713	orgtre	3	3	3	3	le=l°,temps=t@,de=d°	mt@a/t*@/pv@a	
la première fois	2354780	orgtre	3	3	4	4	la=la,première=pR2mjER,fois=fwa	mta/pR@ie/mRwieR/kpwa	
février	2345952	orgtre	1	1	3	3	février=fevRije	kpe/vRij/e	tao
faite	2340955	orgtre	1	1	1	2	faite=fEt	kpiet/-j	tao
résultat	2337930	orgtre	1	1	3	3	résultat=Rezylta	Re/tw@il/ta	tao
de la société	2315280	orgtre	3	3	5	5	de=d°,la=la,société=sosjete	pv@a/mta/sae/sRwe/te	
néanmoins	2310236	orgtre	1	1	3	3	néanmoins=ne@mw5	mRe/@/mwaie	tao
à l'intérieur	2297708	orgtre	3	3	5	5	à=a,l'=l,intérieur=5teRj9R	a/mt-/aie/te/Rw@R	elision
et à la	2296036	orgtre	3	3	3	3	et=e,à=a,la=la	e/a/mta	
programme	2285172	orgtre	1	1	2	2	programme=pRogRam	pRae/ksRam	tao
meilleur	2284604	orgtre	1	1	2	2	meilleur=mEj9R	mie/Rw@R	tao
concerne	2282384	orgtre	1	1	2	2	concerne=k§sERn	kai/sieRn	tao
la plupart des	2263562	orgtre	3	3	4	4	la=la,plupart=plypaR,des=de	mta/pmt@i/paR/pve	
je l'ai	2263526	orgtre	3	3	3	4	je=Z°,l'=l,ai=E	vt@a/mt-/ie/-k	elision
jusqu'à la	2261902	orgtre	3	2	3	3	jusqu'à=Zyska,la=la	vt@is/ka/mta	elision
point de vue	2259388	orgtre	3	3	3	4	point=pw5,de=d°,vue=vy	pwaie/pv@a/v@i/-j	
un peu plus	2248289	orgtre	3	3	3	3	un=1,peu=p2,plus=ply	@aie/p@ie/pmt@i	tao
surprise	2247908	orgtre	1	1	2	2	surprise=syRpRiz	s@iR/pRinl	tao
la fin de	2233366	orgtre	3	3	3	3	la=la,fin=f5,de=d°	mta/kpaie/pv@a	
dans le cadre	2216650	orgtre	3	3	3	3	dans=d@,le=l°,cadre=kadR	pv@/mt@a/kadR	
de tous les	2209253	orgtre	3	3	3	3	de=d°,tous=tus,les=le	pv@a/t@es/mte	
la mise en	2207050	orgtre	3	3	3	4	la=la,mise=miz,en=@	mta/minl/-j/@	
n'y a pas	2198139	orgtre	4	4	4	4	n'=n,y=i,a=a,pas=pa	mR-/i/*a/pa	elision
c'est ce	2187898	orgtre	3	3	3	3	c'=s,est=E,ce=s°	s*/ie/s@a	elision
si l'on	2171306	orgtre	3	3	3	3	si=si,l'=l,on=§	si/mt-/ai	elision
tout ce qui	2162041	orgtre	3	3	3	3	tout=tu,ce=s°,qui=ki	t@e/s@a/ki	
tout à fait	2162015	orgtre	3	3	3	3	tout=tu,à=a,fait=fE	t@e/a/kpie	tao
si on	2153970	orgtre	2	2	2	2	si=si,on=§	si/ai	tao
que ces	2153471	orgtre	2	2	2	2	que=k°,ces=se	k@a/se	tao
n'ont pas	2147479	orgtre	3	3	3	3	n'=n,ont=§,pas=pa	mR-/*ai/pa	elision
qu'elle ne	2145462	orgtre	3	3	3	3	qu'=k,elle=El,ne=n°	k-/iel/mR@a	elision
du tout	2138087	orgtre	2	2	2	2	du=dy,tout=tu	pv@i/t@e	tao
ne sais pas	2129061	orgtre	3	3	3	4	ne=n°,sais=sE,pas=pa	mR@a/sie/-k/pa	
que ce soit	2108231	orgtre	3	3	3	4	que=k°,ce=s°,soit=swa	k@a/s@a/swa/-R	
c'est à	2105419	orgtre	3	3	3	3	c'=s,est=E,à=a	s*/ie/a	elision,tao
c'est l'	2104810	orgtre	3	3	3	3	c'=s,est=E,l'=l	s*/ie/mt-	elision
comme ça	2086950	orgtre	2	2	2	2	comme=kOm,ça=sa	kem/sa	tao
à l'autre	2078994	orgtre	3	3	3	3	à=a,l'=l,autre=otR	a/mt-/aetR	elision
campagne	2073684	orgtre	1	1	2	2	campagne=k@paN	k@/patn	tao
n'y avait	2066788	orgtre	3	3	4	4	n'=n,y=i,avait=avE	mR-/i/a/vie	elision
propriété	2053950	orgtre	1	1	4	4	propriété=pRopRijete	pRae/pRij/e/te	tao
ce qu'on	2044055	orgtre	3	3	3	3	ce=s°,qu'=k,on=§	s@a/k-/ai	elision
réel	2040552	orgtre	1	1	2	2	réel=ReEl	Re/iel	tao
d'une voix	2025657	orgtre	3	3	3	3	d'=d,une=yn,voix=vwa	pv-/@in/vwa	elision
conversation	2017439	orgtre	1	1	4	4	conversation=k§vERsasj§	kai/vieR/sa/sRwai	tao
adresse	2016296	orgtre	1	1	2	2	adresse=adREs	a/pvRies	tao
continue	2016060	orgtre	1	1	3	3	continue=k§tiny	kai/ti/mR@i	tao
pour vous	2013980	orgtre	2	2	2	2	pour=puR,vous=vu	p@eR/v@e	tao
je ne sais pas	1999373	orgtre	4	4	4	5	je=Z°,ne=n°,sais=sE,pas=pa	vt@a/mR@a/sie/-k/pa	
parce qu'il	1996940	orgtre	3	3	3	3	parce=paRs,qu'=k,il=il	pasR/k-/il	elision
mais c'est	1994285	orgtre	3	3	3	3	mais=mE,c'=s,est=E	mie/s*/ie	elision
que c'était	1989520	orgtre	3	3	4	4	que=k°,c'=s,était=etE	k@a/s*/e/tie	elision
par ailleurs	1978321	orgtre	2	2	3	3	par=paR,ailleurs=aj9R	paR/a/Rw@R	tao
en tant que	1970867	orgtre	3	3	3	3	en=@,tant=t@,que=k°	@/t@/k@a	
ce que vous	1967827	orgtre	3	3	3	3	ce=s°,que=k°,vous=vu	s@a/k@a/v@e	
je n'avais	1965898	orgtre	3	3	4	5	je=Z°,n'=n,avais=avE	vt@a/mR-/a/vie/-d	elision
il n'avait	1964407	orgtre	3	3	4	4	il=il,n'=n,avait=avE	il/mR-/a/vie	elision
jusqu'à ce	1953714	orgtre	3	2	3	3	jusqu'à=Zyska,ce=s°	vt@is/ka/s@a	elision
unité	1924510	orgtre	1	1	3	3	unité=ynite	@i/mRi/te	tao
ce n'était pas	1916144	orgtre	4	4	5	5	ce=s°,n'=n,était=etE,pas=pa	s@a/mR-/e/tie/pa	elision
est-ce que	1912832	orgtre	2	3	3	3	est=E,ce=s°,que=k°	ie/s@a/k@a	hyphen,tao
assemblée	1912647	orgtre	1	1	3	3	assemblée=as@ble	a/s@/svmte	tao
de l'eau	1902364	orgtre	3	3	3	3	de=d°,l'=l,eau=o	pv@a/mt-/*ae#	elision
que j'avais	1896985	orgtre	3	3	4	5	que=k°,j'=Z,avais=avE	k@a/vt-/a/vie/-d	elision
docteur	1884152	orgtre	1	1	2	2	docteur=dOkt9R	pvek/t@R	tao
cherche	1883976	orgtre	1	1	1	1	cherche=SERS	pmieRZm	tao
règle	1873583	orgtre	1	1	1	1	règle=REgl	Riekdl	tao
c'est que	1872707	orgtre	3	3	3	3	c'=s,est=E,que=k°	s*/ie/k@a	elision
il n'est pas	1861085	orgtre	4	4	4	4	il=il,n'=n,est=E,pas=pa	il/mR-/ie/pa	elision
reine	1855748	orgtre	1	1	1	1	reine=REn	Rien	tao
ne suis pas	1843918	orgtre	3	3	3	4	ne=n°,suis=s8i,pas=pa	mR@a/s@ai/-k/pa	
je ne suis pas	1825030	orgtre	4	4	4	5	je=Z°,ne=n°,suis=s8i,pas=pa	vt@a/mR@a/s@ai/-k/pa	tao
qu'il y a	1819476	orgtre	4	4	4	4	qu'=k,il=il,y=i,a=a	k-/il/i/*a	elision
c'était un	1817440	orgtre	3	3	4	4	c'=s,était=etE,un=1	s*/e/tie/@aie	elision
au cours de	1797733	orgtre	3	3	3	3	au=o,cours=kuR,de=d°	ae/k@eR/pv@a	
faveur	1796022	orgtre	1	1	2	2	faveur=fav9R	kpa/v@R	tao
une sorte de	1788921	orgtre	3	3	3	3	une=yn,sorte=sORt,de=d°	@in/setR/pv@a	
plus ou moins	1780504	orgtre	3	3	3	3	plus=ply,ou=u,moins=mw5	pmt@i/@e/mwaie	
tout ce que	1768775	orgtre	3	3	3	3	tout=tu,ce=s°,que=k°	t@e/s@a/k@a	
erreur	1764112	orgtre	1	1	2	2	erreur=ER9R	ie/R@R	tao
il n'y a pas	1757689	orgtre	5	5	5	5	il=il,n'=n,y=i,a=a,pas=pa	il/mR-/i/*a/pa	elision
naturel	1755047	orgtre	1	1	3	3	naturel=natyREl	mRa/t@i/Riel	tao
un peu de	1748818	orgtre	3	3	3	3	un=1,peu=p2,de=d°	@aie/p@ie/pv@a	
que je suis	1738290	orgtre	3	3	3	4	que=k°,je=Z°,suis=s8i	k@a/vt@a/s@ai/-k	
pour ne pas	1730275	orgtre	3	3	3	3	pour=puR,ne=n°,pas=pa	p@eR/mR@a/pa	
numéro	1729526	orgtre	1	1	3	3	numéro=nymeRo	mR@i/me/Rae	tao
dans le monde	1726557	orgtre	3	3	3	3	dans=d@,le=l°,monde=m§d	pv@/mt@a/maid	
moyenne	1718011	orgtre	1	1	2	2	moyenne=mwajEn	mwaj/ien	tao
de ce que	1717845	orgtre	3	3	3	3	de=d°,ce=s°,que=k°	pv@a/s@a/k@a	
à ce que	1715339	orgtre	3	3	3	3	à=a,ce=s°,que=k°	a/s@a/k@a	
tout de suite	1704927	orgtre	3	3	3	3	tout=tu,de=d°,suite=s8it	t@e/pv@a/s@ait	
je ne peux	1701690	orgtre	3	3	3	4	je=Z°,ne=n°,peux=p2	vt@a/mR@a/p@ie/-k	
ne peut pas	1700085	orgtre	3	3	3	3	ne=n°,peut=p2,pas=pa	mR@a/p*@ie/pa	
qu'il se	1694475	orgtre	3	3	3	3	qu'=k,il=il,se=s°	k-/il/s*@a	elision
n'est plus	1679793	orgtre	3	3	3	3	n'=n,est=E,plus=ply	mR-/ie/pmt@i	elision
comité	1677219	orgtre	1	1	3	3	comité=komite	kae/mi/te	tao
de ce qui	1674423	orgtre	3	3	3	3	de=d°,ce=s°,qui=ki	pv@a/s@a/ki	
dessous	1667610	orgtre	1	1	2	2	dessous=d°su	pv@a/s@e	tao
de l'histoire	1665290	orgtre	3	3	4	4	de=d°,l'=l,histoire=istwaR	pv@a/mt-/is/twaR	elision
en cas de	1665176	orgtre	3	3	3	3	en=@,cas=ka,de=d°	@/ka/pv@a	
opinion	1664541	orgtre	1	1	3	3	opinion=opinj§	ae/pi/mRwai	tao
l'une des	1663561	orgtre	3	2	2	2	l'une=lyn,des=de	mt*@in/pve	elision
où l'on	1655951	orgtre	3	3	3	3	où=u,l'=l,on=§	*@e/mt-/ai	elision
à l'époque	1652251	orgtre	3	3	4	4	à=a,l'=l,époque=epOk	a/mt-/e/pek	elision
difficulté	1651661	orgtre	1	1	4	4	difficulté=difikylte	pvi/kpi/k@il/te	tao
on ne peut	1647561	orgtre	3	3	3	3	on=§,ne=n°,peut=p2	ai/mR@a/p*@ie	
spectacle	1646723	orgtre	1	1	2	2	spectacle=spEktakl	spiek/takl	tao
la fin du	1635210	orgtre	3	3	3	3	la=la,fin=f5,du=dy	mta/kpaie/pv@i	
comme s'il	1634599	orgtre	3	3	3	3	comme=kOm,s'=s,il=il	kem/s-/il	elision
victime	1634449	orgtre	1	1	2	2	victime=viktim	vik/tim	tao
patient	1629494	orgtre	1	1	2	2	patient=pasj@	pa/sRw@	tao
pour la première	1617957	orgtre	3	3	4	4	pour=puR,la=la,première=pR2mjER	p@eR/mta/pR@ie/mRwieR	
il n'a	1607265	orgtre	3	3	3	3	il=il,n'=n,a=a	il/mR-/*a	elision
ce qui se	1602640	orgtre	3	3	3	3	ce=s°,qui=ki,se=s°	s@a/ki/s*@a	
c'est bien	1602602	orgtre	3	3	3	3	c'=s,est=E,bien=bj5	s*/ie/svRwaie	elision,tao
est-il	1599379	orgtre	1	2	2	2	est=E,il=il	ie/il	hyphen,tao
qu'il faut	1594379	orgtre	3	3	3	3	qu'=k,il=il,faut=fo	k-/il/kpae	elision
n'est-ce pas	1591897	orgtre	3	4	4	4	n'=n,est=E,ce=s°,pas=pa	mR-/ie/s@a/pa	elision,hyphen
tous les jours	1590588	orgtre	3	3	3	4	tous=tus,les=le,jours=ZuR	t@es/mte/vt@eR/-s	
formule	1588273	orgtre	1	1	2	2	formule=fORmyl	kpeR/m@il	tao
de la maison	1581178	orgtre	3	3	4	4	de=d°,la=la,maison=mEz§	pv@a/mta/mie/twai	
photo	1579992	orgtre	1	1	2	2	photo=foto	kpae/tae	tao
banque	1577142	orgtre	1	1	1	1	banque=b@k	sv@k	tao
se mit à	1568919	orgtre	3	3	3	4	se=s°,mit=mi,à=a	s*@a/mi/-t/a	
ce qu'ils	1566026	orgtre	3	3	3	4	ce=s°,qu'=k,ils=il	s@a/k-/il/-s	elision
rendez-vous	1565900	orgtre	1	2	3	3	rendez=R@de,vous=vu	R@/pve/v@e	hyphen,tao
que nous avons	1562076	orgtre	3	3	4	4	que=k°,nous=nu,avons=av§	k@a/mR@e/a/vai	
qui n'est	1555295	orgtre	3	3	3	3	qui=ki,n'=n,est=E	ki/mR-/ie	elision
à l'heure	1551853	orgtre	3	3	3	3	à=a,l'=l,heure=9R	a/mt-/@R	elision
d'autre part	1549086	orgtre	3	3	3	3	d'=d,autre=otR,part=paR	pv-/aetR/p*aR	elision
elle n'avait	1542919	orgtre	3	3	4	4	elle=El,n'=n,avait=avE	iel/mR-/a/vie	elision
intelligence	1542217	orgtre	1	1	4	4	intelligence=5teliZ@s	aie/te/mti/vt@s	tao
au lieu de	1527585	orgtre	3	3	3	3	au=o,lieu=lj2,de=d°	ae/mtRw@ie/pv@a	
le nom de	1525714	orgtre	3	3	3	3	le=l°,nom=n§,de=d°	mt@a/mR*ai/pv@a	
pour la première fois	1521249	orgtre	4	4	5	5	pour=puR,la=la,première=pR2mjER,fois=fwa	p@eR/mta/pR@ie/mRwieR/kpwa	
la jeune femme	1520208	orgtre	3	3	3	3	la=la,jeune=Z9n,femme=fam	mta/vt@n/kpam	
en tout cas	1517198	orgtre	3	3	3	3	en=@,tout=tu,cas=ka	@/t@e/ka	tao
parfait	1516421	orgtre	1	1	2	2	parfait=paRfE	paR/kpie	tao
après-midi	1512839	orgtre	1	2	4	4	après=apRE,midi=midi	a/pRie/mi/pvi	hyphen,tao
il n'y avait	1511264	orgtre	4	4	5	5	il=il,n'=n,y=i,avait=avE	il/mR-/i/a/vie	elision
s'agit de	1506314	orgtre	3	3	4	5	s'=s,agit=aZi,de=d°	s-/a/vti/-t/pv@a	elision
de toutes les	1502721	orgtre	3	3	3	4	de=d°,toutes=tut,les=le	pv@a/t@et/-s/mte	
qu'elle a	1499674	orgtre	3	3	3	3	qu'=k,elle=El,a=a	k-/iel/*a	elision
à cause de	1496541	orgtre	3	3	3	3	à=a,cause=koz,de=d°	a/kaenl/pv@a	
utile	1495809	orgtre	1	1	2	2	utile=ytil	@i/til	tao
particulière	1494918	orgtre	1	1	4	4	particulière=paRtikyljER	paR/ti/k@i/mtRwieR	tao
il va	1490475	orgtre	2	2	2	2	il=il,va=va	il/va	tao
il m'a	1473886	orgtre	3	3	3	3	il=il,m'=m,a=a	il/m-/*a	elision
je n'en	1473202	orgtre	3	3	3	3	je=Z°,n'=n,en=@	vt@a/mR-/@	elision
amérique	1472399	orgtre	1	1	3	3	amérique=ameRik	a/me/Rik	tao
exception	1461811	orgtre	1	1	3	3	exception=EksEpsj§	ie/ksiejk/sRwai	tao
chine	1460394	orgtre	1	1	1	1	chine=Sin	pmin	tao
à la maison	1459223	orgtre	3	3	4	4	à=a,la=la,maison=mEz§	a/mta/mie/twai	
de la loi	1454067	orgtre	3	3	3	3	de=d°,la=la,loi=lwa	pv@a/mta/mtwa	
vertu	1447225	orgtre	1	1	2	2	vertu=vERty	vieR/t@i	tao
déclaration	1446097	orgtre	1	1	4	4	déclaration=deklaRasj§	pve/kmta/Ra/sRwai	tao
régulièrement	1445689	orgtre	1	1	5	5	régulièrement=RegyljER°m@	Re/ks@i/mtRwie/R@a/m@	tao
à côté de	1438386	orgtre	3	3	4	4	à=a,côté=kote,de=d°	a/kae/te/pv@a	
s'agit d'	1437123	orgtre	3	3	4	5	s'=s,agit=aZi,d'=d	s-/a/vti/-t/pv-	elision
qu'elle est	1435145	orgtre	3	3	3	3	qu'=k,elle=El,est=E	k-/iel/ie	elision
qu'on ne	1431196	orgtre	3	3	3	3	qu'=k,on=§,ne=n°	k-/ai/mR@a	elision
et à l'	1430732	orgtre	3	3	3	3	et=e,à=a,l'=l	e/a/mt-	
c'est pour	1428690	orgtre	3	3	3	3	c'=s,est=E,pour=puR	s*/ie/p@eR	elision,tao
auparavant	1426762	orgtre	1	1	4	4	auparavant=opaRav@	ae/pa/Ra/v@	tao
chacune	1419737	orgtre	1	1	2	2	chacune=Sakyn	pma/k@in	tao
au sein de	1418312	orgtre	3	3	3	3	au=o,sein=s5,de=d°	ae/saie/pv@a	
dans le cas	1417152	orgtre	3	3	3	3	dans=d@,le=l°,cas=ka	pv@/mt@a/ka	
examen	1417045	orgtre	1	1	3	3	examen=Egzam5	iekdnl/a/maie	tao
c'était une	1413309	orgtre	3	3	4	4	c'=s,était=etE,une=yn	s*/e/tie/@in	elision
de la république	1409968	orgtre	3	3	5	5	de=d°,la=la,république=Repyblik	pv@a/mta/Re/p@i/svmtik	
l'ensemble des	1408136	orgtre	3	3	4	4	l'=l,ensemble=@s@bl,des=de	mt-/@/s@jl/pve	elision
qu'il en	1407858	orgtre	3	3	3	3	qu'=k,il=il,en=@	k-/il/@	elision
par rapport à	1404241	orgtre	3	3	4	4	par=paR,rapport=RapOR,à=a	paR/Ra/peR/a	
le droit de	1404014	orgtre	3	3	3	3	le=l°,droit=dRwa,de=d°	mt@a/pvRwa/pv@a	
d'autant plus	1402519	orgtre	3	3	4	4	d'=d,autant=ot@,plus=ply	pv-/ae/t@/pmt@i	elision
de la famille	1398925	orgtre	3	3	4	4	de=d°,la=la,famille=famij	pv@a/mta/kpa/mij	
qu'elle était	1397106	orgtre	3	3	4	4	qu'=k,elle=El,était=etE	k-/iel/e/tie	elision
au moment où	1394201	orgtre	3	3	4	4	au=o,moment=mom@,où=u	ae/mae/m@/*@e	
quelque chose de	1392334	orgtre	3	3	3	3	quelque=kElk,chose=Soz,de=d°	kiekl/pmaenl/pv@a	
mais je ne	1391562	orgtre	3	3	3	3	mais=mE,je=Z°,ne=n°	mie/vt@a/mR@a	
il faut que	1384977	orgtre	3	3	3	3	il=il,faut=fo,que=k°	il/kpae/k@a	
de l'entreprise	1381575	orgtre	3	3	5	5	de=d°,l'=l,entreprise=@tR°pRiz	pv@a/mt-/@/tR@a/pRinl	elision
exploitation	1378274	orgtre	1	1	4	4	exploitation=Eksplwatasj§	ie/kspmtwa/ta/sRwai	tao
de la nature	1376937	orgtre	3	3	4	4	de=d°,la=la,nature=natyR	pv@a/mta/mRa/t@iR	
produire	1374572	orgtre	1	1	2	2	produire=pRod8iR	pRae/pv@aiR	tao
et d'une	1372184	orgtre	3	3	3	3	et=e,d'=d,une=yn	e/pv-/@in	elision
tu vas	1368090	orgtre	2	2	2	3	tu=ty,vas=va	t@i/va/-d	tao
extrême	1352976	orgtre	1	1	2	2	extrême=EkstREm	ie/kstRiem	tao
de l'article	1350218	orgtre	3	3	4	4	de=d°,l'=l,article=aRtikl	pv@a/mt-/aR/tikl	elision
ce que nous	1346836	orgtre	3	3	3	3	ce=s°,que=k°,nous=nu	s@a/k@a/mR@e	
ne peux pas	1345916	orgtre	3	3	3	4	ne=n°,peux=p2,pas=pa	mR@a/p@ie/-k/pa	
de la guerre	1344596	orgtre	3	3	3	3	de=d°,la=la,guerre=gER	pv@a/mta/ksieR	
à l'égard	1344586	orgtre	3	3	4	4	à=a,l'=l,égard=egaR	a/mt-/e/ksaR	elision
qui s'est	1336812	orgtre	3	3	3	3	qui=ki,s'=s,est=E	ki/s-/ie	elision
volume	1335313	orgtre	1	1	2	2	volume=volym	vae/mt@im	tao
qu'il n'y	1335286	orgtre	4	4	4	4	qu'=k,il=il,n'=n,y=i	k-/il/mR-/i	elision
d'une part	1324598	orgtre	3	3	3	3	d'=d,une=yn,part=paR	pv-/@in/p*aR	elision
surpris	1324116	orgtre	1	1	2	2	surpris=syRpRi	s@iR/pRi	tao
dans ce cas	1323485	orgtre	3	3	3	3	dans=d@,ce=s°,cas=ka	pv@/s@a/ka	
il s'est	1320164	orgtre	3	3	3	3	il=il,s'=s,est=E	il/s-/ie	elision
et j'ai	1314247	orgtre	3	3	3	4	et=e,j'=Z,ai=E	e/vt-/ie/-k	elision
proposition	1312534	orgtre	1	1	4	4	proposition=pRopozisj§	pRae/pae/twi/sRwai	tao
je crois que	1311144	orgtre	3	3	3	4	je=Z°,crois=kRwa,que=k°	vt@a/kRwa/-k/k@a	
que vous avez	1306819	orgtre	3	3	4	4	que=k°,vous=vu,avez=ave	k@a/v@e/a/ve	
que je me	1306482	orgtre	3	3	3	3	que=k°,je=Z°,me=m°	k@a/vt@a/m@a	
participation	1305993	orgtre	1	1	5	5	participation=paRtisipasj§	paR/ti/si/pa/sRwai	tao
ce que l'	1295513	orgtre	3	3	3	3	ce=s°,que=k°,l'=l	s@a/k@a/mt-	
de la terre	1293420	orgtre	3	3	3	3	de=d°,la=la,terre=tER	pv@a/mta/tieR	
beaucoup d'	1292835	orgtre	2	2	3	3	beaucoup=boku,d'=d	svae/k@e/pv-	tao
vacances	1292116	orgtre	1	1	2	3	vacances=vak@s	va/k@s/-s	tao
de la même	1274870	orgtre	3	3	3	3	de=d°,la=la,même=mEm	pv@a/mta/miem	
un coup de	1267621	orgtre	3	3	3	3	un=1,coup=ku,de=d°	@aie/k@e/pv@a	
tout de même	1262464	orgtre	3	3	3	3	tout=tu,de=d°,même=mEm	t@e/pv@a/miem	
il n'en	1260248	orgtre	3	3	3	3	il=il,n'=n,en=@	il/mR-/@	elision
en matière de	1257677	orgtre	3	3	4	4	en=@,matière=matjER,de=d°	@/ma/tRwieR/pv@a	
dans tous les	1254101	orgtre	3	3	3	3	dans=d@,tous=tus,les=le	pv@/t@es/mte	
la mort de	1253654	orgtre	3	3	3	3	la=la,mort=mOR,de=d°	mta/meR/pv@a	
de sa vie	1250323	orgtre	3	3	3	3	de=d°,sa=sa,vie=vi	pv@a/s*a/vi	
d'un air	1240198	orgtre	3	3	3	3	d'=d,un=1,air=ER	pv-/@aie/ieR	elision
coup d'œil	1239655	orgtre	3	3	3	3	coup=ku,d'=d,œil=9j	k@e/pv-/@j	elision
c'est vrai	1239626	orgtre	3	3	3	3	c'=s,est=E,vrai=vRE	s*/ie/vRie	elision,tao
faim	1227008	orgtre	1	1	1	1	faim=f5	kp*aie	tao
remarque	1218389	orgtre	1	1	2	2	remarque=R°maRk	R@a/makR	tao
discussion	1201831	orgtre	1	1	3	3	discussion=diskysj§	pvis/k@i/sRwai	tao
malheureusement	1194485	orgtre	1	1	5	5	malheureusement=mal2R2z°m@	ma/mt@ie/R@ie/tw@a/m@	tao
raconte	1177287	orgtre	1	1	2	2	raconte=Rak§t	Ra/kait	tao
secrétaire	1174602	orgtre	1	1	3	3	secrétaire=s°kRetER	s@a/kRe/tieR	tao
poursuivre	1134888	orgtre	1	1	2	2	poursuivre=puRs8ivR	p@eR/s@aijsR	tao
patrimoine	1121080	orgtre	1	1	3	3	patrimoine=patRimwan	pa/tRi/mwan	tao
il s'agit de	1113365	orgtre	4	4	5	6	il=il,s'=s,agit=aZi,de=d°	il/s-/a/vti/-t/pv@a	elision
transport	1106956	orgtre	1	1	2	2	transport=tR@spOR	tR@s/peR	tao
chemise	1094546	orgtre	1	1	2	2	chemise=S°miz	pm@a/minl	tao
véhicule	1091687	orgtre	1	1	3	3	véhicule=veikyl	ve/i/k@il	tao
tout à coup	1076218	orgtre	3	3	3	3	tout=tu,à=a,coup=ku	t@e/a/k@e	tao
extrêmement	1064685	orgtre	1	1	4	4	extrêmement=EkstREm°m@	ie/kstRie/m@a/m@	tao
dollars	1054995	orgtre	1	1	2	3	dollars=dolaR	pvae/mtaR/-s	tao
jusqu'à ce que	1041109	orgtre	4	3	4	4	jusqu'à=Zyska,ce=s°,que=k°	vt@is/ka/s@a/k@a	elision
je ne peux pas	1030781	orgtre	4	4	4	5	je=Z°,ne=n°,peux=p2,pas=pa	vt@a/mR@a/p@ie/-k/pa	
effectivement	1028625	orgtre	1	1	5	5	effectivement=efEktiv°m@	e/kpiek/ti/v@a/m@	tao
parfaite	1020412	orgtre	1	1	2	2	parfaite=paRfEt	paR/kpiet	tao
perception	1020309	orgtre	1	1	3	3	perception=pERsEpsj§	pieR/siejk/sRwai	tao
règlement	1016916	orgtre	1	1	3	3	règlement=REgl°m@	Rie/ksmt@a/m@	tao
canada	1012798	orgtre	1	1	3	3	canada=kanada	ka/mRa/pva	tao
de l'autre côté	1011091	orgtre	4	4	5	5	de=d°,l'=l,autre=otR,côté=kote	pv@a/mt-/aetR/kae/te	elision
n'y a pas de	1007854	orgtre	5	5	5	5	n'=n,y=i,a=a,pas=pa,de=d°	mR-/i/*a/pa/pv@a	elision
ressemble	1002364	orgtre	1	1	2	2	ressemble=R°s@bl	R@a/s@jl	tao
conférence	998406	orgtre	1	1	3	3	conférence=k§feR@s	kai/kpe/R@s	tao
n'est pas un	996539	orgtre	4	4	4	4	n'=n,est=E,pas=pa,un=1	mR-/ie/pa/@aie	elision
il s'agit d'	995769	orgtre	4	4	5	6	il=il,s'=s,agit=aZi,d'=d	il/s-/a/vti/-t/pv-	elision
qui n'est pas	994222	orgtre	4	4	4	4	qui=ki,n'=n,est=E,pas=pa	ki/mR-/ie/pa	elision
un coup d'œil	990699	orgtre	4	4	4	4	un=1,coup=ku,d'=d,œil=9j	@aie/k@e/pv-/@j	elision
bouteille	989772	orgtre	1	1	2	2	bouteille=butEj	sv@e/tiej	tao
en bas	989026	orgtre	2	2	2	2	en=@,bas=ba	@/sv*a	tao
province	988475	orgtre	1	1	2	2	province=pRov5s	pRae/vaies	tao
immeuble	988172	orgtre	1	1	2	2	immeuble=im9bl	i/m@jl	tao
mardi	986833	orgtre	1	1	2	2	mardi=maRdi	maR/pvi	tao
pareil	970369	orgtre	1	1	2	2	pareil=paREj	pa/Riej	tao
il y a des	958778	orgtre	4	4	4	4	il=il,y=i,a=a,des=de	il/i/*a/pve	
avez-vous	958343	orgtre	1	2	3	3	avez=ave,vous=vu	a/ve/v@e	hyphen,tao
je n'avais pas	950747	orgtre	4	4	5	6	je=Z°,n'=n,avais=avE,pas=pa	vt@a/mR-/a/vie/-d/pa	elision
dans le cadre de	943785	orgtre	4	4	4	4	dans=d@,le=l°,cadre=kadR,de=d°	pv@/mt@a/kadR/pv@a	
témoin	940054	orgtre	1	1	2	2	témoin=temw5	te/mwaie	tao
c'est ce que	930396	orgtre	4	4	4	4	c'=s,est=E,ce=s°,que=k°	s*/ie/s@a/k@a	elision
je ne veux pas	928387	orgtre	4	4	4	5	je=Z°,ne=n°,veux=v2,pas=pa	vt@a/mR@a/v@ie/-k/pa	
dans la mesure où	921209	orgtre	4	4	5	5	dans=d@,la=la,mesure=m°zyR,où=u	pv@/mta/m@a/tw@iR/*@e	
prochaine	920167	orgtre	1	1	2	2	prochaine=pRoSEn	pRae/pmien	tao
transfert	917782	orgtre	1	1	2	2	transfert=tR@sfER	tR@s/kpieR	tao
n'est pas le	916197	orgtre	4	4	4	4	n'=n,est=E,pas=pa,le=l°	mR-/ie/pa/mt@a	elision
ce que l'on	908720	orgtre	4	4	4	4	ce=s°,que=k°,l'=l,on=§	s@a/k@a/mt-/ai	elision
radio	906601	orgtre	1	1	2	2	radio=Radjo	Ra/pvRwae	tao
comporte	902791	orgtre	1	1	2	2	comporte=k§pORt	kai/petR	tao
qu'avec	900191	orgtre	2	2	3	3	qu'=k,avec=avEk	k-/a/viek	elision,tao
à la fin de	898756	orgtre	4	4	4	4	à=a,la=la,fin=f5,de=d°	a/mta/kpaie/pv@a	
en ce qui concerne	891002	orgtre	4	4	5	5	en=@,ce=s°,qui=ki,concerne=k§sERn	@/s@a/ki/kai/sieRn	
département	890219	orgtre	1	1	4	4	département=depaRt°m@	pve/paR/t@a/m@	tao
calcul	880897	orgtre	1	1	2	2	calcul=kalkyl	kal/k@il	tao
je n'ai jamais	877872	orgtre	4	4	5	6	je=Z°,n'=n,ai=E,jamais=ZamE	vt@a/mR-/ie/-k/vta/mie	elision
il y a un	874771	orgtre	4	4	4	4	il=il,y=i,a=a,un=1	il/i/*a/@aie	
il n'avait pas	874103	orgtre	4	4	5	5	il=il,n'=n,avait=avE,pas=pa	il/mR-/a/vie/pa	elision
n'est pas une	871725	orgtre	4	4	4	4	n'=n,est=E,pas=pa,une=yn	mR-/ie/pa/@in	elision
me dire	852666	orgtre	2	2	2	2	me=m°,dire=diR	m@a/pviR	tao
ce que j'ai	851681	orgtre	4	4	4	5	ce=s°,que=k°,j'=Z,ai=E	s@a/k@a/vt-/ie/-k	elision
grand-mère	841549	orgtre	1	2	2	2	grand=gR@,mère=mER	ksR@/mieR	hyphen,tao
utilise	835206	orgtre	1	1	3	3	utilise=ytiliz	@i/ti/mtinl	tao
magasin	828411	orgtre	1	1	3	3	magasin=magaz5	ma/ksa/twaie	tao
témoignage	823059	orgtre	1	1	3	3	témoignage=temwaNaZ	te/mwa/waZ	tao
prochain	822422	orgtre	1	1	2	2	prochain=pRoS5	pRae/pmaie	tao
qu'est-ce que tu	813653	orgtre	4	5	5	5	qu'=k,est=E,ce=s°,que=k°,tu=ty	k-/ie/s@a/k@a/t@i	elision,hyphen
résulte	813461	orgtre	1	1	2	2	résulte=Rezylt	Re/tw@itl	tao
il y a une	809157	orgtre	4	4	4	4	il=il,y=i,a=a,une=yn	il/i/*a/@in	
totalité	801596	orgtre	1	1	4	4	totalité=totalite	tae/ta/mti/te	tao
poursuit	801006	orgtre	1	1	2	2	poursuit=puRs8i	p@eR/s@ai	tao
logement	800818	orgtre	1	1	3	3	logement=lOZ°m@	mte/vt@a/m@	tao
employé	794539	orgtre	1	1	3	3	employé=@plwaje	@jk/mtwaj/e	tao
il n'a pas	794109	orgtre	4	4	4	4	il=il,n'=n,a=a,pas=pa	il/mR-/*a/pa	elision
salaire	789204	orgtre	1	1	2	2	salaire=salER	sa/mtieR	tao
égal	784733	orgtre	1	1	2	2	égal=egal	e/ksal	tao
grand-père	782142	orgtre	1	2	2	2	grand=gR@,père=pER	ksR@/pieR	hyphen,tao
il n'était pas	779564	orgtre	4	4	5	5	il=il,n'=n,était=etE,pas=pa	il/mR-/e/tie/pa	elision
tu le	778820	orgtre	2	2	2	2	tu=ty,le=l°	t@i/mt@a	tao
la fin de la	773199	orgtre	4	4	4	4	la=la,fin=f5,de=d°,la=la	mta/kpaie/pv@a/mta	
arrête	766669	orgtre	1	1	2	2	arrête=aREt	a/Riet	tao
il ne faut pas	764255	orgtre	4	4	4	4	il=il,ne=n°,faut=fo,pas=pa	il/mR@a/kpae/pa	
employeur	760870	orgtre	1	1	3	3	employeur=@plwaj9R	@jk/mtwaj/@R	tao
satisfaire	756283	orgtre	1	1	3	3	satisfaire=satisfER	sa/tis/kpieR	tao
familial	750417	orgtre	1	1	3	3	familial=familjal	kpa/mi/mtRwal	tao
n'y avait pas	747427	orgtre	4	4	5	5	n'=n,y=i,avait=avE,pas=pa	mR-/i/a/vie/pa	elision
à la fin du	745206	orgtre	4	4	4	4	à=a,la=la,fin=f5,du=dy	a/mta/kpaie/pv@i	
c'est ça	744793	fill	3	3	3	3	c'=s,est=E,ça=sa	s*/ie/sa	elision,tao
apporte	742133	orgtre	1	1	2	2	apporte=apORt	a/petR	tao
tout ce qu'il	738510	orgtre	4	4	4	4	tout=tu,ce=s°,qu'=k,il=il	t@e/s@a/k-/il	elision
excellent	737136	orgtre	1	1	3	3	excellent=EksEl@	ie/ksie/mt@	tao
commercial	729534	orgtre	1	1	3	3	commercial=komERsjal	kae/mieR/sRwal	tao
probable	728422	orgtre	1	1	3	3	probable=pRobabl°	pRae/sva/svmt@a	tao
mandat	724626	orgtre	1	1	2	2	mandat=m@da	m@/pva	tao
tout à l'heure	716795	orgtre	4	4	4	4	tout=tu,à=a,l'=l,heure=9R	t@e/a/mt-/@R	elision,tao
pour ça	715120	orgtre	2	2	2	2	pour=puR,ça=sa	p@eR/sa	tao
ce qu'il y	711549	orgtre	4	4	4	4	ce=s°,qu'=k,il=il,y=i	s@a/k-/il/i	elision
elle n'avait pas	701807	orgtre	4	4	5	5	elle=El,n'=n,avait=avE,pas=pa	iel/mR-/a/vie/pa	elision
faculté	701403	orgtre	1	1	3	3	faculté=fakylte	kpa/k@il/te	tao
chômage	699721	orgtre	1	1	2	2	chômage=SomaZ	pmae/maZ	tao
qu'il y avait	699177	orgtre	4	4	5	5	qu'=k,il=il,y=i,avait=avE	k-/il/i/a/vie	elision
que je n'ai	694390	orgtre	4	4	4	5	que=k°,je=Z°,n'=n,ai=E	k@a/vt@a/mR-/ie/-k	elision
occupe	691129	orgtre	1	1	2	2	occupe=okyp	ae/k@ijk	tao
participe	687313	orgtre	1	1	3	3	participe=paRtisip	paR/ti/sijk	tao
tu n'as pas	684975	orgtre	4	4	4	5	tu=ty,n'=n,as=a,pas=pa	t@i/mR-/a/-d/pa	elision
patience	678233	orgtre	1	1	2	2	patience=pasj@s	pa/sRw@s	tao
ce qui se passe	673317	orgtre	4	4	4	4	ce=s°,qui=ki,se=s°,passe=pas	s@a/ki/s*@a/pas	
il ne s'agit	672719	orgtre	4	4	5	6	il=il,ne=n°,s'=s,agit=aZi	il/mR@a/s-/a/vti/-t	elision
combien de	669262	orgtre	2	2	3	3	combien=k§bj5,de=d°	kai/svRwaie/pv@a	tao
n'est pas la	663474	orgtre	4	4	4	4	n'=n,est=E,pas=pa,la=la	mR-/ie/pa/mta	elision
qu'il s'agit	662412	orgtre	4	4	5	6	qu'=k,il=il,s'=s,agit=aZi	k-/il/s-/a/vti/-t	elision
avec vous	658276	orgtre	2	2	3	3	avec=avEk,vous=vu	a/viek/v@e	tao
à l'intérieur de	657185	orgtre	4	4	6	6	à=a,l'=l,intérieur=5teRj9R,de=d°	a/mt-/aie/te/Rw@R/pv@a	elision
leçon	654618	orgtre	1	1	2	2	leçon=l°s§	mt@a/sai	tao
n'a pas été	654453	orgtre	4	4	5	5	n'=n,a=a,pas=pa,été=ete	mR-/*a/pa/e/te	elision
c'est le cas	652890	orgtre	4	4	4	4	c'=s,est=E,le=l°,cas=ka	s*/ie/mt@a/ka	elision
qu'il n'avait	650311	orgtre	4	4	5	5	qu'=k,il=il,n'=n,avait=avE	k-/il/mR-/a/vie	elision
du point de vue	647735	orgtre	4	4	4	5	du=dy,point=pw5,de=d°,vue=vy	pv@i/pwaie/pv@a/v@i/-j	
bénéfice	647193	orgtre	1	1	3	3	bénéfice=benefis	sve/mRe/kpis	tao
dommage	645738	orgtre	1	1	2	2	dommage=domaZ	pvae/maZ	tao
mécanique	640568	orgtre	1	1	3	3	mécanique=mekanik	me/ka/mRik	tao
quoi que ce soit	640311	orgtre	4	4	4	5	quoi=kwa,que=k°,ce=s°,soit=swa	kwa/k@a/s@a/swa/-R	
de temps en temps	639982	orgtre	4	4	4	4	de=d°,temps=t@,en=@,temps=t@	pv@a/t*@/@/t*@	
ce que c'est	638792	orgtre	4	4	4	4	ce=s°,que=k°,c'=s,est=E	s@a/k@a/s*/ie	elision
étudiant	638342	orgtre	1	1	3	3	étudiant=etydj@	e/t@i/pvRw@	tao
à l'égard de	631104	orgtre	4	4	5	5	à=a,l'=l,égard=egaR,de=d°	a/mt-/e/ksaR/pv@a	elision
droits de l'homme	630670	orgtre	4	4	4	5	droits=dRwa,de=d°,l'=l,homme=Om	pvRwa/-s/pv@a/mt-/em	elision
paragraphe	629019	orgtre	1	1	3	3	paragraphe=paRagRaf	pa/Ra/ksRasd	tao
de ce qu'il	625469	orgtre	4	4	4	4	de=d°,ce=s°,qu'=k,il=il	pv@a/s@a/k-/il	elision
bien-être	625148	orgtre	1	2	2	2	bien=bj5,être=EtR	svRwaie/ietR	hyphen,tao
combattre	623811	orgtre	1	1	2	2	combattre=k§batR	kai/svatR	tao
répète	618079	orgtre	1	1	2	2	répète=RepEt	Re/piet	tao
accepte	607437	orgtre	1	1	2	2	accepte=aksEpt	ak/siejkt	tao
rapporte	606049	orgtre	1	1	2	2	rapporte=RapORt	Ra/petR	tao
que l'on peut	601502	orgtre	4	4	4	4	que=k°,l'=l,on=§,peut=p2	k@a/mt-/ai/p*@ie	elision
vous n'avez pas	598077	orgtre	4	4	5	5	vous=vu,n'=n,avez=ave,pas=pa	v@e/mR-/a/ve/pa	elision
une fois de plus	596005	orgtre	4	4	4	4	une=yn,fois=fwa,de=d°,plus=ply	@in/kpwa/pv@a/pmt@i	
qu'il n'y a	593475	orgtre	5	5	5	5	qu'=k,il=il,n'=n,y=i,a=a	k-/il/mR-/i/*a	elision
mais ce n'est	592841	orgtre	4	4	4	4	mais=mE,ce=s°,n'=n,est=E	mie/s@a/mR-/ie	elision
on ne peut pas	592394	orgtre	4	4	4	4	on=§,ne=n°,peut=p2,pas=pa	ai/mR@a/p*@ie/pa	
un certain nombre de	585454	orgtre	4	4	5	5	un=1,certain=sERt5,nombre=n§bR,de=d°	@aie/sieR/taie/mRaijR/pv@a	
mercredi	580696	orgtre	1	1	3	3	mercredi=mERkR°di	mieR/kR@a/pvi	tao
c'est ainsi que	576338	orgtre	4	4	5	5	c'=s,est=E,ainsi=5si,que=k°	s*/ie/aie/si/k@a	elision
enseigne	576199	orgtre	1	1	2	2	enseigne=@sEN	@/sietn	tao
poursuite	574565	orgtre	1	1	2	2	poursuite=puRs8it	p@eR/s@ait	tao
réside	571638	orgtre	1	1	2	2	réside=Rezid	Re/twid	tao
excellente	565228	orgtre	1	1	3	3	excellente=EksEl@t	ie/ksie/mt@t	tao
la mise en place	563479	orgtre	4	4	4	5	la=la,mise=miz,en=@,place=plas	mta/minl/-j/@/pmtas	
confirme	563256	orgtre	1	1	2	2	confirme=k§fiRm	kai/kpiRm	tao
remercie	562134	orgtre	1	1	3	3	remercie=R°mERsi	R@a/mieR/si	tao
s'agit d'une	559129	orgtre	4	4	5	6	s'=s,agit=aZi,d'=d,une=yn	s-/a/vti/-t/pv-/@in	elision
communautaire	554930	orgtre	1	1	4	4	communautaire=komynotER	kae/m@i/mRae/tieR	tao
s'agit d'un	549962	orgtre	4	4	5	6	s'=s,agit=aZi,d'=d,un=1	s-/a/vti/-t/pv-/@aie	elision
premier ministre	549804	orgtre	2	2	4	4	premier=pR2mje,ministre=ministR	pR@ie/mRwe/mi/mRistR	tao
il y en a	546519	orgtre	4	4	4	4	il=il,y=i,en=@,a=a	il/i/@/*a	
aviez	545501	orgtre	1	1	2	2	aviez=avje	a/vRwe	tao
la mise en œuvre	545460	orgtre	4	4	4	5	la=la,mise=miz,en=@,œuvre=9vR	mta/minl/-j/@/@jsR	
apport	545416	orgtre	1	1	2	2	apport=apOR	a/peR	tao
c'est moi	538680	orgtre	3	3	3	3	c'=s,est=E,moi=mwa	s*/ie/mwa	elision,tao
de la part de	534919	orgtre	4	4	4	4	de=d°,la=la,part=paR,de=d°	pv@a/mta/p*aR/pv@a	
ne s'agit pas	526274	orgtre	4	4	5	6	ne=n°,s'=s,agit=aZi,pas=pa	mR@a/s-/a/vti/-t/pa	elision
conforme	525441	orgtre	1	1	2	2	conforme=k§fORm	kai/kpeRm	tao
procureur	524831	orgtre	1	1	3	3	procureur=pRokyR9R	pRae/k@i/R@R	tao
ce qu'il y a	524775	orgtre	5	5	5	5	ce=s°,qu'=k,il=il,y=i,a=a	s@a/k-/il/i/*a	elision
en même temps que	524271	orgtre	4	4	4	4	en=@,même=mEm,temps=t@,que=k°	@/miem/t*@/k@a	
fondamental	523813	orgtre	1	1	4	4	fondamental=f§dam@tal	kpai/pva/m@/tal	tao
boulevard	522713	orgtre	1	1	3	3	boulevard=bul°vaR	sv@e/mt@a/vaR	tao
au sein de la	521457	orgtre	4	4	4	4	au=o,sein=s5,de=d°,la=la	ae/saie/pv@a/mta	
si ce n'est	520332	orgtre	4	4	4	4	si=si,ce=s°,n'=n,est=E	si/s@a/mR-/ie	elision
proportion	518069	orgtre	1	1	3	3	proportion=pRopORsj§	pRae/peR/sRwai	tao
il n'y avait pas	517845	orgtre	5	5	6	6	il=il,n'=n,y=i,avait=avE,pas=pa	il/mR-/i/a/vie/pa	elision
de ça	512360	fill	2	2	2	2	de=d°,ça=sa	pv@a/sa	tao
que ce n'est	506744	orgtre	4	4	4	4	que=k°,ce=s°,n'=n,est=E	k@a/s@a/mR-/ie	elision
excellence	505110	orgtre	1	1	3	3	excellence=EksEl@s	ie/ksie/mt@s	tao
ce qui s'est	502738	orgtre	4	4	4	4	ce=s°,qui=ki,s'=s,est=E	s@a/ki/s-/ie	elision
qu'il n'est	500948	orgtre	4	4	4	4	qu'=k,il=il,n'=n,est=E	k-/il/mR-/ie	elision
suggère	498006	orgtre	1	1	2	2	suggère=sygZER	s@ikd/vtieR	tao
c'est ce qui	496172	orgtre	4	4	4	4	c'=s,est=E,ce=s°,qui=ki	s*/ie/s@a/ki	elision
qu'il en soit	493919	orgtre	4	4	4	5	qu'=k,il=il,en=@,soit=swa	k-/il/@/swa/-R	elision
des droits de l'	493600	orgtre	4	4	4	5	des=de,droits=dRwa,de=d°,l'=l	pve/pvRwa/-s/pv@a/mt-	
il faut que je	491732	orgtre	4	4	4	4	il=il,faut=fo,que=k°,je=Z°	il/kpae/k@a/vt@a	
tu n'es pas	491618	orgtre	4	4	4	5	tu=ty,n'=n,es=E,pas=pa	t@i/mR-/ie/-d/pa	elision
la fin de l'	489216	orgtre	4	4	4	4	la=la,fin=f5,de=d°,l'=l	mta/kpaie/pv@a/mt-	
franchement	488699	orgtre	1	1	3	3	franchement=fR@S°m@	kpR@/pm@a/m@	tao
j'ai l'impression	485427	orgtre	4	4	6	7	j'=Z,ai=E,l'=l,impression=5pResj§	vt-/ie/-k/mt-/aie/pRe/sRwai	elision
sur le point de	483156	orgtre	4	4	4	4	sur=syR,le=l°,point=pw5,de=d°	s@iR/mt@a/pwaie/pv@a	
million	482260	orgtre	1	1	2	2	million=milj§	mi/mtRwai	tao
photographie	481336	orgtre	1	1	4	4	photographie=fotogRafi	kpae/tae/ksRa/kpi	tao
tout au long de	481243	orgtre	4	4	4	4	tout=tu,au=o,long=l§,de=d°	t@e/ae/mtai/pv@a	
exact	479973	orgtre	1	1	2	2	exact=Egzakt	iekdnl/akt	tao
vous étiez	479034	fill	2	2	3	3	vous=vu,étiez=etje	v@e/e/tRwe	tao
président de la république	478791	orgtre	4	4	8	8	président=pRezid@,de=d°,la=la,république=Repyblik	pRe/twi/pv@/pv@a/mta/Re/p@i/svmtik	
au milieu de la	477461	orgtre	4	4	5	5	au=o,milieu=milj2,de=d°,la=la	ae/mi/mtRw@ie/pv@a/mta	
l'un d'eux	474842	orgtre	4	3	3	3	l'un=l1,d'=d,eux=2	mt@aie/pv-/@ie	elision
ce n'est pas le	467598	orgtre	5	5	5	5	ce=s°,n'=n,est=E,pas=pa,le=l°	s@a/mR-/ie/pa/mt@a	elision
légal	467222	orgtre	1	1	2	2	légal=legal	mte/ksal	tao
mais ce n'est pas	464850	orgtre	5	5	5	5	mais=mE,ce=s°,n'=n,est=E,pas=pa	mie/s@a/mR-/ie/pa	elision
elle peut	464733	orgtre	2	2	2	2	elle=El,peut=p2	iel/p*@ie	tao
sépare	461941	orgtre	1	1	2	2	sépare=sepaR	se/paR	tao
des droits de l'homme	460241	orgtre	5	5	5	6	des=de,droits=dRwa,de=d°,l'=l,homme=Om	pve/pvRwa/-s/pv@a/mt-/em	elision
manœuvre	455531	orgtre	1	1	2	2	manœuvre=man9vR	ma/mR@jsR	tao
tu fais	447839	orgtre	2	2	2	3	tu=ty,fais=fE	t@i/kpie/-k	tao
quatorze	446641	orgtre	1	1	2	2	quatorze=katORz	ka/teRnl	tao
il ne s'agit pas	445421	orgtre	5	5	6	7	il=il,ne=n°,s'=s,agit=aZi,pas=pa	il/mR@a/s-/a/vti/-t/pa	elision
bancaire	441318	orgtre	1	1	2	2	bancaire=b@kER	sv@/kieR	tao
compagne	440875	orgtre	1	1	2	2	compagne=k§paN	kai/patn	tao
architecte	435652	orgtre	1	1	3	3	architecte=aRSitEkt	aR/pmi/tiekt	tao
ce qui s'est passé	424148	orgtre	5	5	6	6	ce=s°,qui=ki,s'=s,est=E,passé=pase	s@a/ki/s-/ie/pa/se	elision
régulière	423476	orgtre	1	1	3	3	régulière=RegyljER	Re/ks@i/mtRwieR	tao
que ce n'est pas	414756	orgtre	5	5	5	5	que=k°,ce=s°,n'=n,est=E,pas=pa	k@a/s@a/mR-/ie/pa	elision
organise	406619	orgtre	1	1	3	3	organise=ORganiz	eR/ksa/mRinl	tao
camion	405641	orgtre	1	1	2	2	camion=kamj§	ka/mRwai	tao
de l'autre côté de	403107	orgtre	5	5	6	6	de=d°,l'=l,autre=otR,côté=kote,de=d°	pv@a/mt-/aetR/kae/te/pv@a	elision
c'est mon	401319	fill	3	3	3	3	c'=s,est=E,mon=m§	s*/ie/mai	elision,tao
intelligent	400191	orgtre	1	1	4	4	intelligent=5teliZ@	aie/te/mti/vt@	tao
il s'agit d'une	392737	orgtre	5	5	6	7	il=il,s'=s,agit=aZi,d'=d,une=yn	il/s-/a/vti/-t/pv-/@in	elision
combien de temps	387388	orgtre	3	3	4	4	combien=k§bj5,de=d°,temps=t@	kai/svRwaie/pv@a/t*@	tao
continu	386803	orgtre	1	1	3	3	continu=k§tiny	kai/ti/mR*@i	tao
quoi qu'il en soit	384019	orgtre	5	5	5	6	quoi=kwa,qu'=k,il=il,en=@,soit=swa	kwa/k-/il/@/swa/-R	elision
excuse	382983	orgtre	1	1	2	2	excuse=Ekskyz	ie/ks@inl	tao
ce n'est pas un	380531	orgtre	5	5	5	5	ce=s°,n'=n,est=E,pas=pa,un=1	s@a/mR-/ie/pa/@aie	elision
c'est au	380527	fill	3	3	3	3	c'=s,est=E,au=o	s*/ie/ae	elision,tao
êtes-vous	380315	orgtre	1	2	2	2	êtes=Et,vous=vu	iet/v@e	hyphen,tao
tu as fait	378729	fill	3	3	3	4	tu=ty,as=a,fait=fE	t@i/a/-d/kpie	tao
ce n'est pas la	372162	orgtre	5	5	5	5	ce=s°,n'=n,est=E,pas=pa,la=la	s@a/mR-/ie/pa/mta	elision
que je n'ai pas	371541	orgtre	5	5	5	6	que=k°,je=Z°,n'=n,ai=E,pas=pa	k@a/vt@a/mR-/ie/-k/pa	elision
il s'agit d'un	369404	orgtre	5	5	6	7	il=il,s'=s,agit=aZi,d'=d,un=1	il/s-/a/vti/-t/pv-/@aie	elision
il n'y a plus	367721	orgtre	5	5	5	5	il=il,n'=n,y=i,a=a,plus=ply	il/mR-/i/*a/pmt@i	elision
régulier	367237	orgtre	1	1	3	3	régulier=Regylje	Re/ks@i/mtRwe	tao
il n'y a rien	361710	orgtre	5	5	5	5	il=il,n'=n,y=i,a=a,rien=Rj5	il/mR-/i/*a/Rwaie	elision
refaire	359742	orgtre	1	1	2	2	refaire=R°fER	R@a/kpieR	tao
intéresse	359731	orgtre	1	1	3	3	intéresse=5teREs	aie/te/Ries	tao
pertinence	356179	orgtre	1	1	3	3	pertinence=pERtin@s	pieR/ti/mR@s	tao
conseil d'administration	355263	fill	3	3	8	8	conseil=k§sEj,d'=d,administration=administRasj§	kai/siej/pv-/ad/mi/mRis/tRa/sRwai	elision,tao
épargne	352703	orgtre	1	1	2	2	épargne=epaRN	e/patRn	tao
avec votre	351563	fill	2	2	3	3	avec=avEk,votre=vOtR	a/viek/vetR	tao
ce n'est pas une	349034	orgtre	5	5	5	5	ce=s°,n'=n,est=E,pas=pa,une=yn	s@a/mR-/ie/pa/@in	elision
c'est trop	346620	fill	3	3	3	3	c'=s,est=E,trop=tRo	s*/ie/tRae	elision,tao
elle fait	344036	fill	2	2	2	2	elle=El,fait=fE	iel/kpie	tao
qu'il n'est pas	334980	orgtre	5	5	5	5	qu'=k,il=il,n'=n,est=E,pas=pa	k-/il/mR-/ie/pa	elision
patiente	332969	orgtre	1	1	2	2	patiente=pasj@t	pa/sRw@t	tao
l'autre côté de la	332480	orgtre	5	5	6	6	l'=l,autre=otR,côté=kote,de=d°,la=la	mt-/aetR/kae/te/pv@a/mta	elision
fédéral	332308	orgtre	1	1	3	3	fédéral=fedeRal	kpe/pve/Ral	tao
s'il vous plaît	330385	orgtre	4	4	4	4	s'=s,il=il,vous=vu,plaît=plE	s-/il/v@e/pmtie	elision,tao
jeta un coup d'œil	327478	orgtre	5	5	6	6	jeta=Z°ta,un=1,coup=ku,d'=d,œil=9j	vt@a/ta/@aie/k@e/pv-/@j	elision
qu'il y a de	326546	orgtre	5	5	5	5	qu'=k,il=il,y=i,a=a,de=d°	k-/il/i/*a/pv@a	elision
respecte	325253	orgtre	1	1	2	2	respecte=REspEkt	Ries/piekt	tao
chêne	319749	orgtre	1	1	1	1	chêne=SEn	pm*ien	tao
d'un point de vue	318447	orgtre	5	5	5	6	d'=d,un=1,point=pw5,de=d°,vue=vy	pv-/@aie/pwaie/pv@a/v@i/-j	elision
qu'il n'avait pas	317489	orgtre	5	5	6	6	qu'=k,il=il,n'=n,avait=avE,pas=pa	k-/il/mR-/a/vie/pa	elision
partenariat	314560	orgtre	1	1	4	4	partenariat=paRt°naRja	paR/t@a/mRa/Rwa	tao
immobilier	312282	orgtre	1	1	4	4	immobilier=imobilje	i/mae/svi/mtRwe	tao
nous savons	311731	fill	2	2	3	3	nous=nu,savons=sav§	mR@e/sa/v*ai	tao
qu'il n'y avait	308964	orgtre	5	5	6	6	qu'=k,il=il,n'=n,y=i,avait=avE	k-/il/mR-/i/a/vie	elision
produite	307229	orgtre	1	1	2	3	produite=pRod8it	pRae/pv@ait/-j	tao
dans le cadre de la	304765	orgtre	5	5	5	5	dans=d@,le=l°,cadre=kadR,de=d°,la=la	pv@/mt@a/kadR/pv@a/mta	
autorise	301114	orgtre	1	1	3	3	autorise=otoRiz	ae/tae/Rinl	tao
finance	297183	orgtre	1	1	2	2	finance=fin@s	kpi/mR@s	tao
il n'y a que	295958	orgtre	5	5	5	5	il=il,n'=n,y=i,a=a,que=k°	il/mR-/i/*a/k@a	elision
spécifiquement	294636	orgtre	1	1	5	5	spécifiquement=spesifik°m@	spe/si/kpi/k@a/m@	tao
certificat	291861	orgtre	1	1	4	4	certificat=sERtifika	sieR/ti/kpi/ka	tao
jusqu'à ce qu'il	291525	orgtre	5	4	5	5	jusqu'à=Zyska,ce=s°,qu'=k,il=il	vt@is/ka/s@a/k-/il	elision
ce qui n'est pas	290544	orgtre	5	5	5	5	ce=s°,qui=ki,n'=n,est=E,pas=pa	s@a/ki/mR-/ie/pa	elision
maintes	288724	orgtre	1	1	1	1	maintes=m5t	maiet	tao
à la fin de la	286729	orgtre	5	5	5	5	à=a,la=la,fin=f5,de=d°,la=la	a/mta/kpaie/pv@a/mta	
n'y a pas d'	284747	orgtre	5	5	5	5	n'=n,y=i,a=a,pas=pa,d'=d	mR-/i/*a/pa/pv-	elision
l'un de l'autre	279841	orgtre	5	4	4	4	l'un=l1,de=d°,l'=l,autre=otR	mt@aie/pv@a/mt-/aetR	elision
ouvert tous les jours de	276334	orgtre	5	5	6	7	ouvert=uvER,tous=tus,les=le,jours=ZuR,de=d°	@e/vieR/t@es/mte/vt@eR/-s/pv@a	
facture	275536	orgtre	1	1	2	2	facture=faktyR	kpak/t@iR	tao
qu'est-ce que c'est	274232	orgtre	5	6	6	6	qu'=k,est=E,ce=s°,que=k°,c'=s,est=E	k-/ie/s@a/k@a/s*/ie	elision,hyphen
crayon	273954	orgtre	1	1	2	2	crayon=kREj§	kRiej/ai	tao
intelligente	273164	orgtre	1	1	4	4	intelligente=5teliZ@t	aie/te/mti/vt@t	tao
médicament	269795	orgtre	1	1	4	4	médicament=medikam@	me/pvi/ka/m@	tao
que ce n'était pas	268812	orgtre	5	5	6	6	que=k°,ce=s°,n'=n,était=etE,pas=pa	k@a/s@a/mR-/e/tie/pa	elision
recommande	268793	orgtre	1	1	3	3	recommande=R°kom@d	R@a/kae/m@d	tao
en ce qui concerne les	267558	orgtre	5	5	6	6	en=@,ce=s°,qui=ki,concerne=k§sERn,les=le	@/s@a/ki/kai/sieRn/mte	
n'y avait pas de	267206	orgtre	5	5	6	6	n'=n,y=i,avait=avE,pas=pa,de=d°	mR-/i/a/vie/pa/pv@a	elision
rassemble	267131	orgtre	1	1	2	2	rassemble=Ras@bl	Ra/s@jl	tao
meuble	259285	orgtre	1	1	1	1	meuble=m9bl	m@jl	tao
extra	257689	orgtre	1	1	2	2	extra=EkstRa	ie/kstRa	tao
l'un et l'autre	256971	orgtre	5	4	4	4	l'un=l1,et=e,l'=l,autre=otR	mt@aie/e/mt-/aetR	elision
interruption	256942	orgtre	1	1	4	4	interruption=5tERypsj§	aie/tie/R@ijk/sRwai	tao
qu'il n'a pas	256732	orgtre	5	5	5	5	qu'=k,il=il,n'=n,a=a,pas=pa	k-/il/mR-/*a/pa	elision
banquier	253771	orgtre	1	1	2	2	banquier=b@kje	sv@/kRwe	tao
de part et d'autre	253227	orgtre	5	5	5	5	de=d°,part=paR,et=e,d'=d,autre=otR	pv@a/p*aR/e/pv-/aetR	elision
qu'il n'était pas	251362	orgtre	5	5	6	6	qu'=k,il=il,n'=n,était=etE,pas=pa	k-/il/mR-/e/tie/pa	elision
je ne sais pas si	250874	orgtre	5	5	5	6	je=Z°,ne=n°,sais=sE,pas=pa,si=si	vt@a/mR@a/sie/-k/pa/si	
saveur	248864	orgtre	1	1	2	2	saveur=sav9R	sa/v@R	tao
marchandise	248232	orgtre	1	1	3	3	marchandise=maRS@diz	maR/pm@/pvinl	tao
procure	247337	orgtre	1	1	2	2	procure=pRokyR	pRae/k@iR	tao
dans le cadre d'une	246622	orgtre	5	5	5	5	dans=d@,le=l°,cadre=kadR,d'=d,une=yn	pv@/mt@a/kadR/pv-/@in	elision
photographe	244198	orgtre	1	1	3	3	photographe=fotogRaf	kpae/tae/ksRasd	tao
un coup d'œil à	239425	orgtre	5	5	5	5	un=1,coup=ku,d'=d,œil=9j,à=a	@aie/k@e/pv-/@j/a	elision
du point de vue de	239295	orgtre	5	5	5	6	du=dy,point=pw5,de=d°,vue=vy,de=d°	pv@i/pwaie/pv@a/v@i/-j/pv@a	
n'est pas le cas	236087	orgtre	5	5	5	5	n'=n,est=E,pas=pa,le=l°,cas=ka	mR-/ie/pa/mt@a/ka	elision
numéro de téléphone	235140	fill	3	3	7	7	numéro=nymeRo,de=d°,téléphone=telefOn	mR@i/me/Rae/pv@a/te/mte/kpen	tao
champion	230037	fill	1	1	2	2	champion=S@pj§	pm@/pRwai	tao
grands-parents	229000	orgtre	1	2	3	5	grands=gR@,parents=paR@	ksR@/-s/pa/R@/-s	hyphen,tao
c'est possible	225308	fill	3	3	4	4	c'=s,est=E,possible=posibl	s*/ie/pae/sijl	elision,tao
surplus	224594	fill	1	1	2	2	surplus=syRply	s@iR/pmt@i	tao
tu les	220005	fill	2	2	2	2	tu=ty,les=le	t@i/mte	tao
présomption	219245	fill	1	1	3	3	présomption=pRez§psj§	pRe/twaijk/sRwai	tao
c'est cette	215336	fill	3	3	3	3	c'=s,est=E,cette=sEt	s*/ie/siet	elision,tao
tu la	213481	fill	2	2	2	2	tu=ty,la=la	t@i/mta	tao
chauffage	211836	fill	1	1	2	2	chauffage=SofaZ	pmae/kpaZ	tao
achète	204300	fill	1	1	2	2	achète=aSEt	a/pmiet	tao
tablier	204019	fill	1	1	3	3	tablier=tablije	ta/svmtij/e	tao
c'est parce que	195080	fill	4	4	4	4	c'=s,est=E,parce=paRs,que=k°	s*/ie/pasR/k@a	elision,tao
suggestion	191149	fill	1	1	3	3	suggestion=sygZEstj§	s@ikd/vties/tRwai	tao
pertinent	190473	fill	1	1	3	3	pertinent=pERtin@	pieR/ti/mR@	tao
ambulance	188766	fill	1	1	3	3	ambulance=@byl@s	@/sv@i/mt@s	tao
accuse	188732	fill	1	1	2	2	accuse=akyz	a/k@inl	tao
discute	188508	fill	1	1	2	2	discute=diskyt	pvis/k@it	tao
inter	188031	fill	1	1	2	2	inter=5tER	aie/tieR	tao
pertinente	183418	fill	1	1	3	3	pertinente=pERtin@t	pieR/ti/mR@t	tao
a été fait	183180	fill	3	3	4	4	a=a,été=ete,fait=fE	*a/e/te/kpie	tao
exploit	182120	fill	1	1	2	2	exploit=Eksplwa	ie/kspmtwa	tao
camionnette	180983	fill	1	1	3	3	camionnette=kamjonEt	ka/mRwae/mRiet	tao
étudiante	179657	fill	1	1	3	3	étudiante=etydj@t	e/t@i/pvRw@t	tao
refait	172988	fill	1	1	2	2	refait=R°fE	R@a/kpie	tao
avec ça	168813	fill	2	2	3	3	avec=avEk,ça=sa	a/viek/sa	tao
c'est votre	163787	fill	3	3	3	3	c'=s,est=E,votre=vOtR	s*/ie/vetR	elision,tao
tu as été	162330	fill	3	3	4	5	tu=ty,as=a,été=ete	t@i/a/-d/e/te	tao
immobilière	161950	fill	1	1	4	4	immobilière=imobiljER	i/mae/svi/mtRwieR	tao
c'est un peu	155436	fill	4	4	4	4	c'=s,est=E,un=1,peu=p2	s*/ie/@aie/p@ie	elision,tao
secrétariat	152433	fill	1	1	4	4	secrétariat=s°kRetaRja	s@a/kRe/ta/Rwa	tao
importation	150935	fill	1	1	4	4	importation=5pORtasj§	aie/peR/ta/sRwai	tao
elle a fait	150662	fill	3	3	3	3	elle=El,a=a,fait=fE	iel/*a/kpie	tao
transcription	147733	fill	1	1	3	3	transcription=tR@skRipsj§	tR@s/kRijk/sRwai	tao
formulaire	147098	fill	1	1	3	3	formulaire=fORmylER	kpeR/m@i/mtieR	tao
présidente	146911	fill	1	1	3	3	présidente=pRezid@t	pRe/twi/pv@t	tao
elle vous	143364	fill	2	2	2	2	elle=El,vous=vu	iel/v@e	tao
préside	125737	fill	1	1	2	2	préside=pRezid	pRe/twid	tao
transporte	125100	fill	1	1	2	2	transporte=tR@spORt	tR@s/petR	tao
rareté	121940	fill	1	1	3	3	rareté=RaR°te	Ra/R@a/te	tao
a été faite	118866	fill	3	3	4	5	a=a,été=ete,faite=fEt	*a/e/te/kpiet/-j	tao
combien de fois	117355	fill	3	3	4	4	combien=k§bj5,de=d°,fois=fwa	kai/svRwaie/pv@a/kpwa	tao
vice-président	116956	fill	1	2	4	4	vice=vis,président=pRezid@	vis/pRe/twi/pv@	hyphen,tao
tu as eu	111445	fill	3	3	3	4	tu=ty,as=a,eu=y	t@i/a/-d/@i	tao
provincial	108352	fill	1	1	3	3	provincial=pRov5sjal	pRae/vaie/sRwal	tao
subvention	107461	fill	1	1	3	3	subvention=sybv@sj§	s@ij/v@/sRwai	tao
latéral	105222	fill	1	1	3	3	latéral=lateRal	mta/te/Ral	tao
présumé	103864	fill	1	1	3	3	présumé=pRezyme	pRe/tw@i/me	tao
sont faits	100485	fill	2	2	2	3	sont=s§,faits=fE	sai/kpie/-s	tao
sont faites	97895	fill	2	2	2	3	sont=s§,faites=fEt	sai/kpiet/-k	tao
fin de semaine	96803	fill	3	3	4	4	fin=f5,de=d°,semaine=s°mEn	kpaie/pv@a/s@a/mien	tao
attentionné	92013	fill	1	1	4	4	attentionné=at@sjone	a/t@/sRwae/mRe	tao
produise	91993	fill	1	1	2	3	produise=pRod8iz	pRae/pv@ainl/-R	tao
renseigne	87580	fill	1	1	2	2	renseigne=R@sEN	R@/sietn	tao
parfaire	85597	fill	1	1	2	2	parfaire=paRfER	paR/kpieR	tao
exploite	85588	fill	1	1	2	2	exploite=Eksplwat	ie/kspmtwat	tao
telle chose	84547	fill	2	2	2	2	telle=tEl,chose=Soz	t*iel/pmaenl	tao
irrégulier	83156	fill	1	1	4	4	irrégulier=iRegylje	i/Re/ks@i/mtRwe	tao
championnat	76908	fill	1	1	3	3	championnat=S@pjona	pm@/pRwae/mRa	tao
nonobstant	76518	fill	1	1	3	3	nonobstant=nonOpst@	mRae/mRejk/st@	tao
ont été faites	74979	fill	3	3	4	5	ont=§,été=ete,faites=fEt	*ai/e/te/kpiet/-k	tao
remorque	72001	fill	1	1	2	2	remorque=R°mORk	R@a/mekR	tao
provinciaux	70736	fill	1	1	3	3	provinciaux=pRov5sjo	pRae/vaie/sRwae	tao
continuel	69934	fill	1	1	3	3	continuel=k§tin8El	kai/ti/mR@aiel	tao
corporation	69784	fill	1	1	4	4	corporation=kORpoRasj§	keR/pae/Ra/sRwai	tao
téléviseur	67127	fill	1	1	4	4	téléviseur=televiz9R	te/mte/vi/tw@R	tao
manufacture	67109	fill	1	1	4	4	manufacture=manyfaktyR	ma/mR@i/kpak/t@iR	tao
palais de justice	63302	fill	3	3	5	5	palais=palE,de=d°,justice=Zystis	pa/mtie/pv@a/vt@is/tis	tao
fourche	63024	fill	1	1	1	1	fourche=fuRS	kp@eRZm	tao
c'est parfait	62004	fill	3	3	4	4	c'=s,est=E,parfait=paRfE	s*/ie/paR/kpie	elision,tao
a faite	61560	fill	2	2	2	3	a=a,faite=fEt	*a/kpiet/-j	tao
fédéraux	60974	fill	1	1	3	3	fédéraux=fedeRo	kpe/pve/Rae	tao
main d'œuvre	60551	fill	3	3	3	3	main=m5,d'=d,œuvre=9vR	maie/pv-/@jsR	elision,tao
million de dollars	56849	fill	3	3	5	6	million=milj§,de=d°,dollars=dolaR	mi/mtRwai/pv@a/pvae/mtaR/-s	tao
gouvernementaux	52675	fill	1	1	5	5	gouvernementaux=guvERn°m@to	ks@e/vieR/mR@a/m@/tae	tao
hockey	52600	fill	1	1	2	2	hockey=OkE	e/kie	tao
photocopie	49614	fill	1	1	4	4	photocopie=fotokopi	kpae/tae/kae/pi	tao
compense	48070	fill	1	1	2	2	compense=k§p@s	kai/p@s	tao
ont été faits	46523	fill	3	3	4	5	ont=§,été=ete,faits=fE	*ai/e/te/kpie/-s	tao
quatorzième	46442	fill	1	1	3	3	quatorzième=katORzjEm	ka/teR/tRwiem	tao
championne	42626	fill	1	1	2	2	championne=S@pjOn	pm@/pRwen	tao
poursuive	42428	fill	1	1	2	3	poursuive=puRs8iv	p@eR/s@aijs/-R	tao
facturation	42428	fill	1	1	4	4	facturation=faktyRasj§	kpak/t@i/Ra/sRwai	tao
c'est cet	41626	fill	3	3	3	3	c'=s,est=E,cet=sEt	s*/ie/s*iet	elision,tao
polarité	41458	fill	1	1	4	4	polarité=polaRite	pae/mta/Ri/te	tao
huis clos	40291	fill	2	2	2	2	huis=8i,clos=klo	*@ai/kmtae	tao
excelle	37362	fill	1	1	2	2	excelle=EksEl	ie/ksiel	tao
étiez-vous	35784	fill	1	2	3	3	étiez=etje,vous=vu	e/tRwe/v@e	hyphen,tao
chemine	33282	fill	1	1	2	2	chemine=S°min	pm@a/min	tao
administre	32663	fill	1	1	3	3	administre=administR	ad/mi/mRistR	tao
percute	32249	fill	1	1	2	2	percute=pERkyt	pieR/k@it	tao
consortium	31803	fill	1	1	3	3	consortium=k§sORsjOm	kai/seR/sRwem	tao
chandail	30050	fill	1	1	2	2	chandail=S@daj	pm@/pvaj	tao
c'est exact	28232	fill	3	3	4	4	c'=s,est=E,exact=Egzakt	s*/ie/iekdnl/akt	elision,tao
comptine	27140	fill	1	1	2	2	comptine=k§tin	kai/tin	tao
collatéral	24518	fill	1	1	4	4	collatéral=kolateRal	kae/mta/te/Ral	tao
redemande	22802	fill	1	1	3	3	redemande=R°d°m@d	R@a/pv@a/m@d	tao
ça a l'air	21819	fill	4	4	4	4	ça=sa,a=a,l'=l,air=ER	sa/*a/mt-/ieR	elision,tao
assemble	21295	fill	1	1	2	2	assemble=as@bl	a/s@jl	tao
aviez-vous	17867	fill	1	2	3	3	aviez=avje,vous=vu	a/vRwe/v@e	hyphen,tao
vice-présidente	12681	fill	1	2	4	4	vice=vis,présidente=pRezid@t	vis/pRe/twi/pv@t	hyphen,tao
combien d'	11122	fill	2	2	3	3	combien=k§bj5,d'=d	kai/svRwaie/pv-	tao
bois d'œuvre	9647	fill	3	3	3	3	bois=bwa,d'=d,œuvre=9vR	svwa/pv-/@jsR	elision,tao
c'est probable	9497	fill	3	3	5	5	c'=s,est=E,probable=pRobabl°	s*/ie/pRae/sva/svmt@a	elision,tao
sur ça	9143	fill	2	2	2	2	sur=syR,ça=sa	s@iR/sa	tao
par ça	9050	fill	2	2	2	2	par=paR,ça=sa	paR/sa	tao
par après	8577	fill	2	2	3	3	par=paR,après=apRE	paR/a/pRie	tao
subventionne	8244	fill	1	1	3	3	subventionne=sybv@sjOn	s@ij/v@/sRwen	tao
banquière	5837	fill	1	1	2	2	banquière=b@kjER	sv@/kRwieR	tao
condominium	5423	fill	1	1	4	4	condominium=k§dominjOm	kai/pvae/mi/mRwem	tao
avant-midi	3834	fill	1	2	4	4	avant=av@,midi=midi	a/v@/mi/pvi	hyphen,tao
mesdames messieurs	342	fill	2	2	4	4	mesdames=mEdam,messieurs=mesj2	mie/pvam/me/sRw@ie	tao
état de compte	265	fill	3	3	4	4	état=eta,de=d°,compte=k§t	e/ta/pv@a/kait	tao
rapport d'impôt	46	fill	3	3	5	5	rapport=RapOR,d'=d,impôt=5po	Ra/peR/pv-/aie/pae	elision,tao
