expr	freq	longform	composed	saving	exceptions
en	362205933	1	1	0	0
dans	253868505	1	1	0	1
pour	210428492	1	1	0	0
pas	206722861	1	1	0	1
de+la	201839777	2	1	1	0
par	156321990	1	1	0	1
plus	136841941	1	1	0	0
de+l'	118353922	2	1	1	0
mais	109277203	1	1	0	0
avec	105501881	2	2	0	1
vous	103210545	1	1	0	0
nous	94493501	1	1	0	0
à+la	79726696	2	1	1	0
c'+est	78638562	2	1	1	0
cette	75345546	1	1	0	0
sont	68475032	1	1	0	0
même	67934864	1	1	0	0
qu'+il	67919825	2	1	1	0
être	64993690	1	1	0	0
bien	62861656	1	1	0	0
à+l'	62495552	2	1	1	0
d'+un	62032199	2	1	1	0
d'+une	56771996	2	1	1	0
fait	51948646	1	1	0	0
et+de	45830376	2	1	1	0
dans+le	45059629	2	1	1	0
faire	43534550	1	1	0	0
dans+la	42866486	2	1	1	0
où	42512674	1	1	0	0
non	32902407	1	1	0	0
temps	31902539	1	1	0	0
très	31094465	1	1	0	0
dans+les	31086370	2	1	1	0
j'+ai	30553370	3	1	2	0
n'+est	30546069	2	1	1	0
qu'+elle	30480865	2	1	1	0
sur+le	30240306	2	1	1	0
après	30071572	2	2	0	0
et+les	27729386	2	1	1	0
de+son	26764359	2	1	1	0
que+je	25758482	2	1	1	0
ainsi	25395752	2	2	0	0
je+ne	25361333	2	1	1	0
sur+la	25204929	2	1	1	0
et+la	25138110	2	2	0	2
avant	24573015	2	2	0	0
et+le	24537849	2	2	0	2
ce+qui	24454906	2	1	1	0
ce+que	23259462	2	1	1	0
que+le	22389794	2	2	0	2
que+les	21888984	2	1	1	0
dans+l'	21130069	2	2	0	2
jamais	20897000	2	2	0	0
il+est	20630614	2	1	1	0
que+la	20344203	2	1	1	0
de+sa	19489274	2	1	1	0
depuis	19202466	2	2	0	0
votre	18907569	1	1	0	0
dans+un	18707718	2	1	1	0
sur+les	18654251	2	1	1	0
que+l'	18423683	2	1	1	0
n'+est+pas	18276227	3	1	2	0
grand	18178193	1	1	0	0
tous+les	18078068	2	2	0	0
par+la	17913907	2	1	1	0
cet	17322519	1	1	0	0
et+des	17214443	2	1	1	0
de+ses	17029314	2	1	1	0
de+ce	16986552	2	1	1	0
c'+était	16969252	3	2	1	0
par+le	16866422	2	1	1	0
il+y	16702616	2	1	1	0
qu'+on	15699456	2	1	1	0
chose	15691870	1	1	0	0
et+l'	15594438	2	1	1	0
déjà	15219730	2	2	0	0
petit	14951284	2	2	0	0
par+les	14901063	2	1	1	0
qu'+ils	14813829	3	2	1	0
je+suis	14670144	3	2	1	0
pour+les	14454555	2	2	0	0
pour+la	13940473	2	2	0	1
quelque	13772597	1	1	0	0
il+ne	13751628	2	1	1	0
un+peu	13723515	2	2	0	0
pas+de	13702412	2	1	1	0
je+me	13654387	2	1	1	0
dans+une	13536652	2	1	1	0
y+a	13322202	2	2	0	0
nos	13304622	1	1	0	0
pendant	13168610	2	2	0	0
à+un	12987603	2	1	1	0
grande	12973995	1	1	0	0
de+cette	12961665	2	1	1	0
n'+a	12863547	2	1	1	0
à+une	12827358	2	1	1	0
l'+on	12730809	2	1	1	0
pour+le	12724482	2	2	0	1
premier	12549903	2	2	0	0
parce	12547751	1	1	0	0
et+à	12536426	2	1	1	0
première	12470397	2	2	0	0
l'+autre	12468123	2	1	1	0
pourquoi	12326226	2	2	0	0
beaucoup	12242332	2	2	0	0
d'autres	12228449	1	1	0	0
s'+il	12210772	2	1	1	0
souvent	11751248	2	2	0	0
jusqu'à	11557821	2	2	0	0
que+nous	11446990	2	1	1	0
que+vous	11416959	2	1	1	0
et+d'	11409764	2	1	1	0
s'+est	11301562	2	1	1	0
question	11217176	2	2	0	0
plusieurs	11194459	2	2	0	0
de+ces	11181935	2	1	1	0
il+se	11093505	2	1	1	0
n'+y	11093429	2	2	0	1
que+tu	11043764	2	1	1	0
qui+se	10977337	2	1	1	0
d'+être	10950835	2	1	1	0
maison	10934214	2	2	0	0
à+son	10840912	2	1	1	0
n'+était	10821145	3	2	1	0
de+se	10801490	2	1	1	0
la+vie	10782638	2	1	1	0
le+plus	10748872	2	1	1	0
peut+être	10736579	2	2	0	0
a+été	10375306	3	3	0	0
enfin	10370263	2	2	0	0
exemple	10278028	2	2	0	0
n'+avait	10269757	3	2	1	0
il+a	10249307	2	1	1	0
et+il	10216412	2	2	0	2
il+y+a	10203393	3	2	1	0
il+faut	10178228	2	1	1	0
la+tête	10156118	2	1	1	0
les+deux	10056761	2	2	0	0
par+l'	10019707	2	2	0	2
de+leur	9962293	2	1	1	0
petite	9878428	2	2	0	0
qui+est	9835396	2	1	1	0
toutes+les	9776735	3	3	0	0
à+ce	9712575	2	1	1	0
lorsque	9630884	2	2	0	0
maintenant	9514931	3	3	0	0
et+je	9503500	2	2	0	2
sur+l'	9498297	2	2	0	2
raison	9495028	2	2	0	0
l'+homme	9381347	2	1	1	0
qu'+un	9340468	2	1	1	0
façon	9324834	2	2	0	0
près	9296482	1	1	0	0
de+plus	9266152	2	1	1	0
ne+pas	9227922	2	1	1	0
il+avait	9215343	3	2	1	0
ailleurs	9185973	2	2	0	0
besoin	9044550	2	2	0	0
dans+son	9001630	2	1	1	0
mais+il	8981957	2	2	0	1
pour+l'	8975808	2	2	0	1
de+lui	8892272	2	1	1	0
plus+de	8885864	2	2	0	1
ensemble	8864830	2	2	0	0
aujourd'hui	8745168	3	3	0	0
le+monde	8737886	2	1	1	0
et+que	8721344	2	1	1	0
surtout	8648452	2	2	0	0
société	8568348	3	3	0	0
qui+ne	8430778	2	1	1	0
avec+un	8329983	3	1	2	0
les+yeux	8321135	2	2	0	0
à+des	8285186	2	1	1	0
le+temps	8268400	2	1	1	0
s'+était	8256540	3	2	1	0
il+était	8155725	3	2	1	0
ce+n'+est	8128685	3	1	2	0
nombre	8096072	1	1	0	0
comme+un	8087971	2	2	0	0
qu'+une	8072213	2	1	1	0
la+première	8057402	3	2	1	0
ou+de	8051394	2	2	0	1
pas+à	8018693	2	2	0	2
les+autres	7934222	2	2	0	0
l'un	7922568	1	1	0	0
avec+les	7922348	3	1	2	0
possible	7911579	2	2	0	0
m'+a	7878806	2	2	0	0
autour	7871382	2	2	0	0
que+ce	7846469	2	1	1	0
quelque+chose	7715117	2	2	0	0
nature	7712835	2	2	0	0
rapport	7630796	2	2	0	0
ne+peut	7599952	2	1	1	0
en+effet	7589377	3	3	0	0
par+un	7584894	2	1	1	0
général	7569237	3	3	0	0
demande	7559862	2	2	0	0
les+plus	7515066	2	2	0	0
j'+avais	7511028	4	4	0	0
avec+le	7504552	3	1	2	0
n'+en	7458219	2	1	1	0
tout+le	7443509	2	2	0	1
dans+ce	7363145	2	1	1	0
s'+en	7360020	2	1	1	0
aucun	7318882	2	2	0	0
vos	7310346	1	1	0	0
cependant	7283018	3	3	0	0
afin	7226004	2	2	0	0
la+porte	7221886	2	1	1	0
qui+a	7202986	2	1	1	0
parce+que	7199901	2	2	0	1
plutôt	7159659	2	2	0	0
de+faire	7151140	2	1	1	0
et+qui	7129984	2	1	1	0
la+main	7129097	2	1	1	0
et+en	7124766	2	1	1	0
nous+avons	7119826	3	3	0	0
elle+se	7116301	2	2	0	0
ce+qu'+il	7114956	3	3	0	1
est+un	7085973	2	2	0	0
dernier	7044900	2	2	0	0
aucune	7044743	2	2	0	0
dans+sa	7033213	2	1	1	0
elle+est	6976057	2	2	0	0
à+sa	6976036	2	1	1	0
entre+les	6957615	2	2	0	0
avec+une	6956997	3	1	2	0
avant+de	6933502	3	3	0	1
et+de+la	6915867	3	2	1	1
on+ne	6883025	2	2	0	1
avec+la	6860054	3	1	2	0
par+exemple	6851163	3	2	1	0
qu'+à	6819722	2	1	1	0
dessus	6792863	2	2	0	0
et+se	6731644	2	1	1	0
ceux+qui	6715190	2	2	0	1
n'+était+pas	6712346	4	2	2	0
ne+se	6686294	2	1	1	0
que+l'+on	6642773	3	1	2	0
par+des	6637819	2	1	1	0
je+vous	6625543	2	1	1	0
sur+un	6547987	2	1	1	0
et+du	6525463	2	1	1	0
par+une	6490804	2	1	1	0
article	6440479	2	2	0	0
il+n'+y	6428236	3	1	2	0
elle+ne	6384091	2	2	0	1
elle+avait	6367000	3	3	0	0
semble	6336307	1	1	0	0
tout+ce	6322865	2	2	0	1
action	6294667	2	2	0	0
ensuite	6287591	2	2	0	0
service	6269006	2	2	0	0
d'abord	6250063	2	2	0	0
pas+le	6247194	2	1	1	0
plus+tard	6221048	2	2	0	0
système	6216069	2	2	0	0
on+peut	6214452	2	2	0	0
l'+état	6184748	3	2	1	0
n'+ai	6169512	3	2	1	0
la+même	6165575	2	1	1	0
s'+agit	6154372	4	3	1	0
un+autre	6049468	2	2	0	0
je+n'+ai	6028024	4	2	2	0
milieu	6014306	2	2	0	0
une+fois	5971774	2	2	0	0
de+mon	5970207	2	1	1	0
n'+a+pas	5959398	3	1	2	0
l'+air	5943558	2	1	1	0
et+un	5935352	2	1	1	0
monsieur	5921544	2	2	0	0
la+plus	5875907	2	1	1	0
de+leurs	5858834	2	1	1	0
à+partir	5828983	3	2	1	0
mais+je	5810932	2	2	0	1
qu'+est	5798558	2	1	1	0
de+ne	5798442	2	1	1	0
ce+n'+est+pas	5791833	4	1	3	0
retour	5790101	2	2	0	0
comme+une	5789111	2	2	0	0
ne+sont	5774481	2	1	1	0
sans+doute	5772022	2	2	0	0
j'+étais	5740660	4	4	0	0
ainsi+que	5714458	3	3	0	1
chacun	5713862	2	2	0	0
malgré	5711863	2	2	0	0
et+une	5686567	2	1	1	0
la+fin	5680171	2	1	1	0
il+en	5671821	2	1	1	0
d'+avoir	5648788	3	2	1	0
alors+que	5638601	3	3	0	1
la+maison	5593271	3	2	1	0
recherche	5592255	2	2	0	0
à+cette	5555370	2	1	1	0
l'+histoire	5525652	3	2	1	0
d'+ailleurs	5504712	3	2	1	0
est+le	5450663	2	2	0	1
du+monde	5450308	2	2	0	0
public	5449904	2	2	0	0
à+ses	5421261	2	1	1	0
qui+lui	5414386	2	1	1	0
que+de	5410454	2	2	0	2
dernière	5397802	2	2	0	0
de+le	5357664	2	1	1	0
conseil	5326573	2	2	0	0
vous+avez	5325366	3	3	0	0
l'+avait	5317910	3	2	1	0
où+il	5309414	2	2	0	1
est+une	5297114	2	2	0	0
elle+a	5296313	2	2	0	0
réalité	5280389	4	4	0	0
comprendre	5278668	2	2	0	0
dans+cette	5275199	2	1	1	0
moyen	5275071	2	2	0	0
un+homme	5269374	2	2	0	0
la+ville	5267472	2	1	1	0
avec+des	5267451	3	1	2	0
à+se	5244901	2	1	1	0
présence	5238605	2	2	0	0
une+autre	5170388	2	2	0	0
et+son	5163041	2	1	1	0
comme+le	5148144	2	2	0	1
le+premier	5110837	3	2	1	0
un+des	5109504	2	2	0	0
tu+as	5097039	3	3	0	0
la+nuit	5088858	2	1	1	0
sur+une	5021011	2	1	1	0
attention	5014103	3	3	0	0
tout+à	5002911	2	2	0	1
dans+ses	4974861	2	1	1	0
en+plus	4974706	2	2	0	0
quelqu'un	4940725	2	2	0	0
je+vais	4940538	2	1	1	0
de+ma	4940310	2	1	1	0
et+ses	4930123	2	1	1	0
si+vous	4923171	2	2	0	0
je+l'	4918777	2	1	1	0
peut+être	4889456	2	2	0	0
de+notre	4877552	2	1	1	0
la+société	4853230	4	3	1	0
nous+sommes	4849974	2	2	0	0
sur+son	4846888	2	1	1	0
la+loi	4839488	2	1	1	0
n'+y+a	4837732	3	1	2	0
l'+eau	4832423	2	1	1	0
pour+une	4824794	2	2	0	0
c'+est+un	4815630	3	2	1	0
point+de	4795767	2	2	0	1
intérêt	4757865	3	3	0	0
de+même	4748582	2	1	1	0
la+mort	4746517	2	1	1	0
chemin	4741300	2	2	0	0
à+faire	4733039	2	1	1	0
l'+a	4731090	2	1	1	0
avait+été	4720291	4	4	0	0
pas+la	4681351	2	1	1	0
tout+en	4680255	2	2	0	0
ont+été	4677079	3	3	0	0
même+si	4675478	2	2	0	0
elle+était	4625180	3	3	0	0
de+tout	4624982	2	1	1	0
et+elle	4612272	2	1	1	0
le+cas	4610602	2	1	1	0
avec+l'	4599943	3	3	0	2
qu'+en	4596354	2	1	1	0
la+question	4587692	3	2	1	0
y+avait	4565763	3	3	0	0
d'+autre	4563432	2	1	1	0
c'+est+le	4557366	3	2	1	1
bien+que	4553149	2	2	0	1
que+j'+ai	4544225	4	2	2	1
dans+des	4538266	2	1	1	0
on+a	4524717	2	2	0	0
de+toute	4519970	2	1	1	0
plaisir	4518602	2	2	0	0
de+me	4518030	2	1	1	0
est+de	4508487	2	2	0	1
nombreux	4469542	2	2	0	0
qu'+est+ce	4456595	3	2	1	1
n'+avait+pas	4451084	4	2	2	0
vous+êtes	4442542	2	2	0	0
à+travers	4426280	3	2	1	0
liberté	4400793	3	3	0	0
l'+esprit	4386980	3	2	1	0
quand+il	4385620	2	2	0	1
particulier	4375566	4	4	0	0
l'+idée	4372863	3	2	1	0
pour+lui	4357841	2	2	0	0
comme+si	4356920	2	2	0	0
président	4356139	3	3	0	0
mise+en	4349302	3	3	0	0
qui+l'	4342554	2	1	1	0
gouvernement	4338591	4	4	0	0
pour+un	4327319	2	2	0	0
qu'+il+ne	4289933	3	1	2	0
qu'+il+avait	4285710	4	2	2	0
qui+ont	4283820	2	1	1	0
je+le	4270065	2	2	0	2
pas+d'	4260426	2	1	1	0
la+fois	4248160	2	1	1	0
si+elle	4241485	2	2	0	0
le+fait	4238832	2	1	1	0
que+des	4234516	2	1	1	0
ne+l'	4233880	2	1	1	0
autour+de	4232794	3	3	0	1
est+la	4230691	2	2	0	1
principe	4228171	2	2	0	0
temps+de	4224257	2	2	0	1
le+même	4221282	2	1	1	0
tu+es	4216768	3	3	0	0
s'+y	4201529	2	1	1	0
n'+ont	4201430	2	1	1	0
peu+de	4189216	2	2	0	1
besoin+de	4181102	3	3	0	1
affaire	4148949	2	2	0	0
sous+le	4145590	2	2	0	1
sont+pas	4143285	2	1	1	0
un+petit	4140048	3	3	0	0
pratique	4133225	2	2	0	0
à+leur	4123368	2	1	1	0
qualité	4104298	3	3	0	0
à+la+fois	4095226	3	2	1	1
processus	4088228	3	3	0	0
de+ne+pas	4071546	3	1	2	0
c'+est+la	4008689	3	2	1	1
nécessaire	3996337	3	3	0	0
organisation	3982531	5	5	0	0
bureau	3980397	2	2	0	0
il+s'+agit	3977282	5	3	2	0
il+me	3972997	2	1	1	0
et+de+l'	3963386	3	1	2	0
sécurité	3923484	4	4	0	0
il+n'+y+a	3918031	4	1	3	0
plupart	3912285	2	2	0	0
ce+que+je	3909311	3	2	1	1
c'+est+une	3866550	3	2	1	0
que+c'+est	3851020	3	1	2	0
difficile	3832743	3	3	0	0
parole	3799035	2	2	0	0
ne+sont+pas	3792549	3	1	2	0
je+lui	3785747	2	1	1	0
présente	3764343	2	2	0	0
période	3748048	2	2	0	0
tout+le+monde	3720257	3	2	1	0
produit	3709271	2	2	0	0
décision	3629810	3	3	0	0
madame	3628549	2	2	0	0
auprès	3619897	2	2	0	0
position	3601121	3	3	0	0
justice	3572461	2	2	0	0
qu'+il+y	3569314	3	1	2	0
production	3521470	3	3	0	0
de+la+vie	3507547	3	1	2	0
à+partir+de	3463586	4	3	1	1
qu'+il+est	3434296	3	1	2	0
en+fait	3388282	2	2	0	0
il+y+avait	3315797	4	3	1	0
mémoire	3310441	2	2	0	0
qu'+il+a	3309154	3	1	2	0
ce+qui+est	3303274	3	1	2	0
beaucoup+de	3273277	3	3	0	1
juillet	3264881	2	2	0	0
plus+en+plus	3242064	3	3	0	0
voyage	3228195	2	2	0	0
bientôt	3209458	2	2	0	0
de+plus+en	3169425	3	2	1	0
a+fait	3156016	2	2	0	0
de+l'+autre	3153095	3	1	2	0
nombreuses	3149749	3	3	0	0
de+plus+en+plus	3138067	4	3	1	0
je+ne+sais	3133429	4	2	2	0
l'un+des	3087022	2	2	0	0
de+l'+homme	3073956	3	1	2	0
semaine	3052952	2	2	0	0
et+c'+est	3042018	3	1	2	0
décembre	3004606	2	2	0	0
je+me+suis	2999343	4	3	1	0
qui+me	2991234	2	1	1	0
unique	2982370	2	2	0	0
n'+ai+pas	2975507	4	2	2	0
je+n'+ai+pas	2945490	5	2	3	0
que+je+ne	2937698	3	1	2	0
merci	2931629	2	2	0	0
combien	2907026	2	2	0	0
octobre	2844978	2	2	0	0
d'+après	2822041	3	2	1	0
que+ça	2810012	2	1	1	0
ce+qu'+elle	2808713	3	1	2	0
il+n'+est	2798261	3	1	2	0
finalement	2792412	4	4	0	0
partout	2777144	2	2	0	0
emploi	2750829	2	2	0	0
communauté	2732139	4	4	0	0
autorité	2725602	4	4	0	0
exercice	2707933	3	3	0	0
de+la+ville	2686905	3	2	1	1
marche	2668147	1	1	0	0
protection	2657088	3	3	0	0
ce+n'+était	2650774	4	2	2	0
novembre	2644056	2	2	0	0
ce+que+tu	2641558	3	2	1	1
dans+leur	2636673	2	1	1	0
et+qu'+il	2633304	3	2	1	1
qu'+elle+avait	2611477	4	3	1	0
téléphone	2590691	3	3	0	0
en+même+temps	2585087	3	3	0	0
qu'+il+était	2573061	4	2	2	0
de+l'+état	2563594	4	2	2	0
administration	2559251	5	5	0	0
économie	2533917	4	4	0	0
en+train+de	2524796	3	3	0	1
compagnie	2501249	3	3	0	0
qu'+est+ce+que	2482880	4	2	2	0
condition	2473332	3	3	0	0
très+bien	2434154	2	2	0	0
à+la+fin	2410415	3	1	2	0
commerce	2409386	2	2	0	0
je+ne+suis	2400784	4	2	2	0
facile	2387627	2	2	0	0
respect	2380188	2	2	0	0
le+temps+de	2366713	3	2	1	1
la+première+fois	2354780	4	3	1	0
février	2345952	3	3	0	0
faite	2340955	2	2	0	0
résultat	2337930	3	3	0	0
de+la+société	2315280	5	3	2	0
néanmoins	2310236	3	3	0	0
à+l'+intérieur	2297708	5	3	2	0
et+à+la	2296036	3	2	1	1
programme	2285172	2	2	0	0
meilleur	2284604	2	2	0	0
concerne	2282384	2	2	0	0
la+plupart+des	2263562	4	3	1	0
je+l'+ai	2263526	4	2	2	0
jusqu'à+la	2261902	3	3	0	1
point+de+vue	2259388	4	3	1	0
un+peu+plus	2248289	3	3	0	0
surprise	2247908	2	2	0	0
la+fin+de	2233366	3	2	1	1
dans+le+cadre	2216650	3	2	1	1
de+tous+les	2209253	3	2	1	0
la+mise+en	2207050	4	3	1	0
n'+y+a+pas	2198139	4	1	3	0
c'+est+ce	2187898	3	2	1	1
si+l'+on	2171306	3	2	1	0
tout+ce+qui	2162041	3	2	1	0
tout+à+fait	2162015	3	2	1	0
si+on	2153970	2	2	0	0
que+ces	2153471	2	1	1	0
n'+ont+pas	2147479	3	1	2	0
qu'+elle+ne	2145462	3	2	1	1
du+tout	2138087	2	2	0	0
ne+sais+pas	2129061	4	2	2	0
que+ce+soit	2108231	4	2	2	0
c'+est+à	2105419	3	2	1	1
c'+est+l'	2104810	3	2	1	1
comme+ça	2086950	2	2	0	0
à+l'+autre	2078994	3	1	2	0
campagne	2073684	2	2	0	0
n'+y+avait	2066788	4	2	2	0
propriété	2053950	4	4	0	0
ce+qu'+on	2044055	3	1	2	0
réel	2040552	2	2	0	0
d'+une+voix	2025657	3	2	1	0
conversation	2017439	4	4	0	0
adresse	2016296	2	2	0	0
continue	2016060	3	3	0	0
pour+vous	2013980	2	2	0	0
je+ne+sais+pas	1999373	5	2	3	0
parce+qu'+il	1996940	3	2	1	0
mais+c'+est	1994285	3	2	1	0
que+c'+était	1989520	4	2	2	0
par+ailleurs	1978321	3	2	1	0
en+tant+que	1970867	3	3	0	1
ce+que+vous	1967827	3	2	1	1
je+n'+avais	1965898	5	3	2	0
il+n'+avait	1964407	4	2	2	0
jusqu'à+ce	1953714	3	3	0	1
unité	1924510	3	3	0	0
ce+n'+était+pas	1916144	5	2	3	0
est+ce+que	1912832	3	2	1	0
assemblée	1912647	3	3	0	0
de+l'+eau	1902364	3	1	2	0
que+j'+avais	1896985	5	4	1	0
docteur	1884152	2	2	0	0
cherche	1883976	1	1	0	0
règle	1873583	1	1	0	0
c'+est+que	1872707	3	2	1	1
il+n'+est+pas	1861085	4	1	3	0
reine	1855748	1	1	0	0
ne+suis+pas	1843918	4	2	2	0
je+ne+suis+pas	1825030	5	2	3	0
qu'+il+y+a	1819476	4	2	2	0
c'+était+un	1817440	4	3	1	0
au+cours+de	1797733	3	3	0	1
faveur	1796022	2	2	0	0
une+sorte+de	1788921	3	3	0	1
plus+ou+moins	1780504	3	3	0	0
tout+ce+que	1768775	3	2	1	0
erreur	1764112	2	2	0	0
il+n'+y+a+pas	1757689	5	1	4	0
naturel	1755047	3	3	0	0
un+peu+de	1748818	3	3	0	1
que+je+suis	1738290	4	2	2	0
pour+ne+pas	1730275	3	2	1	1
numéro	1729526	3	3	0	0
dans+le+monde	1726557	3	1	2	0
moyenne	1718011	2	2	0	0
de+ce+que	1717845	3	2	1	1
à+ce+que	1715339	3	1	2	0
tout+de+suite	1704927	3	2	1	0
je+ne+peux	1701690	4	3	1	1
ne+peut+pas	1700085	3	1	2	0
qu'+il+se	1694475	3	1	2	0
n'+est+plus	1679793	3	2	1	0
comité	1677219	3	3	0	0
de+ce+qui	1674423	3	2	1	1
dessous	1667610	2	2	0	0
de+l'+histoire	1665290	4	2	2	0
en+cas+de	1665176	3	3	0	1
opinion	1664541	3	3	0	0
l'une+des	1663561	2	2	0	0
où+l'+on	1655951	3	2	1	0
à+l'+époque	1652251	4	2	2	0
difficulté	1651661	4	4	0	0
on+ne+peut	1647561	3	2	1	0
spectacle	1646723	2	2	0	0
la+fin+du	1635210	3	2	1	0
comme+s'+il	1634599	3	2	1	0
victime	1634449	2	2	0	0
patient	1629494	2	2	0	0
pour+la+première	1617957	4	3	1	0
il+n'+a	1607265	3	1	2	0
ce+qui+se	1602640	3	1	2	0
c'+est+bien	1602602	3	2	1	0
est+il	1599379	2	2	0	1
qu'+il+faut	1594379	3	1	2	0
n'+est+ce+pas	1591897	4	2	2	1
tous+les+jours	1590588	4	4	0	0
formule	1588273	2	2	0	0
de+la+maison	1581178	4	2	2	0
photo	1579992	2	2	0	0
banque	1577142	1	1	0	0
se+mit+à	1568919	4	4	0	1
ce+qu'+ils	1566026	4	2	2	0
rendez+vous	1565900	3	3	0	0
que+nous+avons	1562076	4	3	1	0
qui+n'+est	1555295	3	1	2	0
à+l'+heure	1551853	3	1	2	0
d'+autre+part	1549086	3	2	1	0
elle+n'+avait	1542919	4	3	1	0
intelligence	1542217	4	4	0	0
au+lieu+de	1527585	3	3	0	1
le+nom+de	1525714	3	2	1	1
pour+la+première+fois	1521249	5	4	1	0
la+jeune+femme	1520208	3	2	1	0
en+tout+cas	1517198	3	3	0	0
parfait	1516421	2	2	0	0
après+midi	1512839	4	4	0	0
il+n'+y+avait	1511264	5	2	3	0
s'+agit+de	1506314	5	4	1	1
de+toutes+les	1502721	4	3	1	0
qu'+elle+a	1499674	3	2	1	0
à+cause+de	1496541	3	2	1	1
utile	1495809	2	2	0	0
particulière	1494918	4	4	0	0
il+va	1490475	2	1	1	0
il+m'+a	1473886	3	2	1	0
je+n'+en	1473202	3	1	2	0
amérique	1472399	3	3	0	0
exception	1461811	3	3	0	0
chine	1460394	1	1	0	0
à+la+maison	1459223	4	2	2	0
de+la+loi	1454067	3	1	2	0
vertu	1447225	2	2	0	0
déclaration	1446097	4	4	0	0
régulièrement	1445689	5	5	0	0
à+côté+de	1438386	4	3	1	1
s'+agit+d'	1437123	5	4	1	1
qu'+elle+est	1435145	3	2	1	0
qu'+on+ne	1431196	3	2	1	1
et+à+l'	1430732	3	1	2	0
c'+est+pour	1428690	3	2	1	0
auparavant	1426762	4	4	0	0
chacune	1419737	2	2	0	0
au+sein+de	1418312	3	3	0	1
dans+le+cas	1417152	3	2	1	1
examen	1417045	3	3	0	0
c'+était+une	1413309	4	3	1	0
de+la+république	1409968	5	3	2	0
l'+ensemble+des	1408136	4	3	1	0
qu'+il+en	1407858	3	1	2	0
par+rapport+à	1404241	4	3	1	1
le+droit+de	1404014	3	2	1	1
d'+autant+plus	1402519	4	3	1	0
de+la+famille	1398925	4	2	2	0
qu'+elle+était	1397106	4	3	1	0
au+moment+où	1394201	4	4	0	0
quelque+chose+de	1392334	3	3	0	1
mais+je+ne	1391562	3	2	1	0
il+faut+que	1384977	3	2	1	1
de+l'+entreprise	1381575	5	3	2	0
exploitation	1378274	4	4	0	0
de+la+nature	1376937	4	2	2	0
produire	1374572	2	2	0	0
et+d'+une	1372184	3	1	2	0
tu+vas	1368090	3	3	0	0
extrême	1352976	2	2	0	0
de+l'+article	1350218	4	2	2	0
ce+que+nous	1346836	3	1	2	0
ne+peux+pas	1345916	4	2	2	0
de+la+guerre	1344596	3	1	2	0
à+l'+égard	1344586	4	2	2	0
qui+s'+est	1336812	3	1	2	0
volume	1335313	2	2	0	0
qu'+il+n'+y	1335286	4	1	3	0
d'+une+part	1324598	3	2	1	0
surpris	1324116	2	2	0	0
dans+ce+cas	1323485	3	2	1	1
il+s'+est	1320164	3	1	2	0
et+j'+ai	1314247	4	1	3	0
proposition	1312534	4	4	0	0
je+crois+que	1311144	4	3	1	1
que+vous+avez	1306819	4	3	1	0
que+je+me	1306482	3	1	2	0
participation	1305993	5	5	0	0
ce+que+l'	1295513	3	2	1	1
de+la+terre	1293420	3	1	2	0
beaucoup+d'	1292835	3	3	0	1
vacances	1292116	3	3	0	0
de+la+même	1274870	3	1	2	0
un+coup+de	1267621	3	3	0	1
tout+de+même	1262464	3	2	1	0
il+n'+en	1260248	3	1	2	0
en+matière+de	1257677	4	4	0	1
dans+tous+les	1254101	3	2	1	0
la+mort+de	1253654	3	2	1	1
de+sa+vie	1250323	3	2	1	0
d'+un+air	1240198	3	2	1	0
coup+d'+œil	1239655	3	2	1	0
c'+est+vrai	1239626	3	2	1	0
faim	1227008	1	1	0	0
remarque	1218389	2	2	0	0
discussion	1201831	3	3	0	0
malheureusement	1194485	5	5	0	0
raconte	1177287	2	2	0	0
secrétaire	1174602	3	3	0	0
poursuivre	1134888	2	2	0	0
patrimoine	1121080	3	3	0	0
il+s'+agit+de	1113365	6	4	2	1
transport	1106956	2	2	0	0
chemise	1094546	2	2	0	0
véhicule	1091687	3	3	0	0
tout+à+coup	1076218	3	2	1	0
extrêmement	1064685	4	4	0	0
dollars	1054995	3	3	0	0
jusqu'à+ce+que	1041109	4	3	1	0
je+ne+peux+pas	1030781	5	3	2	1
effectivement	1028625	5	5	0	0
parfaite	1020412	2	2	0	0
perception	1020309	3	3	0	0
règlement	1016916	3	3	0	0
canada	1012798	3	3	0	0
de+l'+autre+côté	1011091	5	3	2	0
n'+y+a+pas+de	1007854	5	2	3	1
ressemble	1002364	2	2	0	0
conférence	998406	3	3	0	0
n'+est+pas+un	996539	4	2	2	0
il+s'+agit+d'	995769	6	4	2	1
qui+n'+est+pas	994222	4	2	2	1
un+coup+d'+œil	990699	4	3	1	0
bouteille	989772	2	2	0	0
en+bas	989026	2	2	0	0
province	988475	2	2	0	0
immeuble	988172	2	2	0	0
mardi	986833	2	2	0	0
pareil	970369	2	2	0	0
il+y+a+des	958778	4	3	1	0
avez+vous	958343	3	3	0	0
je+n'+avais+pas	950747	6	3	3	0
dans+le+cadre+de	943785	4	3	1	2
témoin	940054	2	2	0	0
c'+est+ce+que	930396	4	2	2	0
je+ne+veux+pas	928387	5	2	3	0
dans+la+mesure+où	921209	5	3	2	0
prochaine	920167	2	2	0	0
transfert	917782	2	2	0	0
n'+est+pas+le	916197	4	2	2	1
ce+que+l'+on	908720	4	2	2	1
radio	906601	2	2	0	0
comporte	902791	2	2	0	0
qu'+avec	900191	3	1	2	0
à+la+fin+de	898756	4	2	2	1
en+ce+qui+concerne	891002	5	3	2	0
département	890219	4	4	0	0
calcul	880897	2	2	0	0
je+n'+ai+jamais	877872	6	4	2	0
il+y+a+un	874771	4	3	1	0
il+n'+avait+pas	874103	5	2	3	0
n'+est+pas+une	871725	4	2	2	0
me+dire	852666	2	2	0	0
ce+que+j'+ai	851681	5	3	2	2
grand+mère	841549	2	2	0	0
utilise	835206	3	3	0	0
magasin	828411	3	3	0	0
témoignage	823059	3	3	0	0
prochain	822422	2	2	0	0
qu'+est+ce+que+tu	813653	5	3	2	1
résulte	813461	2	2	0	0
il+y+a+une	809157	4	3	1	0
totalité	801596	4	4	0	0
poursuit	801006	2	2	0	0
logement	800818	3	3	0	0
employé	794539	3	3	0	0
il+n'+a+pas	794109	4	1	3	0
salaire	789204	2	2	0	0
égal	784733	2	2	0	0
grand+père	782142	2	2	0	0
il+n'+était+pas	779564	5	2	3	0
tu+le	778820	2	2	0	1
la+fin+de+la	773199	4	2	2	0
arrête	766669	2	2	0	0
il+ne+faut+pas	764255	4	1	3	0
employeur	760870	3	3	0	0
satisfaire	756283	3	3	0	0
familial	750417	3	3	0	0
n'+y+avait+pas	747427	5	2	3	0
à+la+fin+du	745206	4	2	2	0
c'+est+ça	744793	3	2	1	0
apporte	742133	2	2	0	0
tout+ce+qu'+il	738510	4	4	0	1
excellent	737136	3	3	0	0
commercial	729534	3	3	0	0
probable	728422	3	3	0	0
mandat	724626	2	2	0	0
tout+à+l'+heure	716795	4	2	2	0
pour+ça	715120	2	2	0	0
ce+qu'+il+y	711549	4	1	3	0
elle+n'+avait+pas	701807	5	3	2	0
faculté	701403	3	3	0	0
chômage	699721	2	2	0	0
qu'+il+y+avait	699177	5	3	2	0
que+je+n'+ai	694390	5	2	3	0
occupe	691129	2	2	0	0
participe	687313	3	3	0	0
tu+n'+as+pas	684975	5	3	2	0
patience	678233	2	2	0	0
ce+qui+se+passe	673317	4	2	2	0
il+ne+s'+agit	672719	6	3	3	0
combien+de	669262	3	3	0	1
n'+est+pas+la	663474	4	2	2	1
qu'+il+s'+agit	662412	6	3	3	0
avec+vous	658276	3	1	2	0
à+l'+intérieur+de	657185	6	4	2	1
leçon	654618	2	2	0	0
n'+a+pas+été	654453	5	3	2	0
c'+est+le+cas	652890	4	2	2	0
qu'+il+n'+avait	650311	5	2	3	0
du+point+de+vue	647735	5	4	1	0
bénéfice	647193	3	3	0	0
dommage	645738	2	2	0	0
mécanique	640568	3	3	0	0
quoi+que+ce+soit	640311	5	3	2	0
de+temps+en+temps	639982	4	3	1	0
ce+que+c'+est	638792	4	1	3	0
étudiant	638342	3	3	0	0
à+l'+égard+de	631104	5	3	2	1
droits+de+l'+homme	630670	5	3	2	0
paragraphe	629019	3	3	0	0
de+ce+qu'+il	625469	4	1	3	0
bien+être	625148	2	2	0	0
combattre	623811	2	2	0	0
répète	618079	2	2	0	0
accepte	607437	2	2	0	0
rapporte	606049	2	2	0	0
que+l'+on+peut	601502	4	2	2	0
vous+n'+avez+pas	598077	5	3	2	0
une+fois+de+plus	596005	4	3	1	0
qu'+il+n'+y+a	593475	5	1	4	0
mais+ce+n'+est	592841	4	2	2	0
on+ne+peut+pas	592394	4	2	2	0
un+certain+nombre+de	585454	5	5	0	1
mercredi	580696	3	3	0	0
c'+est+ainsi+que	576338	5	4	1	1
enseigne	576199	2	2	0	0
poursuite	574565	2	2	0	0
réside	571638	2	2	0	0
excellente	565228	3	3	0	0
la+mise+en+place	563479	5	4	1	0
confirme	563256	2	2	0	0
remercie	562134	3	3	0	0
s'+agit+d'+une	559129	6	4	2	0
communautaire	554930	4	4	0	0
s'+agit+d'+un	549962	6	4	2	0
premier+ministre	549804	4	4	0	0
il+y+en+a	546519	4	3	1	0
aviez	545501	2	2	0	0
la+mise+en+œuvre	545460	5	4	1	0
apport	545416	2	2	0	0
c'+est+moi	538680	3	2	1	0
de+la+part+de	534919	4	2	2	1
ne+s'+agit+pas	526274	6	3	3	0
conforme	525441	2	2	0	0
procureur	524831	3	3	0	0
ce+qu'+il+y+a	524775	5	2	3	0
en+même+temps+que	524271	4	4	0	1
fondamental	523813	4	4	0	0
boulevard	522713	3	3	0	0
au+sein+de+la	521457	4	3	1	0
si+ce+n'+est	520332	4	2	2	0
proportion	518069	3	3	0	0
il+n'+y+avait+pas	517845	6	2	4	0
de+ça	512360	2	1	1	0
que+ce+n'+est	506744	4	1	3	0
excellence	505110	3	3	0	0
ce+qui+s'+est	502738	4	1	3	0
qu'+il+n'+est	500948	4	1	3	0
suggère	498006	2	2	0	0
c'+est+ce+qui	496172	4	2	2	0
qu'+il+en+soit	493919	5	3	2	0
des+droits+de+l'	493600	5	4	1	0
il+faut+que+je	491732	4	2	2	0
tu+n'+es+pas	491618	5	3	2	0
la+fin+de+l'	489216	4	2	2	0
franchement	488699	3	3	0	0
j'+ai+l'+impression	485427	7	4	3	0
sur+le+point+de	483156	4	3	1	2
million	482260	2	2	0	0
photographie	481336	4	4	0	0
tout+au+long+de	481243	4	4	0	1
exact	479973	2	2	0	0
vous+étiez	479034	3	3	0	0
président+de+la+république	478791	8	6	2	0
au+milieu+de+la	477461	5	4	1	0
l'un+d'+eux	474842	3	2	1	0
ce+n'+est+pas+le	467598	5	2	3	1
légal	467222	2	2	0	0
mais+ce+n'+est+pas	464850	5	2	3	0
elle+peut	464733	2	2	0	0
sépare	461941	2	2	0	0
des+droits+de+l'+homme	460241	6	4	2	0
manœuvre	455531	2	2	0	0
tu+fais	447839	3	3	0	0
quatorze	446641	2	2	0	0
il+ne+s'+agit+pas	445421	7	3	4	0
bancaire	441318	2	2	0	0
compagne	440875	2	2	0	0
architecte	435652	3	3	0	0
ce+qui+s'+est+passé	424148	6	3	3	0
régulière	423476	3	3	0	0
que+ce+n'+est+pas	414756	5	1	4	0
organise	406619	3	3	0	0
camion	405641	2	2	0	0
de+l'+autre+côté+de	403107	6	4	2	1
c'+est+mon	401319	3	2	1	0
intelligent	400191	4	4	0	0
il+s'+agit+d'+une	392737	7	4	3	0
combien+de+temps	387388	4	3	1	0
continu	386803	3	3	0	0
quoi+qu'+il+en+soit	384019	6	4	2	0
excuse	382983	2	2	0	0
ce+n'+est+pas+un	380531	5	2	3	0
c'+est+au	380527	3	2	1	0
êtes+vous	380315	2	2	0	0
tu+as+fait	378729	4	4	0	0
ce+n'+est+pas+la	372162	5	2	3	1
que+je+n'+ai+pas	371541	6	2	4	0
il+s'+agit+d'+un	369404	7	4	3	0
il+n'+y+a+plus	367721	5	2	3	0
régulier	367237	3	3	0	0
il+n'+y+a+rien	361710	5	2	3	0
refaire	359742	2	2	0	0
intéresse	359731	3	3	0	0
pertinence	356179	3	3	0	0
conseil+d'+administration	355263	8	7	1	0
épargne	352703	2	2	0	0
avec+votre	351563	3	1	2	0
ce+n'+est+pas+une	349034	5	2	3	0
c'+est+trop	346620	3	2	1	0
elle+fait	344036	2	2	0	0
qu'+il+n'+est+pas	334980	5	1	4	0
patiente	332969	2	2	0	0
l'+autre+côté+de+la	332480	6	4	2	0
fédéral	332308	3	3	0	0
s'+il+vous+plaît	330385	4	2	2	0
jeta+un+coup+d'+œil	327478	6	5	1	0
qu'+il+y+a+de	326546	5	3	2	1
respecte	325253	2	2	0	0
chêne	319749	1	1	0	0
d'+un+point+de+vue	318447	6	4	2	0
qu'+il+n'+avait+pas	317489	6	2	4	0
partenariat	314560	4	4	0	0
immobilier	312282	4	4	0	0
nous+savons	311731	3	3	0	0
qu'+il+n'+y+avait	308964	6	2	4	0
produite	307229	3	3	0	0
dans+le+cadre+de+la	304765	5	3	2	1
autorise	301114	3	3	0	0
finance	297183	2	2	0	0
il+n'+y+a+que	295958	5	2	3	1
spécifiquement	294636	5	5	0	0
certificat	291861	4	4	0	0
jusqu'à+ce+qu'+il	291525	5	5	0	1
ce+qui+n'+est+pas	290544	5	2	3	1
maintes	288724	1	1	0	0
à+la+fin+de+la	286729	5	2	3	0
n'+y+a+pas+d'	284747	5	2	3	1
l'un+de+l'+autre	279841	4	2	2	0
ouvert+tous+les+jours+de	276334	7	7	0	1
facture	275536	2	2	0	0
qu'+est+ce+que+c'+est	274232	6	2	4	0
crayon	273954	2	2	0	0
intelligente	273164	4	4	0	0
médicament	269795	4	4	0	0
que+ce+n'+était+pas	268812	6	2	4	0
recommande	268793	3	3	0	0
en+ce+qui+concerne+les	267558	6	4	2	0
n'+y+avait+pas+de	267206	6	3	3	1
rassemble	267131	2	2	0	0
meuble	259285	1	1	0	0
extra	257689	2	2	0	0
l'un+et+l'+autre	256971	4	2	2	0
interruption	256942	4	4	0	0
qu'+il+n'+a+pas	256732	5	1	4	0
banquier	253771	2	2	0	0
de+part+et+d'+autre	253227	5	2	3	0
qu'+il+n'+était+pas	251362	6	2	4	0
je+ne+sais+pas+si	250874	6	3	3	0
saveur	248864	2	2	0	0
marchandise	248232	3	3	0	0
procure	247337	2	2	0	0
dans+le+cadre+d'+une	246622	5	3	2	1
photographe	244198	3	3	0	0
un+coup+d'+œil+à	239425	5	4	1	1
du+point+de+vue+de	239295	6	5	1	1
n'+est+pas+le+cas	236087	5	2	3	0
numéro+de+téléphone	235140	7	6	1	0
champion	230037	2	2	0	0
grands+parents	229000	5	5	0	0
c'+est+possible	225308	4	3	1	0
surplus	224594	2	2	0	0
tu+les	220005	2	2	0	0
présomption	219245	3	3	0	0
c'+est+cette	215336	3	2	1	0
tu+la	213481	2	2	0	1
chauffage	211836	2	2	0	0
achète	204300	2	2	0	0
tablier	204019	3	3	0	0
c'+est+parce+que	195080	4	3	1	1
suggestion	191149	3	3	0	0
pertinent	190473	3	3	0	0
ambulance	188766	3	3	0	0
accuse	188732	2	2	0	0
discute	188508	2	2	0	0
inter	188031	2	2	0	0
pertinente	183418	3	3	0	0
a+été+fait	183180	4	4	0	0
exploit	182120	2	2	0	0
camionnette	180983	3	3	0	0
étudiante	179657	3	3	0	0
refait	172988	2	2	0	0
avec+ça	168813	3	1	2	0
c'+est+votre	163787	3	2	1	0
tu+as+été	162330	5	5	0	0
immobilière	161950	4	4	0	0
c'+est+un+peu	155436	4	3	1	0
secrétariat	152433	4	4	0	0
importation	150935	4	4	0	0
elle+a+fait	150662	3	3	0	0
transcription	147733	3	3	0	0
formulaire	147098	3	3	0	0
présidente	146911	3	3	0	0
elle+vous	143364	2	2	0	0
préside	125737	2	2	0	0
transporte	125100	2	2	0	0
rareté	121940	3	3	0	0
a+été+faite	118866	5	5	0	0
combien+de+fois	117355	4	3	1	0
vice+président	116956	4	4	0	0
tu+as+eu	111445	4	4	0	0
provincial	108352	3	3	0	0
subvention	107461	3	3	0	0
latéral	105222	3	3	0	0
présumé	103864	3	3	0	0
sont+faits	100485	3	3	0	0
sont+faites	97895	3	3	0	0
fin+de+semaine	96803	4	3	1	0
attentionné	92013	4	4	0	0
produise	91993	3	3	0	0
renseigne	87580	2	2	0	0
parfaire	85597	2	2	0	0
exploite	85588	2	2	0	0
telle+chose	84547	2	2	0	0
irrégulier	83156	4	4	0	0
championnat	76908	3	3	0	0
nonobstant	76518	3	3	0	0
ont+été+faites	74979	5	5	0	0
remorque	72001	2	2	0	0
provinciaux	70736	3	3	0	0
continuel	69934	3	3	0	0
corporation	69784	4	4	0	0
téléviseur	67127	4	4	0	0
manufacture	67109	4	4	0	0
palais+de+justice	63302	5	4	1	0
fourche	63024	1	1	0	0
c'+est+parfait	62004	4	3	1	0
a+faite	61560	3	3	0	0
fédéraux	60974	3	3	0	0
main+d'+œuvre	60551	3	2	1	0
million+de+dollars	56849	6	5	1	0
gouvernementaux	52675	5	5	0	0
hockey	52600	2	2	0	0
photocopie	49614	4	4	0	0
compense	48070	2	2	0	0
ont+été+faits	46523	5	5	0	0
quatorzième	46442	3	3	0	0
championne	42626	2	2	0	0
poursuive	42428	3	3	0	0
facturation	42428	4	4	0	0
c'+est+cet	41626	3	2	1	0
polarité	41458	4	4	0	0
huis+clos	40291	2	2	0	0
excelle	37362	2	2	0	0
étiez+vous	35784	3	3	0	0
chemine	33282	2	2	0	0
administre	32663	3	3	0	0
percute	32249	2	2	0	0
consortium	31803	3	3	0	0
chandail	30050	2	2	0	0
c'+est+exact	28232	4	3	1	0
comptine	27140	2	2	0	0
collatéral	24518	4	4	0	0
redemande	22802	3	3	0	0
ça+a+l'+air	21819	4	3	1	0
assemble	21295	2	2	0	0
aviez+vous	17867	3	3	0	0
vice+présidente	12681	4	4	0	0
combien+d'	11122	3	3	0	1
bois+d'+œuvre	9647	3	2	1	0
c'+est+probable	9497	5	4	1	0
sur+ça	9143	2	1	1	0
par+ça	9050	2	1	1	0
par+après	8577	3	2	1	0
subventionne	8244	3	3	0	0
banquière	5837	2	2	0	0
condominium	5423	4	4	0	0
avant+midi	3834	4	4	0	0
mesdames+messieurs	342	4	4	0	0
état+de+compte	265	4	3	1	0
rapport+d'+impôt	46	5	4	1	0
