lemme	vowel
agresseur	E
agressif	E
agression	E
antidépresseur	E
aquarelliste	E
autonettoyant	E
becquet	E
cannelloni	E
caressant	E
condescendant	E
convalescent	E
cressonnière	E
dilettante	E
dilettantisme	E
décennal	E
dépressif	E
détection	E
effervescence	E
effervescent	E
empierré	E
erratum	E
essaim	E
esseulé	E
essuyage	E
excellence	E
excellent	E
excellent	E
exception	E
excrétion	E
exemption	E
expression	E
exécution	E
fessier	E
flagellation	E
impressionniste	E
incandescence	E
ineffable	E
ineffaçable	E
inintelligent	E
interception	E
interjection	E
introspection	E
lego	e
libellule	E
maquettiste	E
paresseux	E
pessimiste	E
pierreux	E
pierrot	E
pressé	E
processeur	E
quintessencié	E
surimpression	E
touareg	E
trompettiste	E
turbocompresseur	E
anabolisant	O
antiproton	O
antipsychotique	O
appoggiature	O
audition	o
bibliographique	O
bidonnant	O
bistrot	HOLD
boggie	O
bonnette	O
bot	HOLD
boulot	HOLD
cagot	HOLD
cancérologue	O
chicot	HOLD
choline	O
citronné	O
cochléaire	O
cochonnée	O
collection	O
comite	O
coronarien	O
cosmologique	O
diaporama	o
dipsomane	O
dopant	O
décapoté	O
dévot	HOLD
endommagement	O
extrascolaire	O
falot	HOLD
fiérot	HOLD
formation	O
fridolin	O
gouvernorat	O
graphomane	o
huguenot	HOLD
hypnagogique	O
idiot	HOLD
insolvable	O
interlocutoire	O
interventionniste	O
joliet	O
laryngoscope	O
locuteur	O
lorette	O
manchot	HOLD
mendigot	HOLD
mitochondrie	o
morave	o
motivant	O
nabot	HOLD
nanomètre	O
nobliau	O
notion	O
occipital	O
oculus	O
ophidien	O
opiat	O
oppositionnel	O
oppositionnel	O
option	O
orthogonal	O
orthoptère	O
ovoïdal	O
parigot	HOLD
parodontal	O
petiot	HOLD
plutonien	O
poivrot	HOLD
polarisant	O
polder	O
portion	O
prospection	O
préprogrammé	O
préélectoral	O
pâlot	HOLD
péritonéal	O
radiologique	O
radioscopique	O
ribot	HOLD
rigolo	HOLD
rototo	o
rédactionnel	O
servomoteur	O
sismologue	O
socialo	O
solognot	HOLD
sot	HOLD
surdimensionné	O
surdéveloppé	O
sécessionniste	O
tabloïd	O
transitionnel	O
transocéanique	O
troglodytique	O
unidimensionnel	O
valorisant	O
vieillot	HOLD
zoreille	O
éducationnel	O
étiologique	O
assujetti	E
expédient	e
flemmard	E
maniacodépressif	E
pressurisé	E
autocollant	O
bolivien	O
brioché	O
costal	O
cérémoniel	O
directionnel	O
dolent	O
démoralisateur	O
folichon	O
incommodant	O
innommé	O
innovateur	O
insolent	O
lyophilisé	O
notarial	O
occultiste	O
offrant	O
papilionacé	O
parpaillot	HOLD
philosophal	O
polluant	O
polytechnicien	O
professeur	HOLD
reproductif	O
romancé	O
somalien	O
somnolent	O
téléphoné	O
violent	O
aguerrir	E
amerrir	E
assujettir	E
atterrir	E
dépayser	e
exceller	E
excepter	E
expédier	E
exécuter	E
intéresser	E
javelliser	E
oppresser	E
pressuriser	E
racketter	E
régresser	E
adorer	O
autographier	o
bourgeonner	O
carotter	O
chlorer	O
choper	O
chorégraphier	O
cloner	o
cloper	O
cocarder	O
coopter	O
cordonner	O
corner	O
diplômer	o
décongestionner	O
délocaliser	O
démissionner	O
démotiver	O
dépersonnaliser	O
déraisonner	O
exorciser	O
flotter	O
foisonner	O
porter	O
rabibocher	O
raffoler	O
redonner	O
reporter	O
solenniser	O
somnoler	O
supporter	O
surprotéger	O
téléphoner	O
éclore	O
esseuler	E
lessiveur	E
parabellum	E
alloc	O
balloter	O
bedonner	O
besogner	O
bigot	HOLD
chopper	HOLD
citronner	O
crayonner	O
dropper	O
déflationniste	O
dépolitiser	O
encapuchonner	O
explorer	O
fractionné	O
greloter	O
interconnecter	O
missionner	O
monnayeur	O
pinçoter	O
rayonner	O
redimensionner	O
revoler	O
vibrionner	O
volanter	O
wisigoth	HOLD
