n	lemme	ctx	minority	majority	wiki	preferred	note
1	agresseur	agr[e]sseur	e×2 agresseurs	E×2 agresseur	a.ɡʁɛ.sœʁ	E	rule E
2	agressif	agr[e]ssif	e×2 agressifs agressives	E×2 agressif	a.ɡʁɛ.sif	E	rule E
3	agression	agr[e]ssion	e×1 agressions	E×1 agression	a.ɡʁe.sjɔ̃	E	rule E (wiki: e)
4	antidépresseur	antidépr[e]sseur	e×2 antidépresseur	E×2 antidépresseurs	ɑ̃.ti.de.pʁɛ.sœʁ	E	rule E
5	aquarelliste	aquar[e]lliste	e×1 aquarelliste	E×1 aquarellistes	a.kwa.ʁe.list	E	rule E (wiki: e)
6	autonettoyant	auton[e]ttoyant	e×1 autonettoyante	E×1 autonettoyant	o.to.ne.twa.jɑ̃	E	rule E (wiki: e)
7	becquet	b[e]cquet	e×1 becquet	E×1 becquets	bɛ.kɛ	E	
8	cannelloni	cann[e]lloni	e×1 cannelloni	E×1 cannellonis	ka.nɛ.lo.ni	E	rule E
9	caressant	car[e]ssant	e×2 caressantes caressants	E×2 caressant	ka.ʁɛ.sɑ̃	E	rule E
10	condescendant	cond[e]scendant	E×1 condescendants	e×2 condescendant	kɔ̃.de.sɑ̃.dɑ̃	E	rule E (wiki: e)
11	convalescent	conval[e]scent	e×3 convalescent convalescente	E×3 convalescentes	kɔ̃.va.le.sɑ̃	E	rule E (wiki: e)
12	cressonnière	cr[e]ssonnière	e×1 cressonnière	E×1 cressonnières	kʁe.sɔ.njɛʁ	E	rule E (wiki: e)
13	dilettante	dil[e]ttante	e×2 dilettante	E×2 dilettantes	di.lɛ.tɑ̃t	E	rule E
14	dilettantisme	dil[e]ttantisme	e×1 dilettantisme	E×1 dilettantismes	di.lɛ.tɑ̃.tism	E	rule E
15	décennal	déc[e]nnal	e×1 décennal	E×1 décennale	décenn	E	rule E (wiki: e)
16	dépressif	dépr[e]ssif	e×3 dépressif dépressive	E×3 dépressifs	de.pʁɛ.sif	E	rule E
17	détection	dét[e]ction	e×1 détections	E×1 détection	de.tɛk.sjɔ̃	E	
18	effervescence	efferv[e]scence	e×1 effervescence	E×1 effervescences	e.fɛʁ.vɛ.sɑ̃s	E	rule E
19	effervescent	efferv[e]scent	e×2 effervescent effervescente	E×2 effervescentes	e.fɛʁ.ve.sɑ̃	E	rule E (wiki: e)
20	empierré	empi[e]rré	e×2 empierrées empierrés	E×2 empierré	ɑ̃.pjɛ.ʁe	E	rule E
21	erratum	[e]rratum	e×1 erratum	E×1 errata	ɛ.ʁa.tɔm	E	rule E
22	essaim	[e]ssaim	e×1 essaim	E×1 essaims	e.sɛ̃	E	rule E (wiki: e)
23	esseulé	[e]sseulé	e×2 esseulé esseulée	E×2 esseulées	e.sœ.le	E	rule E (wiki: e)
24	essuyage	[e]ssuyage	e×1 essuyage	E×1 essuyages	e.sɥi.jaʒ	E	rule E (wiki: e)
25	excellence	exc[e]llence	e×1 excellences	E×1 excellence	ɛk.se.lɑ̃s	E	rule E (wiki: e)
26	excellent	[e]xcellent	e×1 excellent	E×3 excellente	ɛk.sɛ.lɑ̃	E	
27	excellent	exc[e]llent	e×1 excellentes	E×3 excellent	ɛk.sɛ.lɑ̃	E	rule E
28	exception	[e]xception	e×1 exceptions	E×1 exception	ɛk.sɛp.sjɔ̃	E	
29	excrétion	[e]xcrétion	e×1 excrétions	E×1 excrétion	ɛks.kʁe.sjɔ̃	E	
30	exemption	[e]xemption	e×1 exemptions	E×1 exemption	ɛɡ.zɑ̃p.sjɔ̃	E	
31	expression	expr[e]ssion	e×1 expressions	E×1 expression	ɛk.spʁɛ.sjɔ̃	E	rule E
32	exécution	[e]xécution	e×1 exécutions	E×1 exécution	ɛɡ.ze.ky.sjɔ̃	E	
33	fessier	f[e]ssier	e×1 fessière	E×5 fessier	fɛ.sje	E	rule E
34	flagellation	flag[e]llation	e×1 flagellations	E×1 flagellation	fla.ʒɛl.la.sjɔ̃	E	rule E
35	impressionniste	impr[e]ssionniste	e×2 impressionniste	E×2 impressionnistes	ɛ̃.pʁɛ.sjɔ.nist	E	rule E
36	incandescence	incand[e]scence	e×1 incandescence	E×1 incandescences	ɛ̃.kɑ̃.de.sɑ̃s	E	rule E (wiki: e)
37	ineffable	in[e]ffable	e×1 ineffable	E×1 ineffables	i.nɛ.fabl	E	rule E
38	ineffaçable	in[e]ffaçable	e×1 ineffaçable	E×1 ineffaçables	i.ne.fa.sabl	E	rule E (wiki: e)
39	inintelligent	inint[e]lligent	e×1 inintelligent	E×1 inintelligents	i.nɛ̃.te.li.ʒɑ̃	E	rule E (wiki: e)
40	interception	interc[e]ption	e×1 interceptions	E×1 interception	ɛ̃.tɛʁ.sɛp.sjɔ̃	E	
41	interjection	interj[e]ction	e×1 interjections	E×1 interjection	ɛ̃.tɛʁ.ʒɛk.sjɔ̃	E	
42	introspection	introsp[e]ction	e×1 introspections	E×1 introspection	ɛ̃.tʁɔ.spɛk.sjɔ̃	E	
43	lego	l[e]go	e×1 lego	E×1 legos	le.go	e	
44	libellule	lib[e]llule	e×1 libellule	E×1 libellules	li.be.lyl	E	rule E (wiki: e)
45	maquettiste	maqu[e]ttiste	e×1 maquettiste	E×1 maquettistes	ma.kɛ.tist	E	rule E
46	paresseux	par[e]sseux	e×2 paresseuses	E×4 paresseuse	pa.ʁɛ.sø	E	rule E
47	pessimiste	p[e]ssimiste	e×2 pessimiste	E×2 pessimistes	pe.si.mist	E	rule E (wiki: e)
48	pierreux	pi[e]rreux	e×1 pierreuses	E×2 pierreuse	pjɛ.ʁø	E	rule E
49	pierrot	pi[e]rrot	e×1 pierrots	E×1 pierrot	pje.ʁo	E	rule E (wiki: e)
50	pressé	pr[e]ssé	e×4 pressée pressées	E×4 pressé	pʁe.se	E	rule E (wiki: e)
51	processeur	proc[e]sseur	e×1 processeur	E×1 processeurs	pʁɔ.sɛ.sœʁ	E	rule E
52	quintessencié	quint[e]ssencié	E×1 quintessenciées	e×2 quintessencié	kɛ̃.te.sɑ̃.sje	E	rule E (wiki: e)
53	surimpression	surimpr[e]ssion	e×1 surimpression	E×1 surimpressions	sy.ʁɛ̃.pʁɛ.sjɔ̃	E	rule E
54	touareg	touar[e]g	e×2 touareg	E×2 touaregs	twa.ʁɛɡ	E	
55	trompettiste	tromp[e]ttiste	e×1 trompettiste	E×1 trompettistes	tʁɔ̃.pɛ.tist	E	rule E
56	turbocompresseur	turbocompr[e]sseur	e×1 turbocompresseur	E×1 turbocompresseurs	tyʁ.bo.kɔ̃.pʁɛ.sœʁ	E	rule E
57	anabolisant	anab[o]lisant	o×2 anabolisants	O×2 anabolisant	a.na.bɔ.li.zɑ̃	O	
58	antiproton	antipr[o]ton	o×1 antiprotons	O×1 antiproton	ɑ̃.ti.pʁɔ.tɔ̃	O	
59	antipsychotique	antipsych[o]tique	o×2 antipsychotiques	O×2 antipsychotique	ɑ̃.ti.psi.kɔ.tik	O	
60	appoggiature	app[o]ggiature	o×1 appoggiatures	O×1 appoggiature	a.pɔ.ʒja.tyʁ	O	
61	audition	[au]dition	o×1 audition	O×1 auditions	o.di.sjɔ̃	o	
62	bibliographique	bibli[o]graphique	o×1 bibliographiques	O×1 bibliographique	bi.bli.jɔ.ɡʁa.fik	O	
63	bidonnant	bid[o]nnant	o×1 bidonnant	O×1 bidonnante	bi.dɔ.nɑ̃	O	
64	bistrot	bistr[o]t	O×1 bistrote	o×2 bistrot	bis.tʁo	HOLD	masc -o(t) / fem -Ot(te): not harmonized
65	boggie	b[o]ggie	o×1 boggie	O×1 boggies	bɔ.ʒi	O	
66	bonnette	b[o]nnette	o×1 bonnettes	O×1 bonnette	bɔ.nɛt	O	
67	bot	b[o]t	o×1 bot	O×1 bote	bo	HOLD	masc -o(t) / fem -Ot(te): not harmonized
68	boulot	boul[o]t	O×2 boulotte boulottes	o×4 boulot	bu.lo	HOLD	masc -o(t) / fem -Ot(te): not harmonized
69	cagot	cag[o]t	O×2 cagote cagotes	o×3 cagot	ka.ɡo	HOLD	masc -o(t) / fem -Ot(te): not harmonized
70	cancérologue	cancér[o]logue	o×1 cancérologues	O×1 cancérologue	kɑ̃.se.ʁɔ.lɔɡ	O	
71	chicot	chic[o]t	O×1 chicote	o×2 chicot	ʃi.ko	HOLD	masc -o(t) / fem -Ot(te): not harmonized
72	choline	ch[o]line	o×1 cholines	O×1 choline	kɔ.lin	O	
73	citronné	citr[o]nné	o×1 citronné	O×1 citronnée	sit.ʁɔ.ne	O	
74	cochléaire	c[o]chléaire	o×1 cochléaires	O×1 cochléaire	kɔ.kle.ɛʁ	O	
75	cochonnée	coch[o]nnée	o×1 cochonnées	O×1 cochonnée	kɔ.ʃɔ.ne	O	
76	collection	c[o]llection	o×1 collection	O×1 collections	kɔ.lɛk.sjɔ̃	O	
77	comite	c[o]mite	o×1 comites	O×1 comite	kɔ.mit	O	
78	coronarien	cor[o]narien	o×1 coronarienne	O×2 coronarien	kɔ.ʁɔ.na.ʁjɛ̃	O	
79	cosmologique	cosmol[o]gique	o×1 cosmologiques	O×1 cosmologique	kɔs.mɔ.lɔ.ʒik	O	
80	diaporama	diap[o]rama	o×1 diaporamas	O×1 diaporama	dja.po.ʁa.ma	o	
81	dipsomane	dips[o]mane	o×1 dipsomanes	O×2 dipsomane	dip.sɔ.man	O	
82	dopant	d[o]pant	o×1 dopants	O×1 dopant	dɔ.pɑ̃	O	
83	décapoté	décap[o]té	o×1 décapotée	O×1 décapoté	de.ka.pɔ.te	O	
84	dévot	dév[o]t	o×4 dévot dévots	O×4 dévote	de.vo	HOLD	masc -o(t) / fem -Ot(te): not harmonized
85	endommagement	end[o]mmagement	o×1 endommagements	O×1 endommagement	ɑ̃.dɔ.maʒ.mɑ̃	O	
86	extrascolaire	extrasc[o]laire	o×1 extrascolaires	O×1 extrascolaire	ɛks.tʁa.skɔ.lɛʁ	O	
87	falot	fal[o]t	O×2 falote falotes	o×4 falot	fa.lo	HOLD	masc -o(t) / fem -Ot(te): not harmonized
88	fiérot	fiér[o]t	O×1 fiérote	o×3 fiérot	fje.ʁo	HOLD	masc -o(t) / fem -Ot(te): not harmonized
89	formation	f[o]rmation	o×1 formations	O×1 formation	fɔʁ.ma.sjɔ̃	O	
90	fridolin	frid[o]lin	o×1 fridolins	O×1 fridolin	fʁi.dɔ.lɛ̃	O	
91	gouvernorat	gouvern[o]rat	o×1 gouvernorats	O×1 gouvernorat	ɡu.vɛʁ.nɔ.ʁa	O	
92	graphomane	graph[o]mane	o×1 graphomanes	O×1 graphomane	ɡʁa.fo.man	o	
93	huguenot	huguen[o]t	O×2 huguenote	o×3 huguenot	yg.no	HOLD	masc -o(t) / fem -Ot(te): not harmonized
94	hypnagogique	hypnag[o]gique	o×1 hypnagogiques	O×1 hypnagogique	i.pna.ɡɔ.ʒik	O	
95	idiot	idi[o]t	o×4 idiot idiots	O×4 idiote	i.djo	HOLD	masc -o(t) / fem -Ot(te): not harmonized
96	insolvable	ins[o]lvable	o×1 insolvables	O×1 insolvable	ɛ̃.sɔl.vabl	O	
97	interlocutoire	interl[o]cutoire	o×1 interlocutoires	O×1 interlocutoire	ɛ̃.tɛʁ.lɔ.ky.twaʁ	O	
98	interventionniste	interventi[o]nniste	o×2 interventionnistes	O×2 interventionniste	ɛ̃.tɛʁ.vɑ̃.sjɔ.nist	O	
99	joliet	j[o]liet	o×1 joliette	O×1 joliet	ʒɔ.ljɛ	O	
100	laryngoscope	laryng[o]scope	o×1 laryngoscopes	O×1 laryngoscope	la.ʁɛ̃.ɡɔ.skɔp	O	
101	locuteur	l[o]cuteur	o×1 locuteur	O×1 locutrice	lɔ.ky.tœʁ	O	
102	lorette	l[o]rette	o×1 lorettes	O×1 lorette	lɔ.ʁɛt	O	
103	manchot	manch[o]t	O×3 manchote manchotes	o×4 manchot	mɑ̃.ʃo	HOLD	masc -o(t) / fem -Ot(te): not harmonized
104	mendigot	mendig[o]t	O×1 mendigote	o×2 mendigot	mɑ̃.di.ɡo	HOLD	masc -o(t) / fem -Ot(te): not harmonized
105	mitochondrie	mit[o]chondrie	o×1 mitochondries	O×1 mitochondrie	mi.to.kɔ̃.dʁi	o	
106	morave	m[o]rave	O×1 morave	o×2 moraves	mo.ʁav	o	
107	motivant	m[o]tivant	o×1 motivant	O×1 motivante	mɔ.ti.vɑ̃	O	
108	nabot	nab[o]t	O×1 nabote	o×2 nabot	na.bo	HOLD	masc -o(t) / fem -Ot(te): not harmonized
109	nanomètre	nan[o]mètre	o×1 nanomètres	O×1 nanomètre	na.nɔ.mɛtʁ	O	
110	nobliau	n[o]bliau	o×1 nobliaux	O×1 nobliau	nɔ.bli.jo	O	
111	notion	n[o]tion	o×1 notion	O×1 notions	nɔ.sjɔ̃	O	
112	occipital	[o]ccipital	o×1 occipitale	O×3 occipital	ɔk.si.pi.tal	O	
113	oculus	[o]culus	o×1 oculus	O×1 oculi	ɔ.ky.lys	O	
114	ophidien	[o]phidien	o×1 ophidiens	O×1 ophidien	ɔ.fi.djɛ̃	O	
115	opiat	[o]piat	o×1 opiats	O×1 opiat	ɔ.pja	O	
116	oppositionnel	[o]ppositionnel	o×1 oppositionnelle	O×1 oppositionnel	o.po.zi.sjɔ.nɛl	o	
117	oppositionnel	oppositi[o]nnel	o×1 oppositionnelle	O×1 oppositionnel	o.po.zi.sjɔ.nɛl	O	
118	option	[o]ption	o×1 options	O×1 option	ɔp.sjɔ̃	O	
119	orthogonal	orth[o]gonal	o×1 orthogonaux	O×1 orthogonal	ɔʁ.tɔ.ɡɔ.nal	O	
120	orthoptère	orth[o]ptère	o×1 orthoptères	O×1 orthoptère	ɔʁ.tɔp.tɛʁ	O	
121	ovoïdal	ov[o]ïdal	o×1 ovoïdal	O×1 ovoïdale	ɔ.vɔ.i.dal	O	
122	parigot	parig[o]t	o×4 parigot parigots	O×4 parigote	pa.ʁi.ɡo	HOLD	masc -o(t) / fem -Ot(te): not harmonized
123	parodontal	par[o]dontal	o×1 parodontal	O×1 parodontale	pa.ʁɔ.dɔ̃.tal	O	
124	petiot	peti[o]t	O×1 petiote	o×2 petiot	pə.tjo	HOLD	masc -o(t) / fem -Ot(te): not harmonized
125	plutonien	plut[o]nien	o×1 plutonien	O×1 plutonienne	ply.tɔ.njɛ̃	O	
126	poivrot	poivr[o]t	o×2 poivrot poivrots	O×2 poivrote	pwa.vʁo	HOLD	masc -o(t) / fem -Ot(te): not harmonized
127	polarisant	p[o]larisant	o×1 polarisants	O×1 polarisant	pɔ.la.ʁi.zɑ̃	O	
128	polder	p[o]lder	o×1 polders	O×1 polder	pɔl.dɛʁ	O	
129	portion	p[o]rtion	o×1 portions	O×1 portion	pɔʁ.sjɔ̃	O	
130	prospection	pr[o]spection	o×1 prospections	O×1 prospection	pʁɔs.pɛk.sjɔ̃	O	
131	préprogrammé	prépr[o]grammé	o×1 préprogrammé	O×1 préprogrammée	pʁe.pʁɔ.ɡʁa.me	O	
132	préélectoral	préélect[o]ral	o×1 préélectoral	O×1 préélectorale	pʁe.e.lɛk.tɔ.ʁal	O	
133	pâlot	pâl[o]t	o×2 pâlot pâlots	O×2 pâlotte	pɑ.lo	HOLD	masc -o(t) / fem -Ot(te): not harmonized
134	péritonéal	périt[o]néal	o×1 péritonéale	O×1 péritonéal	pe.ʁi.tɔ.ne.al	O	
135	radiologique	radiol[o]gique	o×1 radiologiques	O×1 radiologique	ʁa.djɔ.lɔ.ʒik	O	
136	radioscopique	radiosc[o]pique	o×1 radioscopiques	O×1 radioscopique	ʁa.djɔs.kɔ.pik	O	
137	ribot	rib[o]t	o×1 ribot	O×1 ribote	ʁi.bo	HOLD	masc -o(t) / fem -Ot(te): not harmonized
138	rigolo	rigol[o]	O×2 rigolote rigolotes	o×4 rigolo	ʁi.ɡɔ.lo	HOLD	masc -o(t) / fem -Ot(te): not harmonized
139	rototo	rot[o]to	o×1 rototos	O×1 rototo	ʁo.to.to	o	
140	rédactionnel	rédacti[o]nnel	o×1 rédactionnelle	O×1 rédactionnel	ʁe.dak.sjɔ.nɛl	O	
141	servomoteur	servom[o]teur	o×1 servomoteurs	O×1 servomoteur	sɛʁ.vo.mɔ.tœʁ	O	
142	sismologue	sism[o]logue	o×1 sismologues	O×1 sismologue	sis.mɔ.lɔɡ	O	
143	socialo	s[o]cialo	o×2 socialos	O×2 socialo	sɔ.sja.lo	O	
144	solognot	sologn[o]t	O×1 solognote	o×2 solognot	sɔ.lɔ.ɲo	HOLD	masc -o(t) / fem -Ot(te): not harmonized
145	sot	s[o]t	o×4 sot sots	O×4 sotte	so	HOLD	masc -o(t) / fem -Ot(te): not harmonized
146	surdimensionné	surdimensi[o]nné	o×1 surdimensionné	O×1 surdimensionnée	syʁ.di.mɑ̃.sjɔ.ne	O	
147	surdéveloppé	surdével[o]ppé	o×2 surdéveloppées surdéveloppés	O×2 surdéveloppé	syʁ.dev.lɔ.pe	O	
148	sécessionniste	sécessi[o]nniste	o×2 sécessionnistes	O×2 sécessionniste	se.sɛ.sjɔ.nist	O	
149	tabloïd	tabl[o]ïd	o×1 tabloïds	O×2 tabloïd	ta.blɔ.id	O	
150	transitionnel	transiti[o]nnel	o×1 transitionnel	O×1 transitionnelle	tʁɑ̃.zi.sjɔ.nɛl	O	
151	transocéanique	trans[o]céanique	o×1 transocéaniques	O×1 transocéanique	tʁɑ̃.sɔ.se.a.nik	O	
152	troglodytique	trogl[o]dytique	o×1 troglodytiques	O×1 troglodytique	tʁɔ.ɡlɔ.di.tik	O	
153	unidimensionnel	unidimensi[o]nnel	o×1 unidimensionnel	O×1 unidimensionnelle	y.ni.di.mɑ̃.sjɔ.nɛl	O	
154	valorisant	val[o]risant	o×1 valorisant	O×1 valorisante	va.lɔ.ʁi.zɑ̃	O	
155	vieillot	vieill[o]t	o×2 vieillot vieillots	O×2 vieillotte	vjɛ.jo	HOLD	masc -o(t) / fem -Ot(te): not harmonized
156	zoreille	z[o]reille	o×1 zoreilles	O×1 zoreille	zɔ.ʁɛj	O	
157	éducationnel	éducati[o]nnel	o×1 éducationnelle	O×1 éducationnel	e.dy.ka.sjɔ.nɛl	O	
158	étiologique	étiol[o]gique	o×1 étiologiques	O×1 étiologique	e.tjɔ.lɔ.ʒik	O	
159	assujetti	assuj[e]tti	e×1 assujetties	E×2 assujetti	a.sy.ʒe.ti	E	rule E (wiki: e)
160	expédient	[e]xpédient	e×1 expédient	E×3 expédient	ek.spe.djɑ̃	e	
161	flemmard	fl[e]mmard	E×1 flemmardes	e×6 flemmard	flɛ.maʁ	E	rule E
162	maniacodépressif	maniacodépr[e]ssif	E×1 maniacodépressive	e×2 maniacodépressif	ma.nja.kɔ.de.pʁɛ.sif	E	rule E
163	pressurisé	pr[e]ssurisé	E×1 pressurisés	e×2 pressurisé	pʁɛ.sy.ʁi.ze	E	rule E
164	autocollant	autoc[o]llant	O×1 autocollante	o×5 autocollant	o.to.kɔ.lɑ̃	O	
165	bolivien	b[o]livien	O×2 bolivien	o×4 bolivienne	bɔ.li.vjɛ̃	O	
166	brioché	bri[o]ché	O×1 briochée	o×2 brioché	bʁi.jɔ.ʃe	O	
167	costal	c[o]stal	O×1 costal	o×2 costale	kɔs.tal	O	
168	cérémoniel	cérém[o]niel	O×1 cérémonielle	o×2 cérémoniel	se.ʁe.mɔ.njɛl	O	
169	directionnel	directi[o]nnel	O×1 directionnelle	o×3 directionnel	di.ʁɛk.sjɔ.nɛl	O	
170	dolent	d[o]lent	O×1 dolent	o×3 dolente	dɔ.lɑ̃	O	
171	démoralisateur	dém[o]ralisateur	O×1 démoralisateur	o×2 démoralisateurs	de.mɔ.ʁa.li.za.tœʁ	O	
172	folichon	f[o]lichon	O×1 folichon	o×2 folichonne	fɔ.li.ʃɔ̃	O	
173	incommodant	incomm[o]dant	O×1 incommodant	o×2 incommodante	ɛ̃.kɔ.mɔ.dɑ̃	O	
174	innommé	inn[o]mmé	O×1 innommée	o×2 innommé	i.nɔ.me	O	
175	innovateur	inn[o]vateur	O×1 innovatrice	o×2 innovateur	i.nɔ.va.tœʁ	O	
176	insolent	ins[o]lent	O×2 insolent	o×4 insolente	ɛ̃.sɔ.lɑ̃	O	
177	lyophilisé	ly[o]philisé	O×1 lyophilisé	o×2 lyophilisée	ljɔ.fi.li.ze	O	
178	notarial	n[o]tarial	O×1 notariale	o×2 notarial	nɔ.ta.ʁjal	O	
179	occultiste	[o]ccultiste	O×1 occultiste	o×2 occultistes	ɔ.kyl.tist	O	
180	offrant	[o]ffrant	O×1 offrante	o×5 offrant	ɔ.fʁɑ̃	O	
181	papilionacé	papili[o]nacé	O×1 papilionacé	o×2 papilionacée	pa.pi.ljɔ.na.se	O	
182	parpaillot	parpaill[o]t	o×1 parpaillot	O×2 parpaillote	paʁ.pa.jo	HOLD	masc -o(t) / fem -Ot(te): not harmonized
183	philosophal	philos[o]phal	O×1 philosophal	o×2 philosophale	fi.lɔ.zɔ.fal	O	
184	polluant	p[o]lluant	O×1 polluante	o×2 polluant	pɔ.lɥɑ̃	O	
185	polytechnicien	p[o]lytechnicien	O×1 polytechnicienne	o×2 polytechnicien	pɔ.li.tɛk.ni.sjɛ̃	O	
186	professeur	pr[o]fesseur	O×1 professeure	o×2 professeur	pʁɔ.fe.sœʁ	O	
187	reproductif	repr[o]ductif	O×1 reproductive	o×2 reproductif	ʁə.pʁɔ.dyk.tif	O	
188	romancé	r[o]mancé	O×1 romancé	o×2 romancée	ʁɔ.mɑ̃.se	O	
189	somalien	s[o]malien	O×1 somalienne	o×3 somalien	sɔ.ma.ljɛ̃	O	
190	somnolent	somn[o]lent	O×1 somnolent	o×3 somnolente	sɔm.nɔ.lɑ̃	O	
191	téléphoné	téléph[o]né	O×1 téléphonée	o×3 téléphoné	te.le.fɔ.ne	O	
192	violent	vi[o]lent	O×1 violent	o×5 violent	vjɔ.lɑ̃	O	
193	aguerrir	agu[e]rrir	e×1 aguerrir	E×7 aguerri	a.ɡɛ.ʁiʁ	E	rule E
194	amerrir	am[e]rrir	e×1 amerrir	E×2 amerri	a.mɛ.ʁiʁ	E	rule E
195	assujettir	assuj[e]ttir	e×3 assujetties assujettir assujettissant	E×9 assujetti	a.sy.ʒɛ.tiʁ	E	rule E
196	atterrir	att[e]rrir	e×1 atterrir	E×20 atterri	a.tɛ.ʁiʁ	E	rule E
197	dépayser	dép[a]yser	E×4 dépaysera dépaysé dépaysée	e×5 dépaysaient	de.pe.i.ze	e	
198	exceller	[e]xceller	e×1 excellent	E×11 excella	ɛ.kse.le	E	
199	excepter	[e]xcepter	e×1 exceptions	E×10 exceptais	ɛk.sɛp.te	E	
200	expédier	[e]xpédier	e×1 expédient	E×22 expédia	ɛk.spe.dje	E	
201	exécuter	[e]xécuter	e×1 exécutions	E×28 exécuta	ɛɡ.ze.ky.te	E	
202	intéresser	intér[e]sser	e×1 intéresseriez	E×27 intéressa	ɛ̃.te.ʁɛ.se	E	rule E
203	javelliser	jav[e]lliser	e×1 javelliser	E×4 javellise	ʒa.vɛ.li.ze	E	rule E
204	oppresser	oppr[e]sser	E×2 oppresse oppressent	e×8 oppressa	ɔ.pʁe.se	E	rule E (wiki: e)
205	pressuriser	pr[e]ssuriser	e×3 pressurisé pressurisée pressurisées	E×3 pressuriser	pʁe.sy.ʁi.ze	E	rule E (wiki: e)
206	racketter	rack[e]tter	e×1 rackettons	E×4 rackette	ʁa.kɛ.te	E	rule E
207	régresser	régr[e]sser	e×3 régresser régressera régressé	E×3 régressait	ʁe.ɡʁe.se	E	rule E (wiki: e)
208	adorer	ad[o]rer	o×15 adora adorai adoraient	O×15 adore	a.dɔ.ʁe	O	
209	autographier	aut[o]graphier	o×1 autographier	O×1 autographié	o.to.ɡʁa.fje	o	
210	bourgeonner	bourge[o]nner	o×4 bourgeonnaient bourgeonnait bourgeonnant	O×4 bourgeonne	buʁ.ʒɔ.ne	O	
211	carotter	car[o]tter	o×3 carottait carotter carottés	O×4 carotte	ka.ʁɔ.te	O	
212	chlorer	chl[o]rer	o×1 chloré	O×1 chlorer	klɔ.ʁe	O	
213	choper	ch[o]per	o×11 chopaient chopais chopait	O×11 chope	ʃɔ.pe	O	
214	chorégraphier	ch[o]régraphier	o×1 chorégraphiées	O×1 chorégraphier	kɔ.ʁe.ɡʁa.fje	O	
215	cloner	cl[o]ner	O×1 cloner	o×5 clonant	klo.ne	o	
216	cloper	cl[o]per	o×2 clopais clopant	O×3 clope	klɔ.pe	O	
217	cocarder	c[o]carder	o×1 cocardés	O×1 cocarder	kɔ.kaʁ.de	O	
218	coopter	c[o]opter	o×1 coopter	O×2 cooptant	kɔ.ɔp.te	O	
219	cordonner	cord[o]nner	o×1 cordonnées	O×1 cordonner	kɔʁ.dɔ.ne	O	
220	corner	c[o]rner	o×2 corner	O×14 corna	kɔʁ.ne	O	
221	diplômer	dipl[ô]mer	O×1 diplômer	o×4 diplômé	di.plo.me	o	
222	décongestionner	décongesti[o]nner	o×1 décongestionner	O×3 décongestionnant	de.kɔ̃.ʒɛs.tjɔ.ne	O	
223	délocaliser	dél[o]caliser	o×1 délocalisez	O×2 délocaliser	de.lɔ.ka.li.ze	O	
224	démissionner	démissi[o]nner	o×9 démissionna démissionnaient démissionnais	O×11 démissionne	de.mi.sjɔ.ne	O	
225	démotiver	dém[o]tiver	o×1 démotive	O×2 démotiver	de.mɔ.ti.ve	O	
226	dépersonnaliser	dépers[o]nnaliser	o×1 dépersonnaliser	O×1 dépersonnalisé	de.pɛʁ.sɔ.na.li.ze	O	
227	déraisonner	dérais[o]nner	o×3 déraisonnait déraisonner déraisonnez	O×3 déraisonne	de.ʁɛ.zɔ.ne	O	
228	exorciser	ex[o]rciser	o×1 exorcisant	O×12 exorcisa	ɛɡ.zɔʁ.si.ze	O	
229	flotter	fl[o]tter	O×9 flotte flottent flottera	o×14 flotta	flo.te	o	
230	foisonner	fois[o]nner	o×4 foisonnaient foisonnait foisonnant	O×4 foisonne	fwa.zɔ.ne	O	
231	porter	p[o]rter	o×1 porter	O×30 porta	pɔʁ.te	O	
232	rabibocher	rabib[o]cher	o×3 rabibocher rabibochées rabibochés	O×4 rabiboche	ʁa.bi.bɔ.ʃe	O	
233	raffoler	raff[o]ler	o×6 raffolaient raffolais raffolait	O×6 raffolant	ʁa.fɔ.le	O	
234	redonner	red[o]nner	o×11 redonna redonnai redonnaient	O×11 redonne	ʁə.dɔ.ne	O	
235	reporter	rep[o]rter	o×2 reporter	O×17 reporta	ʁə.pɔʁ.te	O	
236	solenniser	s[o]lenniser	o×1 solennisèrent	O×1 solenniser	sɔ.la.ni.ze	O	
237	somnoler	s[o]mnoler	o×1 somnolent	O×11 somnola	sɔm.nɔ.le	O	
238	supporter	supp[o]rter	o×2 supporter	O×29 supporta	sy.pɔʁ.te	O	
239	surprotéger	surpr[o]téger	o×2 surprotège surprotégeais	O×2 surprotéger	syʁ.pʁɔ.te.ʒe	O	
240	téléphoner	téléph[o]ner	o×13 téléphona téléphonai téléphonaient	O×13 téléphone	te.le.fɔ.ne	O	
241	éclore	écl[o]re	o×1 éclose	O×1 éclore	e.klɔʁ	O	
