term	word_units	freq	source
cet	1	17322519	orgtre
cette	1	75345546	orgtre
très	1	31094465	orgtre
être	1	64993690	orgtre
société	1	8568348	orgtre
c'est au	3	380527	fill
c'est à	3	2105419	orgtre
c'est cet	3	41626	fill
c'est cette	3	215336	fill
président	1	4356139	orgtre
présidente	1	146911	fill
par	1	156321990	orgtre
plus	1	136841941	orgtre
pas	1	206722861	orgtre
parce	1	12547751	orgtre
un peu	2	13723515	orgtre
un peu plus	3	2248289	orgtre
c'est un peu	4	155436	fill
transport	1	1106956	orgtre
transporte	1	125100	fill
peut-être	1	10736579	orgtre
respect	1	2380188	orgtre
respecte	1	325253	orgtre
pour	1	210428492	orgtre
propriété	1	2053950	orgtre
premier	1	12549903	orgtre
première	1	12470397	orgtre
arrête	1	766669	orgtre
intérêt	1	4757865	orgtre
intéresse	1	359731	orgtre
adresse	1	2016296	orgtre
rareté	1	121940	fill
apport	1	545416	orgtre
apporte	1	742133	orgtre
rapport	1	7630796	orgtre
rapporte	1	606049	orgtre
participe	1	687313	orgtre
sépare	1	461941	orgtre
processus	1	4088228	orgtre
procure	1	247337	orgtre
c'est trop	3	346620	fill
répète	1	618079	orgtre
vous avez	2	5325366	orgtre
avez-vous	1	958343	orgtre
vous êtes	2	4442542	orgtre
êtes-vous	1	380315	orgtre
avec	1	105501881	orgtre
vous	1	103210545	orgtre
avec vous	2	658276	orgtre
faire	1	43534550	orgtre
affaire	1	4148949	orgtre
transfert	1	917782	orgtre
parfaire	1	85597	fill
fait	1	51948646	orgtre
faite	1	2340955	orgtre
tu fais	2	447839	orgtre
tu as fait	3	378729	fill
refait	1	172988	fill
refaire	1	359742	orgtre
parfait	1	1516421	orgtre
parfaite	1	1020412	orgtre
a fait	2	3156016	orgtre
a faite	2	61560	fill
a été fait	3	183180	fill
a été faite	3	118866	fill
ont été faits	3	46523	fill
ont été faites	3	74979	fill
sont	1	68475032	orgtre
sont faits	2	100485	fill
sont faites	2	97895	fill
votre	1	18907569	orgtre
avec votre	2	351563	fill
c'est votre	3	163787	fill
vice-président	1	116956	fill
vice-présidente	1	12681	fill
pour vous	2	2013980	orgtre
rendez-vous	1	1565900	orgtre
tout à fait	3	2162015	orgtre
vertu	1	1447225	orgtre
autorité	1	2725602	orgtre
surplus	1	224594	fill
ontario	1	241	fill
toronto	1	732	fill
percute	1	32249	fill
tu as	2	5097039	orgtre
tu as eu	3	111445	fill
tu as été	3	162330	fill
c'est parfait	3	62004	fill
petit	1	14951284	orgtre
petite	1	9878428	orgtre
résulte	1	813461	orgtre
résultat	1	2337930	orgtre
réel	1	2040552	orgtre
réalité	1	5280389	orgtre
utile	1	1495809	orgtre
provincial	1	108352	fill
service	1	6269006	orgtre
premier ministre	2	549804	orgtre
principe	1	4228171	orgtre
bien	1	62861656	orgtre
bientôt	1	3209458	orgtre
c'est bien	3	1602602	orgtre
meuble	1	259285	orgtre
immeuble	1	988172	orgtre
erreur	1	1764112	orgtre
québec	1	839179	orgtre
possible	1	7911579	orgtre
c'est possible	3	225308	fill
probable	1	728422	orgtre
c'est probable	3	9497	fill
bien-être	1	625148	orgtre
véhicule	1	1091687	orgtre
parole	1	3799035	orgtre
procureur	1	524831	orgtre
régulier	1	367237	orgtre
régulière	1	423476	orgtre
irrégulier	1	83156	fill
suggère	1	498006	orgtre
organise	1	406619	orgtre
paragraphe	1	629019	orgtre
réside	1	571638	orgtre
préside	1	125737	fill
très bien	2	2434154	orgtre
après-midi	1	1512839	orgtre
avant-midi	1	3834	fill
a-t-il	1	1648352	orgtre
est-il	1	1599379	orgtre
accepte	1	607437	orgtre
ottawa	1	498	fill
caire	1	246489	orgtre
où	1	42512674	orgtre
c'est vrai	3	1239626	orgtre
tu le	2	778820	orgtre
tu la	2	213481	fill
tu les	2	220005	fill
quatorze	1	446641	orgtre
autorise	1	301114	orgtre
surpris	1	1324116	orgtre
surprise	1	2247908	orgtre
utilise	1	835206	orgtre
vos	1	7310346	orgtre
tu vas	2	1368090	orgtre
il va	2	1490475	orgtre
plusieurs	1	11194459	orgtre
plutôt	1	7159659	orgtre
qu'est-ce que	3	2482880	orgtre
remarque	1	1218389	orgtre
avec le	2	7504552	orgtre
plupart	1	3912285	orgtre
parce que	2	7199901	orgtre
est-ce que	2	1912832	orgtre
remorque	1	72001	fill
avec la	2	6860054	orgtre
spectacle	1	1646723	orgtre
avec les	2	7922348	orgtre
salaire	1	789204	orgtre
ça a l'air	4	21819	fill
elle vous	2	143364	fill
sherbrooke	1	35	fill
pratique	1	4133225	orgtre
tout à coup	3	1076218	orgtre
o.k.	1	319	fill
hockey	1	52600	fill
accuse	1	188732	fill
latéral	1	105222	fill
collatéral	1	24518	fill
liberté	1	4400793	orgtre
autour	1	7871382	orgtre
retour	1	5790101	orgtre
partout	1	2777144	orgtre
surtout	1	8648452	orgtre
elle fait	2	344036	fill
elle a fait	3	150662	fill
lorsque	1	9630884	orgtre
unique	1	2982370	orgtre
article	1	6440479	orgtre
s'il vous plaît	4	330385	orgtre
plaisir	1	4518602	orgtre
calcul	1	880897	orgtre
public	1	5449904	orgtre
dans	1	253868505	orgtre
décembre	1	3004606	orgtre
difficile	1	3832743	orgtre
difficulté	1	1651661	orgtre
docteur	1	1884152	orgtre
de plus	2	9266152	orgtre
département	1	890219	orgtre
certificat	1	291861	orgtre
discute	1	188508	fill
dollars	1	1054995	orgtre
depuis	1	19202466	orgtre
déjà	1	15219730	orgtre
téléphone	1	2590691	orgtre
état de compte	3	265	fill
poursuit	1	801006	orgtre
poursuive	1	42428	fill
produit	1	3709271	orgtre
poursuite	1	574565	orgtre
poursuivre	1	1134888	orgtre
produite	1	307229	orgtre
produise	1	91993	fill
produire	1	1374572	orgtre
huis clos	2	40291	fill
question	1	11217176	orgtre
du tout	2	2138087	orgtre
banque	1	1577142	orgtre
bancaire	1	441318	orgtre
beaucoup	1	12242332	orgtre
beaucoup de	2	3273277	orgtre
beaucoup d'	2	1292835	orgtre
nombre	1	8096072	orgtre
nombreux	1	4469542	orgtre
nombreuses	1	3149749	orgtre
bénéfice	1	647193	orgtre
combien	1	2907026	orgtre
combien de	2	669262	orgtre
combien de temps	3	387388	orgtre
combien de fois	3	117355	fill
combien d'	2	11122	fill
temps	1	31902539	orgtre
mais	1	109277203	orgtre
demande	1	7559862	orgtre
redemande	1	22802	fill
recommande	1	268793	orgtre
programme	1	2285172	orgtre
bureau	1	3980397	orgtre
boulevard	1	522713	orgtre
ailleurs	1	9185973	orgtre
par ailleurs	2	1978321	orgtre
d'ailleurs	2	5504712	orgtre
quatorzième	1	46442	fill
photo	1	1579992	orgtre
photographie	1	481336	orgtre
photocopie	1	49614	fill
photographe	1	244198	orgtre
finance	1	297183	orgtre
non	1	32902407	orgtre
nous	1	94493501	orgtre
nos	1	13304622	orgtre
façon	1	9324834	orgtre
afin	1	7226004	orgtre
faim	1	1227008	orgtre
fondamental	1	523813	orgtre
février	1	2345952	orgtre
formule	1	1588273	orgtre
aucun	1	7318882	orgtre
formulaire	1	147098	fill
témoin	1	940054	orgtre
canada	1	1012798	orgtre
besoin	1	9044550	orgtre
opinion	1	1664541	orgtre
décision	1	3629810	orgtre
leçon	1	654618	orgtre
facile	1	2387627	orgtre
familial	1	750417	orgtre
raison	1	9495028	orgtre
raconte	1	1177287	orgtre
condition	1	2473332	orgtre
province	1	988475	orgtre
présence	1	5238605	orgtre
patiente	1	332969	orgtre
pendant	1	13168610	orgtre
cependant	1	7283018	orgtre
présente	1	3764343	orgtre
patient	1	1629494	orgtre
patience	1	678233	orgtre
enfin	1	10370263	orgtre
particulier	1	4375566	orgtre
immobilier	1	312282	orgtre
banquier	1	253771	orgtre
aviez	1	545501	orgtre
aviez-vous	1	17867	fill
tablier	1	204019	fill
particulière	1	1494918	orgtre
immobilière	1	161950	fill
banquière	1	5837	fill
vous étiez	2	479034	fill
étiez-vous	1	35784	fill
manufacture	1	67109	fill
manufacturier	1	20933	fill
manufacturière	1	20090	fill
million	1	482260	orgtre
million de dollars	3	56849	fill
madame	1	3628549	orgtre
maintes	1	288724	orgtre
monsieur	1	5921544	orgtre
mesdames messieurs	2	342	fill
maintenant	1	9514931	orgtre
victime	1	1634449	orgtre
mémoire	1	3310441	orgtre
montréal	1	506882	orgtre
marchandise	1	248232	orgtre
milieu	1	6014306	orgtre
même	1	67934864	orgtre
meilleur	1	2284604	orgtre
malgré	1	5711863	orgtre
amérique	1	1472399	orgtre
économie	1	2533917	orgtre
semaine	1	3052952	orgtre
mandat	1	724626	orgtre
mécanique	1	640568	orgtre
magasin	1	828411	orgtre
mardi	1	986833	orgtre
mercredi	1	580696	orgtre
fin de semaine	3	96803	fill
mexique	1	418749	orgtre
maison	1	10934214	orgtre
emploi	1	2750829	orgtre
employeur	1	760870	orgtre
employé	1	794539	orgtre
pourquoi	1	12326226	orgtre
voyage	1	3228195	orgtre
souvent	1	11751248	orgtre
avant	1	24573015	orgtre
auparavant	1	1426762	orgtre
en	1	362205933	orgtre
en fait	2	3388282	orgtre
en tout cas	3	1517198	orgtre
nécessaire	1	3996337	orgtre
ensuite	1	6287591	orgtre
nonobstant	1	76518	fill
numéro	1	1729526	orgtre
numéro de téléphone	3	235140	fill
en plus	2	4974706	orgtre
néanmoins	1	2310236	orgtre
novembre	1	2644056	orgtre
vacances	1	1292116	orgtre
fédéral	1	332308	orgtre
fédéraux	1	60974	fill
provinciaux	1	70736	fill
nature	1	7712835	orgtre
naturel	1	1755047	orgtre
ainsi	1	25395752	orgtre
dommage	1	645738	orgtre
témoignage	1	823059	orgtre
aujourd'hui	1	8745168	orgtre
juillet	1	3264881	orgtre
jamais	1	20897000	orgtre
général	1	7569237	orgtre
justice	1	3572461	orgtre
je lui	2	3785747	orgtre
palais de justice	3	63302	fill
je suis	2	14670144	orgtre
je ne suis pas	4	1825030	orgtre
égal	1	784733	orgtre
grand	1	18178193	orgtre
gouvernement	1	4338591	orgtre
légal	1	467222	orgtre
grande	1	12973995	orgtre
gouvernementaux	1	52675	fill
quelque	1	13772597	orgtre
reine	1	1855748	orgtre
grand-mère	1	841549	orgtre
grand-père	1	782142	orgtre
grands-parents	1	229000	orgtre
examen	1	1417045	orgtre
excelle	1	37362	fill
excel	1	2035	fill
exact	1	479973	orgtre
c'est exact	3	28232	fill
exemple	1	10278028	orgtre
par exemple	2	6851163	orgtre
exercice	1	2707933	orgtre
excellence	1	505110	orgtre
excellent	1	737136	orgtre
excellente	1	565228	orgtre
chômage	1	699721	orgtre
achète	1	204300	fill
chose	1	15691870	orgtre
telle chose	2	84547	fill
quelque chose	2	7715117	orgtre
chacun	1	5713862	orgtre
chacune	1	1419737	orgtre
prochain	1	822422	orgtre
prochaine	1	920167	orgtre
et caetera	2	2318	fill
continu	1	386803	orgtre
continue	1	2016060	orgtre
continuel	1	69934	fill
patrimoine	1	1121080	orgtre
assemble	1	21295	fill
assemblée	1	1912647	orgtre
ensemble	1	8864830	orgtre
semble	1	6336307	orgtre
ressemble	1	1002364	orgtre
rassemble	1	267131	orgtre
secrétaire	1	1174602	orgtre
secrétariat	1	152433	fill
inter	1	188031	fill
occupe	1	691129	orgtre
dernier	1	7044900	orgtre
dernière	1	5397802	orgtre
administre	1	32663	fill
comité	1	1677219	orgtre
compense	1	48070	fill
combattre	1	623811	orgtre
comprendre	1	5278668	orgtre
comporte	1	902791	orgtre
comptine	1	27140	fill
commerce	1	2409386	orgtre
communauté	1	2732139	orgtre
communautaire	1	554930	orgtre
système	1	6216069	orgtre
présumé	1	103864	fill
tout à l'heure	4	716795	orgtre
suggestion	1	191149	fill
organisation	1	3982531	orgtre
discussion	1	1201831	orgtre
déclaration	1	1446097	orgtre
administration	1	2559251	orgtre
position	1	3601121	orgtre
proposition	1	1312534	orgtre
facture	1	275536	orgtre
facturation	1	42428	fill
volume	1	1335313	orgtre
subvention	1	107461	fill
attention	1	5014103	orgtre
subventionne	1	8244	fill
attentionné	1	92013	fill
protection	1	2657088	orgtre
production	1	3521470	orgtre
action	1	6294667	orgtre
proportion	1	518069	orgtre
présomption	1	219245	fill
période	1	3748048	orgtre
aucune	1	7044743	orgtre
c'est ça	3	744793	fill
c'est parce que	4	195080	fill
c'est pour	3	1428690	orgtre
c'est mon	3	401319	fill
c'est un	3	4815630	orgtre
c'est moi	3	538680	orgtre
dessus	1	6792863	orgtre
dessous	1	1667610	orgtre
comme ça	2	2086950	orgtre
dans le	2	45059629	orgtre
dans la	2	42866486	orgtre
dans les	2	31086370	orgtre
dans leur	2	2636673	orgtre
de ses	2	17029314	orgtre
de ça	2	512360	fill
de son	2	26764359	orgtre
de sa	2	19489274	orgtre
il me	2	3972997	orgtre
nous sommes	2	4849974	orgtre
nous savons	2	311731	fill
qu'avec	2	900191	orgtre
que j'ai	3	4544225	orgtre
que c'est	3	3851020	orgtre
que ces	2	2153471	orgtre
que ça	2	2810012	orgtre
qui me	2	2991234	orgtre
si elle	2	4241485	orgtre
si on	2	2153970	orgtre
téléviseur	1	67127	fill
toutes les	2	9776735	orgtre
elle peut	2	464733	orgtre
chêne	1	319749	orgtre
ce n'est	3	8128685	orgtre
que je	2	25758482	orgtre
qu'en	2	4596354	orgtre
me dire	2	852666	orgtre
étudiant	1	638342	orgtre
étudiante	1	179657	fill
merci	1	2931629	orgtre
remercie	1	562134	orgtre
conférence	1	998406	orgtre
confirme	1	563256	orgtre
conforme	1	525441	orgtre
concerne	1	2282384	orgtre
consortium	1	31803	fill
condominium	1	5423	fill
conversation	1	2017439	orgtre
logement	1	800818	orgtre
médicament	1	269795	orgtre
finalement	1	2792412	orgtre
spécifiquement	1	294636	orgtre
effectivement	1	1028625	orgtre
malheureusement	1	1194485	orgtre
régulièrement	1	1445689	orgtre
règle	1	1873583	orgtre
règlement	1	1016916	orgtre
pour ça	2	715120	orgtre
avec ça	2	168813	fill
par ça	2	9050	fill
sur ça	2	9143	fill
chauffage	1	211836	fill
compagnie	1	2501249	orgtre
près	1	9296482	orgtre
après	1	30071572	orgtre
d'après	2	2822041	orgtre
par après	2	8577	fill
auprès	1	3619897	orgtre
campagne	1	2073684	orgtre
compagne	1	440875	orgtre
épargne	1	352703	orgtre
enseigne	1	576199	orgtre
renseigne	1	87580	fill
faveur	1	1796022	orgtre
satisfaire	1	756283	orgtre
bois d'œuvre	3	9647	fill
saveur	1	248864	orgtre
manœuvre	1	455531	orgtre
main d'œuvre	3	60551	fill
cherche	1	1883976	orgtre
marche	1	2668147	orgtre
architecte	1	435652	orgtre
fourche	1	63024	fill
recherche	1	5592255	orgtre
franchement	1	488699	orgtre
sécurité	1	3923484	orgtre
totalité	1	801596	orgtre
faculté	1	701403	orgtre
qualité	1	4104298	orgtre
unité	1	1924510	orgtre
polarité	1	41458	fill
octobre	1	2844978	orgtre
partenariat	1	314560	orgtre
commercial	1	729534	orgtre
moyen	1	5275071	orgtre
moyenne	1	1718011	orgtre
crayon	1	273954	orgtre
radio	1	906601	orgtre
camion	1	405641	orgtre
camionnette	1	180983	fill
bouteille	1	989772	orgtre
chandail	1	30050	fill
conseil	1	5326573	orgtre
pareil	1	970369	orgtre
conseil d'administration	3	355263	fill
interruption	1	256942	orgtre
transcription	1	147733	fill
perception	1	1020309	orgtre
exception	1	1461811	orgtre
participation	1	1305993	orgtre
corporation	1	69784	fill
importation	1	150935	fill
intelligent	1	400191	orgtre
intelligence	1	1542217	orgtre
intelligente	1	273164	orgtre
pertinent	1	190473	fill
pertinence	1	356179	orgtre
pertinente	1	183418	fill
excuse	1	382983	orgtre
extra	1	257689	orgtre
extrême	1	1352976	orgtre
extrêmement	1	1064685	orgtre
exploite	1	85588	fill
exploit	1	182120	fill
exploitation	1	1378274	orgtre
ambulance	1	188766	fill
en bas	2	989026	orgtre
rapport d'impôt	3	46	fill
chemin	1	4741300	orgtre
chemine	1	33282	fill
chine	1	1460394	orgtre
chemise	1	1094546	orgtre
champion	1	230037	fill
championnat	1	76908	fill
championne	1	42626	fill
repentigny	1	8	fill
tourigny	1	0	MISSING
sévigny	1	0	MISSING
souligny	1	0	MISSING
