old	new
0011a6bdd0564e4487ad8e4274a94312065eaea8	27938548d462587fc99aa6aa8f7dc8268f861eb7
011e2fb3c93b30f70f44c4828e508d2d56522c01	7399228dade6308822e962fb2577d8c02208a6ad
01624a92ac5dbb0db55959d3166b7f3a3b87125e	93d4617ded79cdfc15c7b49c8e0a3ee5a1d85385
021e9dd6dd7045a704f7f2c92615ceedbf2f2f6f	07a9e920acba6cb9521d8f334ffcaf019787e4f1
023cca163dfef372d29d2f7580fc7d733f7d1147	af86d5987cf60320fc3912de39fdd87c93d60d5e
0292ecfd4ae38334d84feb669f651cba5c2b5135	092f29a4cc948ca58c33464df31e5c489752dc5d
04224a182d2f7d26e3390c970d03dde7d9be156a	729cc2e7c301f40e2cbc1f6ada63f4073ddb7759
04bd78b4e09549ec06cbcdaf22265c0061c4f46b	89faf7ea9274c87b7bfd3720f9c33129c43da661
05660f90d6f11cb7aa5324f6e3a2c43f44ecdd1c	661280f07f4db6d42a790486a555526f3124d679
066897d434c0b0d76ebe399107eedec5a95ff687	5699ab1b5f145e0acd1bc9c155a8238f5a5e687e
06b9c02b6ef8570b323f9f1ac8a752a20fe8f4a5	fbfe9fa724ff204e80fd7f4ddfdaaf7c2bdc669f
076df7d185b95a8a44d460c8348cd7711b06f410	dad665f387360e7481189d7cad2e835c5518b10c
09aa25b373d1748b453453c60b423b1bc14100b8	8b8afc83e4fee3311dabd3d38bd2558ddf2aee58
0a01eb7cee0cbab282f4741f514f64077c165e84	e0e0304c2fcccb603e84ea1fc40cf038be498098
0a0769b421b5dbc9706dd805eda32e370f03c134	d48ef0177ecb8a28dcb1dfe186aad16e25a747aa
0ad9a4d8c47e44164a1a44cd057fe310b9c73af0	1a550900b4e1e07d35ffc1196a4abbbad530554a
0b5eace0657e22a7cb2a5c89601e62c7519f091c	a8779e0088d3069a0b87560e18c452cb11f4033d
0bc4cc1ebed6e1b23c35663a27764e5b8c3a7e1a	d887a1ee344ef76ceebf34b770fa418d3e96c1dd
0c1029038b23f1c31915802d4302c9197d1f95d5	57450e2100c6dac794319dead38c93de7e81e9dd
0cb8a4b2224d2f926e07071be5342f1548207765	b36f48cc4f28269def94cf50567cd560a7e51b57
0dbcf148b758959babf9b57f6c46896fa08635c1	b22e394e133ebaa34834311f9e6c7f5441c37aba
0e1de08a1a64bb34dc87824070570d163dd0d307	83be2e68c948e45cec01149278a574fe094870cb
0fa69af47b0648c15e112a59058028eb3e6cd01d	812eb207ac2871ddc5421820697fb75e90b60598
10236be0bc6d271f9d0e3a9462f05d472bf4adde	b5bd2434effe8cd9ef7ab90ac52a458c7e570e01
1032a43b8abdf9cf4a6b26643fb8dffdb80b7e87	fdcfacacd14265c9109cd7c72f39a3ff2fd3366f
107d84af995b92de5ebc5f8a57002aa0fd17e327	f66ac1da9c88787faf6a8d7f169b6acc15ef0b9f
11e4210e33a4486788bfd07d04b33f6459bed22c	57afce5203829d3e995581bd3ce02394c94b0122
133a766e03f0d729c1daa2c183ecdfadda50bbf0	03faa6423c0a47e73ec7c77f1cc12fd2a36b9b3b
133dfe73ae5fe2c3b692cb651848293f10dab5ca	846acf07de252239b7b1a176188acf21f36bdce0
13dd23bab6fbf2c5824b7a150f106f373c80d2a2	ba20234ceb176262683eee91cd691c78b61ac87c
14369c1014cf9a19d8947421818e82dd5de44087	cf2b28448527837f2d3974ae3ad45b4f1929df18
14580be65d86db6edc58978d923a03d8ff8bc8c0	f5307a7b1d9ece0710d5a7110290b032da58caf7
149f4d6b6d451446e7b62685f3549982043a198c	730d42efb66ee4800fdefba18334d8f67b9356e2
150f83040f8d555a8ca002fb06f1f9ceefed2b6c	0473819744ce3f02a7f46f66e9653ba5667f4807
151ac31b5b8700b34bcc634a3c31b35a0ed087f7	941250a0d81e90da04a7ea806a38cbb05753ca2a
15c6fca75174df339a27d4b26c207d0d45a2b8e5	76b5f2c81a965f7ffda0327a788856289514389c
1884dae38f2978799314b0932d79ce9a0e2befd7	1076a3cf881e62c296b879e7ecfde307b526cfaf
1b7696023bb790c56a5178b3b28b0f6873f6341f	f374392d703d6b25877cddc664b98c15990b4ec3
1bd4970a25a4a87d83c18d0d43f01532da3f9ab2	e8cea554aea885e5442a37b90abc77e68ba78d9a
1d385366b576683608dac58af0793641bec6c4ec	d20a22561d7b3d149e5e15836dcd4a51fd93fc14
1d68593ad6c5f204444dde0ce561cd1882ed5d10	e3b670e30ae39c2ee426d7a1750900de61d1b8c4
1dc5ae2f8661b4801ce85270278e204fa0551797	6984e50f19d10fc9ac1d0096cbd260d729bdef0f
1f4d2f16dbcc634951ce5251afdaf07b6942f727	76321f2c4b5da84abe225f373c662ef3d5089afa
1ff72e4433ae73c580a288b3cc9d473efe309ff5	764bfaf7007d534e7a8d660b6e15067cf3ec19ff
20b047f4d4754065f6717fc8acfc66d1841d5672	31436326aa5aa6f7b3f354167096163369d64fe9
20f6fbefbf10979a9d681a41e2eb1bf3c07db685	bf60b07287fdb345e710a3774cd45665d8f74e3f
2111ee54d1aebd880a535ca566de438e327743f1	74db5b131eac6fcb586614026582587b1412cae9
2127790aeff1fb63460063e5caabc36851a30d48	91b1a84bc9d390dabc5f01f764fb42a84cfddd9a
231b85270da15b8af72834c5946311ec84f45be6	68a1ecc06faa3b4b298994fc2e35f40c423b145e
23d94ec6d089f3f1ff55a97268fb7ff1eca2d0fa	a306e769775b4375a10b746d753ef9c1256a8c54
2553a621c1e59d08d81775117814ae8a68a9c7af	b6c946aa3a64975ce35f0fd82a162ecd3b56a867
259f1c6d585a3205edf2b0c6dc84050d7e69e5f6	1f0984402a3d0e05a68377afedc2835b99e89bc0
25fbac10127940f9d9d42cac4ec7254450d24950	f4aebdd7e11950167dfe05a2bfdb895a0b7583cf
26be94d449b8c8c5579f5cb7694557969e37ef18	629170bc101652a4ed19316ccdc12ab7f639517b
275ee4898a81e5c86e30aa5f2373f8d46f7e1fb2	3e498a309a0a17e247949b2c388e9c8ec47035dd
283580e5e7347533c502c908ca7115bf325cc31b	42b029c6bd44b2bcf77fe1997a5b655ceb556709
285910dfe1ca6ce70941488bd47edf62cd8aac26	b13ab77703c5c7dc9103232d83fa8bacdb265cc9
29da8d2e70de8314254fe62793d31801020e0c2e	14166f6046a5d5574f5ac9de46ec17ecf760dfd7
29eab08f4166711c64ccfe4b3f8e1c3a9c574520	e16aeebc48a1d719a9a3b7fd66121b68ddbf6fb1
2a3e810c78a7813be707b68d9201af9fc9990488	04d358a93af6f05bcbd1b67e5aa551f37953622d
2ae7591a5b7bba0a935c1d4c1947c1c28c71d020	7099efb954a4a9958d926d47405fa1b94dc571d3
2b02479e1fbb652ff6a81bec76e06d47928e6627	0d64c2ddb4d275e1a8819373f476c3b1de39bd03
2b78c5e15e4e9edbd1c6c07072af8c6d138408c2	9db5a68d233777b056c8f6064090704012ffa71c
2c7ec5ee14a30dfafd991acc6a7a1c27ec5701c6	8eda34eadf5f5300f2507da0ba69f3f7014a1735
2d314c087abfe5c12ed5ab6cdbb96ae0cc51ae26	de2c87ef15fcc28a50e8afec4eff359e875f74ec
2ea46b922304c8fd999b668d1ccede506493e45e	c87ec3a8cba8ce36520985e881b89298f8aa4510
2eab6593dbd800e32ee89b4ba08ec74b67156a8e	1cbbc581399a896a368c2ac1071e5cdcf6735688
2f2033ce557bced3453c50771e83bde1acc46ca9	6f5060c47db7f91ac39ea3b3c4a9e131108945b5
2f31b49882c6d6aba423384eec4a8d4db54462ac	823b38accf33ed47408bf74ec807a153122b7167
2faff42ce6e754a48395fe0f340c040b88380987	b5dfc67886a3db11f4755e189b9e907a225a1fc3
30dd1ef7dcd502aa6c1439afee26809ae641854f	ada1a20c5664d889ac33cca8f29ec90e9d1aede3
31817c34d15669709023cdeb715284bc0348523c	4422ca9e9274298176e85736cf9a0d5347dcf20a
31b3a3c81325d7db6dabc8132ec9d0fea09cbcfd	6f80f10ac45c07b2f12ce4ac74915666727e0794
3317ee2336c9906de37188dfaa7f5e3187d4596a	1230cb2b28a4e9c92c9ec5207edfb764c8697b49
350f9d121a7b53994493e689859eae1035d82a56	6813a4590ea7bb2c082e53b10b98ec194571b020
35b98850191aaa0d29c9e5380ab0990a91f06b17	ca5fc4a35b8f6244402da8d8fe60da47ce6acc4c
366ea49cb6f0d3e09b156c6f66668cb045fe7b59	fc535eb656a144fc6d3671f2fe17da15ebb3fa81
37fdc4e642dd601df2cc76919c60b51caefd4f5e	e060dd22a5079e885830f3244509ed6a0bbe463d
380101781398d505be0b4b894aa55c9bc4c1e789	16f2bc97928491eee4180aab25067d1067ea05e7
393c03e5a3132554ffe85659278f6d4a0cfe2f52	851d296409f1ef237aff9692141f1338e42071fa
39c3ff9ca6658881278d821eebd01fb75b79a828	6aef21f454d29f51ccbcf72e1258bf9fd017ba0e
3ab1263204bc05bd4fbefa4e265819931d3297c6	0645c13a82bf6c4a72c10c35ee4cf87e2d2c8bd4
3b22e0ffe29f307789e47bce8f9aa80de85b3d48	e738282fb849937fec9e9d3e78bd087fe291398b
3c644afb1b1dbc1716dd15dfd19a41989ff480e7	b9ede786989c5aaf94146c1b9f9d26c76d28b357
3ca9e3fac702403f99b12aa1e76a0e447fefca27	dbe1be49aee5c8b13be640b823de2aff2d17ff8a
3caf791d3537a4b2021bd80806f3a74d645cd3b7	f508abeeaea1ab0e92b1e107711c472f65c35673
3de3273b00fc67212f32a1a99c42a91c2fcf18a1	525414f78adf8c1c3307eb5c4c6ae62e31fbc2d9
3e4f655598ad1ae497ff0c4ff3caa4de8e0282d8	550d451c305629cc65e4bcd5534c3ba278713fda
3e8bcdaaac3b6827db558f974090df9514485542	91159058000f56fadbbfb1d354b5c56e35cf92a6
408fbc045b92b865cf81d19d0b2de76c3d2aecfe	e23c851fd145e8e4d06ed4a815001d64e73ee253
43bc6f5293ea68d76d765c5509e526e4dfe6c7b4	7d12fba044e963816e7c178d6baa7f14e4b3b8bc
447fa9c7b25f25a27c36187ce5a41d0b9ffafb24	2d939784eab487258291697bd4ebc0d24fa901bc
44c8edbf1876e04be028032acf8fa5a64322db44	0a051adeee7ca6fd1682aa1472b119c3d27f83de
4516d77cb1145625bac1c28ee618d6c3baba1bf9	9abb5136900321dac141b43e00ff5d62604850a2
45269e1af43f7663f34d23b740d86cd2509d2540	a9ef049ee90eafc94035900bb46159d797725b84
45d949d0d32f8dfafe55436f8ffb7264ffad16ce	e0a1ad300b52f10f10d49d93ed3a7908863f1795
46b4878ca3a106a7752f8458e5f412f271514327	2ce23f7d0602748cb5dc846e511e6b40d26aab78
48ad68ac16434364dee555318e45cc67cad1399f	3b0abe40ba3e3ebf9259279503a8d645bbadd767
492b3e34d89e5d958ac74b655dc7355737535908	53c724ecad5bf95961b72e87cb0147f0615f5bed
49d223cd853917aa6a5fc425992a97dde6e26713	a3c8d4ecd4c9d0f3cff42d228f16221235462335
4b53c1434ffa306d7fc079a7cf677750e8130c07	2fb3488de2b26d93fc25cb35f986c01379dee991
4e0faf28d146b12a7ed0dfa5684d529086ac9553	51d18a7eca24cdfae5b776ee57ffbc537e8ed3b6
4e4a8867c5af9b9a7415100cb2fc727516bd790f	c790cb5968df55b9b943465696a3072cfd6e1057
4e6135e43ec06a851d3f58df52f7a9ed82e15672	8203feaa29ad8034e387902754ba0a3893248fca
4e735332f7430aad26932b854a2617833ef45473	fbda37ee4f3bae24ceb2661f3641a46c745e0df0
4f4abe245033c6afd09bf200ce91e41072b42cab	5f60aa7b9c677ecc3c4eae3bda483f69448891e0
4f9486a61eb44af1a02a0076ea5d4159c21447fd	e9a79d43790b18c728e1aa0f9d6d6736b180ea74
506b78152126e18542575fc782550460a8b0d5b5	98a3e256fb032a138f2258b0eca884499d2bd596
5087bd554edacc1cee7e948afc81098608c215f9	2a6bad283024ccb1922dddb931c028461f2a18d4
50d2fd4494845a683bd5a24e3625320c28d6e4e7	692752dc9d6a01f87f1a334fa61c879daf0ac0e8
515b2bc7817e1fe09bd552f6129fcff51a6a5930	1b785ed366277b2996164494a5e25635d6df0883
520749a3df9ed01c91b3e876712988bf018a1da2	248468875bc334402a781b3baec3743823802e23
522a262dffc0c8d561d7481425fdf4eff1c8f90a	8e4ec98bd5b6d2faf5f65ebfd5f25b538a7f33e6
5230068536266612710396495986a1056f05592a	b5aca46d9cb5c8b28954f90e41f17b9e5b9f8615
53db8bae3e6be4b2fa4c937fee96d0a677c6fa48	2f83f3871b2a96973ff41791d52c979bed73e8d5
540521b7a5931e4851fb9a022568a458cf4465f3	2a4dce3eb0ed7fc6ae96590a0d9c69c01bdeb097
55ebbaaf212a112ab8832d563ea76ea041b7ebe7	c7671f8d1dee2789be4f82e7a72a12c0462612a6
5668a63da42299ecf42be6af92d0fcc142d905d6	aac58765284033823eb823dc674d7f2063140120
58a4cc646f09e649240cb475c3ebce5f252ea62a	0a1572e7a89eb9a976f20487d0f5cd76ff72f94e
58f44ee3d6321685954fa45a94834dbb91691a1d	408fda2dcbbda2a838b219052eb8583debfed25e
590886ac1e603f6519a9b68edf623d3a86d8917a	3a5fb1fc5d75a0e2848b455158e9d7a5b1bab46e
5a71da76b01e8c1f856cb062202178091c718124	cfa19c824ad025df382b98d6a8f7c46062353c7f
5ae0118deddcf496057d3297a1a6fd9650a723db	4ed85f0783ac858d4a1e8928f50f9e657b4bc352
5b1b0b1d2769080b4593b53e13492ad36698dd1d	492aa700b72ad65bafc2987f9e3c1ccbd8b4d46f
5c6a3b6c6be4841d62ab48dd4b276ba0358ff638	0e73f604afb9b3b766985e942b37ae90454a4f4d
5cca6adf576f98a3d2185d554f481def092351cc	8c3ff39421a3caa3e6355e6fcb50a2ecdfda72a9
5f260a812301d6285b12a0d79286865e0596ed40	e3be8bfbbaa7a579d34845b840942d786c1a41ad
5f26b693986860cf6d3d1e54a5e1444a26d8c0d2	1c27b7401671fbc3cde86ffdf2488a72832fbf8e
5f930fda3cbf4e4c3bf8b36ea209ade5bb035755	a304964fed4d1f7ccbb0bc11cb78a24e5bbbf437
5f9eb5738fc135cdf2781f15c7b09c559f14dc02	363b7993217ab84d45cf222e215d34dc4fa2db47
60485f921697a037c6cad0a83bfed4d11b2284e7	041be60054598bf555e741025c372d2a79119e1b
61e898f8ee60a8b6de9a57460d8f901547735054	46c53e6aebeeb6c6026504cdf0ab9a843c9a9aa8
62435c65f698e7d84b3eef6ce8b722c7fe53fa38	9e8e5d75652c54a90b535f1e23ee091beb1f0f96
6357a99440285b57bc6d724b5435bbe347d1ecf7	c0f105737e1d5dfa3499debd72958595c68dfa35
64123dd2596154d7e5c731ac7a08303fce750aeb	162378a28d7c6f2f62947d792febff84825fa65a
642377371a4c841a9f4ce0e74bfcdc6ded14ea05	21a71ac1d250af81ef328b70619ce8bcbd44e1e5
644a6ad7dd9e4a3d57e751054e985afeebf65ea8	0b70fd482286bb32f29cf47f723315aa4feab805
647595a372e7b9cc68cedcafaf7bd01aa7301015	1715f223c002a5f42d9a8196a339a813825fc918
65bf2d521b3a8fa6028e14b996c43e8177f2a0d8	335a8581458d8741c5b04adca88b622f5d8ba9f0
6609e634082524f29d82969107c25551eb8c6366	e479ea9c5e7d189e4ef27d46db8c4a3308367a5b
663da795cff99572ce9015f2cc395d883e01a1a1	728eb7ec9726a19dd734a3518e4ff21d4b7946b4
6856d69951d0236d9ab6468084be529cfce16c36	ebb15e7d5dd3878e51d9d67ca95a2cd861717ccc
688c74d5a6efbcf0830add24adad5cd23a4722cf	9114fbb9eab397c7b5686736f9831659274498f3
69611b1da3c063307722f65e9020ac6c698cd4a6	96f63a980c721451331349bc6a8a140187ffcb58
6a0d92f551cc61db8a6f7d3777d6af06ceee1cb7	63817bf4eb22151c97aac3cb3734765039feda58
6a2a2e3f1a102694e908d0f147e4e98aa9e1c4b5	accffbf93526b46e4ddb8fd2a13d99abe777006d
6aedc9e599ce29a8503f2d4f6a23e2a3ac53340c	74ecd8274981c5c4458874f65fe4946a14ffb578
6c49ed5fba0384ac98406ac0868d6a6aae6a95e8	dac7f41350004ab8d7697b7b83986f890dc9a1d9
6d45a977ac10df2bbd68add39c10073bf31b91ea	3e3cb78c6c2ea086dc38c3b17bc606d488458b7f
6f3be102da7fff8f61d64328d8fa1b434a12c1b8	93f81f58ecd7acb442b62978d651fe2301fdf2cb
70bd2e245f96dfba7780ec5d5487f1bf5d91af8a	6a114eb9e3c8dc20fcee8ae998e0aa73fa2e5af5
71749d33fc15e662ac6cdf8068ee7c9673ef6fce	abeca75b44d265b86171e2e750255ad45e32d5b1
7182f1c918d601b1bb82be0b44ee3a016c71aa47	b7a2ce4bb53601183ba191768e90e1f1003c8c6f
7472bb310367e26bc4107f146e86ecfe2c97a3fd	0222234b0cb721caf53511ae230e0db8b788eb72
7528912b3728738d6be0663fc36a813d64656845	95a85aa34c276419127aef16419f75c95e233dc1
755b4f25184eb61c6680bd77b663edc512c05566	64d3558e3d13c141b7bf61d98394a63dc20cd7f7
759769b737c791a0bdc8b711a4420464cb3d2e4a	55a6a9ebd0aa322ec5c6a0ca003a93ba319c4d81
77ace7c3290150e148bede28d4ceeba6af03ee5c	928c54bce7d89916d0513b602353344ec072a5e2
785f4adc2b506cdb6afd56ab0c27af451ccac50c	2e3e4fe1c24c1edf538372acf41037e7242f3b82
78a164c827b2367c1a830b2ff4232ef45e00e526	efee0848dde821b1204438630d942e6260d42add
79564b91e16fecf643b29c1c9f792a57e990f0d8	0cbf0027b2e2b09e61353ff4995adad0e5abc06f
79f9baac16754cfeba97e1842d46d3eb320d7db3	134affd636385d7334d11ed1f15522761e844f8e
7a4ba5fcba7d4eecd833f735e1b37c6c793eef9c	02880ff6c15db8eef24417ebab82de485508f26d
7b9d34615ea045300dcc69a0cba6e2bf55abb8d2	6a05a708ee674eabe353eaba1060bbf994eae8b8
7c0ee5f6493b27599aa566a48740e441a6805228	5068501a2b4f14b8f49e88c7bd52805850e3a679
7c161317fcad64039491705d3d897a407115a80e	8a947fed27c0c9eebba6beec9f789f4ae241416c
7d0d488de158c8e5d5e48d334cba442b20dec987	cf3b817bcbad64610c50b81498d127dc9ce62006
7d9b3934fb8af9ac4e1f4cc6319ae5bec2633716	086095dd8e79f56ddbf7f048a35a341b1c1c4d97
7da7bf3e6748ffd2a6583ffd913c0c146deb1aac	9ac6f784d14192c448d25d01cb1831bf31563a67
7e44fc55c7239e510ea9236678dd250af2ffc35f	2a6c218bf001b8499866db26da95ccec59b60707
7eda1f65a43e471dfcea2c3c3979819ee4b41d62	600f9d011dae8f2e271a747490b22d08491961c9
7f2e6fa34d47ad57226f2ace49426ca60456db8f	dc243c625d7728d1a0f0168c7107c931224fc4ae
7f4de93ffad3f2c207794fd30cc82ae204824187	2a6f2b16f61e24da3a1193cba7666ad6772324aa
7fce9c92d7982bff49f9a744f74621314ce13f62	6fc2c0248925de4fde2459c273fde31571992ff1
810af4f14398b65b8cd49bdfe708b7faf11ab76e	2583a23abca66578a1de46e31ad12f91a7adc6f0
81966cd5b57cc25c87fabbc795fa29f4dcbec446	510e74a264120cfe7704896ace7d32ddec42a306
824fd87b761483ff4bb8a497357ed3ee3e2c7ef7	51f36f1c7576b52257738719713dcf2ccf0eec4b
82609f7f134e6f407c75e43b41d3b76341d1b0dd	ff6b465d55468c693a5284763c228fbe323db09c
8330b8e00b24d1fea80d086821497723b9179c46	b3b7fd55df7e32263d977b8e11fb0f6c3d234b5c
839d25b6a3198fc61980fecdc659a71ef8baf5f2	b0cd94740dbb934043b3ca46b765b81e984dcfb3
83a0d2fe1f6d50f8c71b96f2693db160b6f7cac0	fdedb59f78c47977b2675fb9b4ef310495ea72e9
83d9a3233c5c0d7b4ae48464cf92ef3346e23c45	2948571cd5a2de0902604be357874dbb86b1a0e6
8403afdf6369015a257af51267187ce1abdc5563	c6a6bb6fc27987d5109d4cf638439ce289f05de7
84a9637cbd14ef6e43f4dd4329e532fe197081eb	902cbc00c8a81b5853af3b7d1c5ca99a5ff3ce0d
855627e93fc6f6d1493dae7a1a4705a440bb974a	9ea9d51b133a8a1aee8fe4258a39fd37360e0c7e
862f544741e20e646058a8badfa57f0596501d5f	632e5d4e64be0c23061b997e3d92293af883ea6a
8630552c7ce706571510cbfab0eb26f9a8249771	30662bc33f5dee8872d588f7e3a3334edbc277dd
867134754d5a0bc7734ba1f3150ca5bdf67fd48d	53e25b515860f0b3b5fb5db287f4a176bb0ba2d6
868940eb52e7f41305ff48443e298c4663a6eab1	f1f90fcf8fb0bd5469c3d4b8179fb94d434bf8d6
869a0c94461eb6e1226c52c1acae0dba0cafb8c2	ee235fce3219d0eb9501f9b0b6e8c8b07b619ea1
86a9a4cc0ce361c8214d98ae692802d9c1a23165	a14f3f68aa11214cf255f6a83d7cd616746840cd
879c8cd252d06390f84e1d99f168e2f8ac674df2	6d3db822c11a632353694ae3a271ae534a79463a
87eb34bbf97de5e2cb2aed25e7d0bda8720bd696	57e86f21bf90b796db184f2d11a589617c311075
88ecc2b08779b3dbc0c884746947583221452d65	d7df8d9a0b09f57b25ef9c941de0e138def60e5c
89323dd0ab085c5b661d21d6b1b0b8c26ab0fbad	272a634b27fd82a1831cfd8140b33b90c7fc4cd5
89aab66fd3c7e1213f64237dfe754c61aa130fd0	769db5618f266035cfff906951a3e15f6016a457
8a3aed018659994739ec717aab1ca77d4930dc22	abc69c697418b599bb43a463c3f5f65858fb964c
8b7fdf4faea569328fc55cad8f04ee2b17d828d2	e59ea7492caf6dc5950d40484ec8f0983ec899f0
8c7087ac110cd542599fc0bcd0c1d4151e780531	9975c2c279aad05ddf810363a3e1f681773a7fba
8e811b2da78527959929e467b4431c08d1eb1d13	c9d3b681f4a6364731896eba941788dc1cb417be
8f5e8b08496809220fd6fe31e98622111ee5727a	5794b145ddb5b251f91ad83f697e28ed381d7bc5
8fb96ee2d5650e54fdb57ae7cb3ce339ee7e99f0	3307efb42929d94a041829295f364afbbaae3d1c
8fe02f626983b847272ebc453eb7dd33c97f199f	0f3f1fde2cba3f651e36c9f8eca3c6225428bb00
904b997a0360c328f018f597369cb877c98c9d13	af60270dec128c77ec4d9a82168581a94eb7adfe
92b04ac1a91df8461526cd01fe03865058df69f7	ea002da071ffcfbf0777f7fe4ad24bc9d6e19bd3
9310760838d24ed1efc998970278c71c9560b5ca	bfd0c2b0f7e1a1baa4b6865005abd49a320a792a
93451dfcb1e215fc4d52a6ca6afa5bd8133eb58f	975bed2375b4524232f42787e290f9b0b9a2ed10
93a36ebc0723d407239ad9d7da50820b7fd124fa	e31e6a7c89e3122e6dd78b78a698afb721b173ae
94000fe508cc210852dbd82df55f5b8c7da5ae3d	58d0480e59bb590c72a2e7293ab845bd295fe733
949fd55d3e01e96043ca0aeb3bdbdebd8e9baca2	81314fbf18215e0677b9a430c091c984969efca0
9560a08725cc5da749c9c200c78cd79034ead9f4	cec11b4f4afa6e9525545a87f39c2ada5bd1b839
95a95552bf801168aa992ff17375cc01171ac2a3	6006f4c18f7ca0e4024e7eaddb8392263805bc54
9680f823b8b179ee4e2468d479e50e6146bb2a96	96908e5dafda51285f4bf2e5ab27855cc16f30e1
982d9801581af73532ee862d238fc3688b45d83e	c0e0108a65d8c76dffc969671d02ee44856550a4
983b8636ae49ce6cb01310f578211432723a60dc	5eee977a0726d6b85a89fa37e899785527eca854
98e752632bfe5b8baef64d5fbd000630ae0f1a1f	507981c5717a8fa9937bdaab25c664fc8f1b6fc6
9a7533ec20c74f0dd2b7c250b6085b5b2bcad771	e0fa7de6ca3d2d0513644593225ef7214a1db2d6
9bc22193c5b7636d9ee8ba0bae998cb674f44595	fb5b79ddbfafc3d535a6c4899da3693082d7a943
9c06b00cd1893537506485b0c66ab0bb74ae4fc8	73a2fbb15e8aaa71cf4f602f9fac0cf2ddcfb9f3
9c7a4e9d6765501412fd8d4c0815145c9ae8410d	018e768105700cfceb36373fb6b0d57bb0e79cdd
9e084750962360124c074cb6b6e63bebda88fd94	4f1a837e96a882042749a747413aa515cf5ebc96
9e2ac388aaed6c48a8087ba635943c0c4559b4bb	b340fe1f19d5c5a44bca936c6ef917d56cdbc139
9e91e87ff0f96f645cf75e99352eb9af5ccd2f73	5d6438ffc50936d340e2077fe8056eaf062afb8e
9ee40f47dafe766b62e72dee80c6bac898a2413b	f7eae17918a223a8f12c0508d96350ccb5f969b6
9f587f34d13b769d64d79a7f8170a32d27ada5e4	60f6406e2277632b38dd55bfda05915f96c9cd52
a0ea7aaa695e1d1b955d47ebe01c0bcffae2c496	d3ecaf76f9a76389d3272ccf59ceffadd27ce6c9
a11c6429799498f9f1f6b7946cac28d2c539616b	5cf4409876d995eb061226968f00d317d8bc542a
a13bab141d87eceec89dd750173031a5fe2de75b	897b067935ebc6c18c5e97024db115ae54613ab5
a1d0fb5ddc39ff0e793132903b318f8905254ef4	6bb7545b9060fe7a84577150eeb5667705a6499f
a289dcb59fe34b69bbc930a72df9cf6fafe2a0e9	9a437913db38211cbb397c0ef867ddd1fb3326cd
a2b48a4f8b7be1e88cf811d04e1242513c82b996	0d94090ea6bd6856356ae6f2b231d5abd277d4ad
a450d078955c22b329e8cd46eb0f539fa19866f3	08c1ab06c50891532e3b28b997e484d50844b0e5
a4722049089cc9164e7ade90ce4cced2b1f514bf	84e7ef9814a52b2cc7ffcb4f71f3e0cba46187fd
a479a75aa77028aabf062a1c3098a6ce1830db5e	e362157be6251542873796fa34de862dcacb8fe6
a6e4bd855cd460f667692eeff293136a2db742ca	39f92d78a49336eb59ab06eba2f7ff1874ef2cc9
a818e5738b78fc0ac26af201541a6fc4f1449d93	ce2ff337f0d6a809517af3b10752fe8e5505cfa3
a861be7592238f06f254cbcad307cb265d801a15	a4afa9600e46130d1d3c45c15fbc5494107e5526
a8ecd107ba74f1ad321692692c16511397163f8f	02205a8ce9951b54066b768d7316d958299c928d
a9b85cfaa86b146405723fef5fcb7420b520e044	27668cf0be58826ede3481b957ea690a89cd5aa8
aa2c8fa4be5e9ff2b4706d2d51cc62fc8557bda2	59d65e9f1a17a8d10554c2829ff00e81601097bb
aab8d325568aecccc63626d5aabea963d253b09e	9766be58ab5cebae3ce81fbb9142155ba8ea42ef
aad20f9b16f8180247ec16e3f3886d8bfaeb3573	16c3f3032490a73a8a9f843e2b9ff3b2ffaa950d
ab7e3bcc47db724c6e1e40d52bc9d92bf5ffcaee	dc8e294ef2c023260909e563c2acb88d2f2e0d6b
abf15c7fe3b90555f2922d523f02cfa3e67a18ae	dbd3b565936fd7e01a2179e448d47dad41044297
ac82768e3b57973d9523e1211d2e4b7fae98163a	775a7465cfa21cfcae82941ef387958d427ce225
add1811f97af90ad09f024c1b0499a1388bd181e	95094157dae34285392516212a78c3aec1c6370a
ae6ad5d92e816b0eed1ce1e761e570d4ee455c11	923c657906d6846bbf2002805f7737b5bde74ed9
aec52e5debbb35c920f1e49596ff16415b3e7c4e	bb509f061f17d5cd868d860df55c48163278f117
af3db41ccc4902f17a67726cda60835eac7c53c8	e9eb9661ce7ee5299f5e321dad9468a440bd375d
af67767d543122960f9d36487fba2cd6122da017	f12a6eb0b8667b2f7dfa0c61426d9be5583ac2fa
afa8facd78cc78354f28f5bd8f22fe116d76130a	9f871e725daaa8c5a33e889d601bb9a88a0dad14
b088fd589198e1d5e97859a518ae333228ebb3ed	f3c182394d39fe666f1b52c944284967fdf6e8c2
b1483185d1e84d9270ef9303d76edfb1c667fda0	562f0e27036a468c677dc195fa7daa7cafefc872
b1e02ed8b4e83154381d67f61aa717216f7037e7	8b365da9c078e167a74eaa6c30904fbdf29f651e
b1f934342a7cd0170720c97732eeb211b7f7c76a	601d70ef4f84a4110d3eecabcf6ed494efaba77c
b394f3d9446dd5dd26471e0f3fcfeb00e4a03138	2f310255886735427e3119caa4fd2903e6ef6c4f
b4fca6c5e6b55fad8e1c468bacff516b08069a24	616810633bb2f9150d14fa4e66680fa8e03d0f34
b65d82bedec5227f406668b10258d16f70840435	84c48b5fe98137c2d98b0e0395c88a3d127504e2
b941e8b2534ec5fa791f96c2b8eba682d173fef9	0304de32ee4a518aa5c82181643f2211d95f84d5
b9537de9f7c6794eba7eb9a12af586ca73bc66cf	4ed9fa513610c0e68a74c3ae425f99a475bf6b71
b96eaa61ca85f3e01ba1a39ad7444560f6a440bb	ea1ceabfeb3a7ba227a35e396b8e8f1df5eee270
b97edd5f65864d05871e39e944927acdbc4a4263	28557a31f208e5895cad814fc9637bd757e6516d
ba87366e154c8c024cd6116fc68ca1434ef48f2a	152af0a02fc6ff232571df11e76a406145739def
bab9277dda25c5d999b9f1229b8ec9b6cf549802	16fb71382db783f88ae6e28bd520b8b0c8ab7c3e
bc934e913c846f0e2a634237d471f24356968ddf	a98292ead1fd57135a08595b75bd0f57ab9d3c09
bd9c1a09b6256e70310455793f9a35e5120df54e	f914bb3c238b2287af1e135ef469df89d8c524fc
bde9a3405354231e8d8eeeb02f0c4c4a43bff805	813ed6eb3f4bf6b35ff83e338dc5eceab6e6b39e
be45968189119f783bbd217726126ce504705733	0d2d6b5c449ab0e0e3e09b9a89740abcd29ce88c
be778e96d0c118f8e401bf3b7eb73b3607483ba6	58dc5f9d5df024b0716b7935f364d97bfdc2d41b
bf2562b4717d6ba30bd29fc85a3dbd1957b1d99e	cb6f6a7c365733eb3e2dbdc628fd5db4a759f0c1
bf9b05cd9d4367f6e33050b7bbcc65ec16b6212d	16c817c374d71b324793d91664d570f94ec95165
c097e5a30ee335da9c76debc8cdc3ba586a38f8d	d1c97d6a8e00d45b177d6d180a4b452b725594a5
c0ef9c08dc6a81db936d0af8e1d60e9b739ab240	7b4766f12e0cc52d7be3e7627d2dc352e4419a71
c258c8a9cb86203831eae7820302bd613fa00e47	645d51d15179a4e2bdcc364e9b09648a91287213
c31f1c41c0280d01407e4c49f4e12d9e94ebe453	6d1a7752a17eb06bc00d220f69a2a052c4671049
c356eb5cb715dd0fadc6d0c94802ebde605afce1	8a3a04e056814b572794c1652198446bdbe73b8e
c468ad2bb1b68eb49eacf873b1e2d0d4eac1c975	05ee655db5b038b26c76fef2978501b944f58b41
c47db08fe9beb96105f5973f146a1ea99fbc975e	8b2ccaf4b1b3892776bab1e1b7998d632431c3eb
c5c78acc1c7b7a0caa3c2cd53da854074b0b8536	242b3d85a4fee7c6e355137821f00cef7c4d94b5
c6144de12a7fe9954de2d9727933dc64d5d6c2f1	e68976e998378704f05991ede076ecac22f3ff59
c65310bdda937eef73531ae51d4580a8bdf89467	ec73260e1e11e070f32d7a3e12496ace236faf86
c6a115544da1e7233346b99c87311741031238e6	10d2e95faa9ccb606ee6043346c72be1d91186e8
c9ab6c6f050b2dc24652a2aefab864b104bf705b	302b1f84de563dde35cf9a69b1bba2c90735a50c
c9fa7c478a27585972569a9a43e2b84c224c9ad3	5e4d95ed00aadee92ea0a6266e29e7544a952a7e
ca153cfbcb43843e7e46ad8e92fe61d28231d97d	5d8a843fd8373f89051ea5b48acb8c3550034ede
ca713ae7a7b322ad0e054ca940ff85f6d78af7e0	25c55981054c661eb691b6ac82b2a2095499a002
cae85e7ae96d96aa8e029d3a7e12c1e11ad40f11	d5f3bf3015a07c4634730dd798287438187de345
cb001314ca83e7d0f12b1989b1ada6c52f84f5a5	66437a1efd6cab21bfb50d4ef216cdac29ecbd63
cc86d9819b80a30e6db192d13984949bde4528e1	9400c18e31fff1a4c9f0f2f95ba58152c8198408
ccd4d4bc4aa8b8ae9f0e8e578678e5479b6d943f	1c1809f29d429917efc6b20a165111a0db976413
cd3dcf590f42c97d7343a631cb1f945caf74f256	2ca1a0d18145e6fd3f73cfd030a48a4c9438efc3
ce7a5171126ee6ffd7f415f26b7fbab7a5bc9898	eb92c21d879a05dcd27ea22e4565cfda3f865e6e
cea684f446787da8e0114aa1c1378364d379d405	d5718914628e3354b8f5b516c4ce3fe1dc03d5b5
cef60bd0dc435b378b402f2be1d68550f473a6c9	565868d21805396d278f85b7e1582cf7d49b11b3
cf08966fb22b1a50697942f326bfb10969461429	c76dac0864e3de859a82596f4aaa9b6640709fa4
cf232086064b8fabb11ce0ebc4fa84b1e4787b16	b10ed3e58b2407d42ff9c3a28468639a44d1c3d4
cf3f24341731c8fbc0426661300616c421f8cec1	8e8049250d511087707efe6dae00145b1fe612ea
cf41d62ab93a24743659874d975d8b74b98e6cac	e8e32e5547644fca2f771669d3214355fc42f88a
cfd6ce5ef94d65b1ab4364b72a6137ff8e8c6ca2	3a88cac39c8945321ec0e4a71d8226a8b64f1891
d03892bcf0a19e230e42d7260dcbdd885a47911b	77626fa107e6b162fd1ec6160a10ce95fdff85e2
d05dc7122d84e6cdde69c15189d800797475ff8d	945c10cd97a690c0a46a12e87ff5e6e305b4f1de
d0c7ffbabcaf53bdc956dfdc2e3bfbb4fd117a0a	f2525936ff0a6bd1d913f4c903bbb82fc5d7b02e
d0cb3d3ba66bb8aa00b1897203317a6564543955	d9bd9fb7ab1f952ede26f50b2f5b9ce588828dcc
d25631732eecdc1ebd92db1e1d9965c54f2eeac2	714ad240681d0d73c3fbdaba86f9aaebd346438b
d2d4fa072be5fdbe7ce13db3274dc71cf088f7b5	3a84cc50d39a08a498de29031f1da04f4b8836c5
d38896de440861e49ff259e4b99cbfb30476edf5	939af9f4e5cd6cba6961d865324a19687f208e13
d3f17bcb8dc92154a3b1d8963984887d91b31ca5	be5a2011b226b9134fe3a8dd39fe43800d658c4a
d66f1ae867d45672880ca06fbcd20c5239dcad02	85d036b9f62a616e4f3eee1965b77a8675cfcdda
d7f25131afb8f9b64d0673fd132265d22a01ab21	941f07934120345a3b20380f3c54eebada36d162
d8483ba4be67fef4a7730a3a233479692ac005af	4b99be42b7bb00c2996d13fbc1e5971d452c457a
d8671b0a544b94019289bafaaa6633d1016bc3f2	295b732b3727a9e0c8221b0e1da04331e187b415
da4f5767cdf5af9ef907728da639e1dbce4cb1ed	4bacc6834ccb1e3b54eb7da4258f495bcb2245ed
da66cfb0e2cae2a813a7b838bfdb345e85ec1e21	5272887e5eaa3f79c3e24da06c3acb96936c941e
da7fcee1fb43c2ebd5be071b55564cbb328b0012	f505adb74d1511456367f516efd4f386f834e6af
daffce13a9b5d6fad54c60393f7c53f6928b8db6	500c98de41de445250dc2371e6424615a26f644b
dbc700a233fda642ce378ab9a9e8826c7451e6fa	61468cb1deb5ff07830f3cbc08651aa98337d930
dc18ebfa428c53766c80787047017b1e25fe651a	4d1a1ff6cb557461157824c2db1a82e122b049a7
dc5bc931fceec4370787ca584e34141b25293088	bd6c659dc08c1e19624234f81015e1d564a75b30
dce8dfb4d4649aaa14e589c5f754e180b388c387	766c0bfe209ac50592c929872313fad9334ab4c4
de27537260880b9b281130d676616990373f5365	c52fd93980d8591281200fbbacfb882b19df06af
ded4d2f988136da77e54100ebfbb5dfddbca2725	ee382ad0d8bf681c490ad9940fa002a708034c7b
def659ec69a955f18cb7151dfce58ee45267f1f0	0d1a8ed51081d09cc158549ad655cc0ddce968de
df71a24b19aa38e5eca94fc10745c1bfa5f49a21	649809f57fae4d3b91bc3aaba33435acc36d82c3
e0717533840f52f1e05504ba035d0f8b62d83bd7	20379a62b5442f5da21a987ff9ddcdaf450bcc1a
e0b7514d3c577e35356cc09fbbc269c32ca83be6	e8444c3402bf500fb903bd4e8fd878dd0eb20c8d
e2afbc5244b2b0603017e0768e6cc62aa1b94aa6	bcf55d3c24515ceb702bf9d58e05f8f75172e3ca
e39600f77c8d7afb35525cc5cc5f2e2fb8bec6fc	22803f96233419bb891504fce2d544346eed3c4b
e3b03582c03c30d5d160855607ee5414315219a5	d1fceb00c5dacdc868b026fe79fd298a163eda51
e4056ac8a4f64e97f4abba54aba5781d0af935e9	127cf88724ce6f10d6398b34e0e28a9540b9b43d
e5a7966b0ec710c5dd34019a1433af487131dfd5	671902a7d5b920f4152cc167d0d6fdf558440ccf
e71dca4a5767b982851d652000823216ec95e067	148f0120d1198f4c34322d683ce423fcfc754009
e873de280a23157d3611a379edf8c29af6703d2b	7e46f8939e189ca7b6f29627197f00d60b89e200
e96548314e7ecca30a0771a5aa6e8bae249fd0b9	d10135eea2748c5e8d7fb7d71e6bf29aa12b9784
e9923d42f9cbb71d399aab1e0d5ba8f5e09044c1	27e3abfe868c0ddf77f091befeb9eeee0c26811b
eab5a6bcd2f57b243a4e7427a23f99319ca525c9	b138dcb27412197565010851db9dd78af61c2505
eaf057effe3119bd054d54cb53e965833aecaefb	9d6c7a041ea5bf8e1ed04a83a25dad692c8af575
eb0a6101f358a4cd74f721c0cfdaf84bd3f6ce60	f282cefa31bdea2b0ba7a14cb842c249858ee858
eb8652e7d2583fc8c19d316f29549c522852325a	4ca19512ac4e738077c2f7d2b534090cd74d2375
ebb7a2eb1b41ce15caaa471997fd2324c943e875	fb7a47114b8918e50b0ee0d603b8b8286f489b98
ec347f6bf907b5455270ffb8804ee4dc0c18af73	c42c4d309722f7ec293db95d9b59717a1711881d
ecdf0bb6fa805566b36eb17daba698f14a6c114f	b1d012d26a6fa1d144e335a9e19e7e55834a8ae7
ed88b21df84bf026c65a053591aae494d85a6dde	9f73902f826c5006e32597a571f396b58987cc68
eee7977ae4cc23b8a68074c51d64fb7498a6888c	ecc2deaa6474d9e5e93b633ef8a1d9cd6e6aaefa
eeef79ecf52bb242e1d5e5986b7d56bcb4b6b922	8ae0458734aba1f8fd96487f282b863e9c37ad5c
f0174e13cbfac11a9b4ebc7279dd7398a926821d	f2b75bd06fc28215f9c058e7d68b1d3cec293cc8
f04b1929a2681f1eb90447d2dc71d0dd2e10f80c	dc98faa5e22405e47e31a90f156d19a5fa9d4e7e
f076fc18ba8d84e1cda2fd1528bf0b6f9fac82b8	16183a0133a168d7db612f3fb844506c21690289
f08265b62443682260f974c99ff04e939bc7f789	b05deb2bb3e45902798e146fdf1605273f954574
f0f4eed92c6a3d1374d80144744c327dc8f04101	10c640a202df1af64ba124d7618ea28c1a925135
f2b065c45a5877179ba7077912b1f6247c12a180	3f3af71ad48480e8e3f568e25d6764081299c497
f2e07bf051d32f8a0fcf401fbc1d9c82096384fb	d8a1ad150b72e69fb7a151c60bd24bc5e62a1469
f38d16c3f963654eb43ba3a410c37760ed8883c0	9397f726103de8423e7b145b7e731c826b0077d7
f3daa5f0827530a64867c3d5be9a2d82a37514a8	39371604f2eac3dba214fb40d285f2057093cdec
f3dd0f895322cdf724b02da637d98634c8c4468c	d0e1ea2c5d010a2dc9bf5dfc965277d66063ca46
f3ff5b59150ba0c8406aa07798ceb5aebda035c4	6bc7fe89b2c9860579eec01218b1e953470fe720
f4141e85bb3164be86e51c6ef9b193730a2c23b3	aa681e26c65cc281f4d5e03124621a6d84ccf3f9
f4d735b9c1c28834e5b82995d741b1e2d6564c92	8835143fe2f9a02ed1ff29f7edaf956ebf839697
f5047bbb7baa650803062fd2690f87379f00e3e4	8165268fc3571109e4b989cc9de9fec008fbcca0
f560c64274ca9a6f22e637f28f71167c636b69e7	f22b200aa77e6030b48f37c906ef838ca1f21bd5
f58651247cc63595d2f46cc475575e51a94091e9	528d2ee51caf0cf4a2f4258bc4aadd8a70e2bb33
f60e41e38e4e24b34c859a411ff9525480cb3d9a	fd968983e3c43530895a3c6d678c0903f0514401
f6ad5289a1a7bf1b14e3ab06ebd229c60a68a5e0	37748cd699104e0324a56635871e517ece798b74
f80bdafb1e0280a14d1e32da408752f6e38d04c9	44d76ea81095c7ffff013c0a354ae9755e614e88
f851efaf090cb8267b9c9b3173c694e345dfb4e0	061c91c41739fe267a7beb52850ad9336b865cc8
f8ea2bce71c599c48ac756f3f5dfed4049c6ce0e	198ab4859cf2392ca6633c0cb3c860b48ea90d36
f9365175552cfbbb0b37e503aef0f04606abdf7e	805c7b400fdf09d211ccd4769f9f77890e85ff48
fa6cd00b2b61fe8531e9f3bf497280890717c451	4f4d1c9cde993dcef06bf88a8a54abe7f273174a
fa8f330408697025cdc1c89ec0222eb39df71982	a487443ca2b68d7f09cfec4d1ee03a6a5020d8ca
fab8461db8775528b4d42624df628a2559fc2f41	d691b1ad35c18f897bddbbeab34d79408298b44b
faff19f7b24691378440fe46b1ab026946a99e28	ef0eb6882dec7db05d06ff3a6b5b1fda8a35ad97
fcd8e4e5da276dae9f0aa48864c2a28d52219e22	16f9d9341b03794a172a1a60f6574f0bbb71bbc3
fd05c085630ead10580d3a9cc8ccae5712fe52a2	2004edb88d48f609a6803e01e6e071a3255235c5
fd7e242dd71fcd6c55964dbda7a9a1cdcda4bda1	3249c0550b5463f9ba74e3450002ad9576bd2cf9
fe00a1fef7f186cb76f66b58732e13c5a12de74f	7a825383a100b6c32731dd9db41020240baed866
fe8c73055746d6d26ca8fdcb317bf6c2970b28ff	2098ab33ce077273ea2b93856e82b93fecac3066
feb0e2b73f631f3594eb59a2e2a1908cbecad34d	628cc9b2be48a8dbcc577388d271bb4bc83cc1ab
ff1be3d223d851fcf60d8db01e3c0db67f97817d	b33b54ba7d2de2a07a32eaed16ca919b53906fff
