de la	201839777
de l'	118353922
à la	79726696
c'est	78638562
qu'il	67919825
à l'	62495552
d'un	62032199
d'une	56771996
et de	45830376
dans le	45059629
dans la	42866486
dans les	31086370
j'ai	30553370
n'est	30546069
qu'elle	30480865
sur le	30240306
et les	27729386
de son	26764359
que je	25758482
je ne	25361333
sur la	25204929
et la	25138110
et le	24537849
ce qui	24454906
ce que	23259462
que le	22389794
que les	21888984
dans l'	21130069
il est	20630614
que la	20344203
de sa	19489274
dans un	18707718
sur les	18654251
que l'	18423683
tous les	18078068
par la	17913907
de l	17272345
et des	17214443
de ses	17029314
de ce	16986552
c'était	16969252
par le	16866422
il y	16702616
qu'on	15699456
et l'	15594438
par les	14901063
qu'ils	14813829
je suis	14670144
pour les	14454555
pour la	13940473
il ne	13751628
un peu	13723515
pas de	13702412
je me	13654387
dans une	13536652
y a	13322202
à un	12987603
de cette	12961665
n'a	12863547
à une	12827358
l'on	12730809
pour le	12724482
et à	12536426
l'autre	12468123
d'autres	12228449
s'il	12210772
jusqu'à	11557821
que nous	11446990
que vous	11416959
et d'	11409764
s'est	11301562
de ces	11181935
il se	11093505
n'y	11093429
que tu	11043764
qui se	10977337
d'être	10950835
à son	10840912
n'était	10821145
de se	10801490
la vie	10782638
le plus	10748872
a été	10375306
n'avait	10269757
il a	10249307
et il	10216412
il faut	10178228
la tête	10156118
les deux	10056761
par l'	10019707
de leur	9962293
qui est	9835396
toutes les	9776735
à ce	9712575
et je	9503500
sur l'	9498297
l'homme	9381347
qu'un	9340468
de plus	9266152
ne pas	9227922
il avait	9215343
dans son	9001630
mais il	8981957
pour l'	8975808
de lui	8892272
plus de	8885864
le monde	8737886
et que	8721344
qui ne	8430778
avec un	8329983
les yeux	8321135
à des	8285186
le temps	8268400
s'était	8256540
il était	8155725
comme un	8087971
qu'une	8072213
la première	8057402
ou de	8051394
pas à	8018693
les autres	7934222
l'un	7922568
avec les	7922348
m'a	7878806
que ce	7846469
quelque chose	7715117
à l	7706847
ne peut	7599952
en effet	7589377
par un	7584894
les plus	7515066
j'avais	7511028
avec le	7504552
n'en	7458219
tout le	7443509
dans ce	7363145
s'en	7360020
la porte	7221886
qui a	7202986
parce que	7199901
de faire	7151140
et qui	7129984
la main	7129097
et en	7124766
nous avons	7119826
elle se	7116301
est un	7085973
dans sa	7033213
elle est	6976057
à sa	6976036
entre les	6957615
avec une	6956997
avant de	6933502
on ne	6883025
avec la	6860054
par exemple	6851163
qu'à	6819722
et se	6731644
ceux qui	6715190
ne se	6686294
par des	6637819
je vous	6625543
sur un	6547987
et du	6525463
par une	6490804
elle ne	6384091
elle avait	6367000
tout ce	6322865
d'abord	6250063
pas le	6247194
plus tard	6221048
on peut	6214452
l'état	6184748
n'ai	6169512
la même	6165575
s'agit	6154372
un autre	6049468
une fois	5971774
de mon	5970207
l'air	5943558
et un	5935352
la plus	5875907
de leurs	5858834
à partir	5828983
mais je	5810932
qu'est	5798558
de ne	5798442
comme une	5789111
ne sont	5774481
sans doute	5772022
j'étais	5740660
ainsi que	5714458
et une	5686567
la fin	5680171
il en	5671821
d'avoir	5648788
alors que	5638601
la maison	5593271
à cette	5555370
l'histoire	5525652
d'ailleurs	5504712
est le	5450663
du monde	5450308
à ses	5421261
qui lui	5414386
que de	5410454
de le	5357664
vous avez	5325366
l'avait	5317910
où il	5309414
est une	5297114
elle a	5296313
dans cette	5275199
un homme	5269374
la ville	5267472
avec des	5267451
à se	5244901
une autre	5170388
et son	5163041
comme le	5148144
le premier	5110837
un des	5109504
tu as	5097039
la nuit	5088858
sur une	5021011
tout à	5002911
dans ses	4974861
en plus	4974706
quelqu'un	4940725
je vais	4940538
de ma	4940310
et ses	4930123
si vous	4923171
je l'	4918777
peut être	4889456
de notre	4877552
la société	4853230
nous sommes	4849974
sur son	4846888
la loi	4839488
l'eau	4832423
pour une	4824794
point de	4795767
de même	4748582
la mort	4746517
à faire	4733039
l'a	4731090
avait été	4720291
pas la	4681351
tout en	4680255
ont été	4677079
même si	4675478
elle était	4625180
de tout	4624982
et elle	4612272
le cas	4610602
avec l'	4599943
qu'en	4596354
la question	4587692
y avait	4565763
d'autre	4563432
bien que	4553149
dans des	4538266
on a	4524717
de toute	4519970
de me	4518030
est de	4508487
qu'est-ce	4456595
vous êtes	4442542
à travers	4426280
l'esprit	4386980
quand il	4385620
l'idée	4372863
pour lui	4357841
comme si	4356920
mise en	4349302
qui l'	4342554
pour un	4327319
qui ont	4283820
je le	4270065
pas d'	4260426
la fois	4248160
si elle	4241485
le fait	4238832
que des	4234516
ne l'	4233880
autour de	4232794
est la	4230691
temps de	4224257
le même	4221282
tu es	4216768
s'y	4201529
n'ont	4201430
peu de	4189216
besoin de	4181102
la france	4170463
sous le	4145590
sont pas	4143285
un petit	4140048
à leur	4123368
