entry	word_units	freq
l'	1	527044539
d'	1	369613859
aujourd'hui	1	8745168
's	1	1681400
main-d'œuvre	1	267880
de l'	2	118353922
c'est	2	78638562
qu'il	2	67919825
à l'	2	62495552
d'un	2	62032199
d'une	2	56771996
j'ai	2	30553370
n'est	2	30546069
qu'elle	2	30480865
dans l'	2	21130069
que l'	2	18423683
c'était	2	16969252
qu'on	2	15699456
et l'	2	15594438
qu'ils	2	14813829
n'a	2	12863547
l'on	2	12730809
l'autre	2	12468123
d'autres	2	12228449
s'il	2	12210772
jusqu'à	2	11557821
et d'	2	11409764
s'est	2	11301562
n'y	2	11093429
d'être	2	10950835
n'était	2	10821145
n'avait	2	10269757
par l'	2	10019707
sur l'	2	9498297
l'homme	2	9381347
qu'un	2	9340468
pour l'	2	8975808
s'était	2	8256540
qu'une	2	8072213
l'un	2	7922568
m'a	2	7878806
j'avais	2	7511028
n'en	2	7458219
s'en	2	7360020
qu'à	2	6819722
d'abord	2	6250063
l'état	2	6184748
n'ai	2	6169512
s'agit	2	6154372
l'air	2	5943558
qu'est	2	5798558
j'étais	2	5740660
d'avoir	2	5648788
l'histoire	2	5525652
d'ailleurs	2	5504712
l'avait	2	5317910
quelqu'un	2	4940725
je l'	2	4918777
l'eau	2	4832423
l'a	2	4731090
avec l'	2	4599943
qu'en	2	4596354
d'autre	2	4563432
qu'est-ce	2	4456595
l'esprit	2	4386980
l'idée	2	4372863
qui l'	2	4342554
pas d'	2	4260426
ne l'	2	4233880
s'y	2	4201529
n'ont	2	4201430
qu'elles	2	4008120
j'en	2	3976617
si l'	2	3956991
c'est-à	2	3858899
c'est-à-dire	2	3851107
d'elle	2	3795406
l'une	2	3698023
l'enfant	2	3637139
l'intérieur	2	3590341
l'amour	2	3518996
l'article	2	3487365
d'en	2	3470958
l'ordre	2	3460058
jusqu'au	2	3336359
l'ai	2	3322684
l'ensemble	2	3267862
ou d'	2	3259617
l'objet	2	3213984
lorsqu'il	2	3188530
l'heure	2	3146855
d'eau	2	3127638
l'époque	2	3080205
m'en	2	3034008
où l'	2	3011239
pas l'	2	2902183
l'espace	2	2851077
l'année	2	2843424
d'après	2	2822041
l'église	2	2820667
l'impression	2	2812476
plus d'	2	2756461
l'entreprise	2	2668185
l'école	2	2663791
l'art	2	2651504
il l'	2	2614636
est l'	2	2607327
l'action	2	2604770
en l'	2	2590794
d'où	2	2535836
l'aide	2	2453847
l'image	2	2419473
l'occasion	2	2416929
comme l'	2	2400446
l'existence	2	2365121
que d'	2	2336452
s'ils	2	2309021
l'auteur	2	2304974
vers l'	2	2257443
d'accord	2	2220823
n'avais	2	2131883
dont l'	2	2102739
j'aurais	2	2083997
d'entre	2	2078879
a l'	2	2036692
l'origine	2	2035264
s'étaient	2	2008493
m'avait	2	2004778
d'eux	2	2002368
n'aurait	2	1986596
est d'	2	1919496
d'aller	2	1911291
l'est	2	1885044
besoin d'	2	1884122
l'argent	2	1866124
l'entrée	2	1857436
n'importe	2	1851231
n'avaient	2	1840778
sous l'	2	1823412
ou l'	2	1809734
mais l'	2	1783515
n'étaient	2	1781506
d'y	2	1772211
d'autant	2	1765487
d'œil	2	1744342
qu'au	2	1739362
l'être	2	1702157
coup d'	2	1688045
elle l'	2	1677960
avant d'	2	1671275
s'agissait	2	1669598
j'y	2	1660016
l'armée	2	1654795
l'âge	2	1653102
l'œuvre	2	1640456
n'est-ce	2	1633879
l'âme	2	1599204
l'expérience	2	1591868
l'absence	2	1551533
l'instant	2	1550194
l'expression	2	1500160
d'argent	2	1500067
l'île	2	1485528
l'europe	2	1485359
toute l'	2	1477395
lorsqu'elle	2	1472010
l'organisation	2	1470788
entre l'	2	1466738
d'or	2	1461023
l'effet	2	1456038
l'université	2	1441528
d'état	2	1428071
l'avenir	2	1383547
d'origine	2	1377562
t'en	2	1369014
l'affaire	2	1364370
contre l'	2	1356433
après l'	2	1355707
l'intérêt	2	1346657
l'économie	2	1341430
l'activité	2	1340234
afin d'	2	1292840
beaucoup d'	2	1292835
n'as	2	1273315
l'union	2	1271079
d'amour	2	1254069
l'hôtel	2	1251562
s'écria	2	1245619
l'importance	2	1245155
l'égard	2	1244421
l'autorité	2	1239010
j'aime	2	1234115
l'évolution	2	1228163
l'extérieur	2	1228071
l'ombre	2	1223638
nombre d'	2	1221591
l'endroit	2	1220711
j'espère	2	1219707
l'intention	2	1213771
l'œil	2	1198368
autour d'	2	1193975
n'avons	2	1181718
l'environnement	2	1179604
l'analyse	2	1164578
fait l'	2	1162138
l'exercice	2	1157106
avait l'	2	1154705
l'administration	2	1152513
cas d'	2	1145918
m'ont	2	1145257
l'empire	2	1145010
n'avez	2	1142346
peu d'	2	1138370
forme d'	2	1137114
l'assemblée	2	1136927
l'ouest	2	1133857
l'avoir	2	1132636
l'éducation	2	1129339
l'hôpital	2	1127618
l'enseignement	2	1102518
l'humanité	2	1101367
l'ont	2	1100655
l'attention	2	1096575
l'acte	2	1079006
t'ai	2	1078070
n'existe	2	1067689
on l'	2	1065221
l'usage	2	1064885
rien d'	2	1062075
nous l'	2	1061629
l'étude	2	1058464
puisqu'il	2	1052888
l'information	2	1048684
d'ici	2	1046383
s'arrêta	2	1042482
d'années	2	1041401
objet d'	2	1016764
m'as	2	1012717
l'arrivée	2	1000638
celle d'	2	987876
l'énergie	2	981797
l'oreille	2	980236
l'équipe	2	979930
j'aimerais	2	978218
vous l'	2	974315
l'univers	2	971277
t'es	2	964030
l'arrière	2	956481
l'emploi	2	949941
d'action	2	948606
temps d'	2	943817
fait d'	2	943650
jusqu'aux	2	940967
d'intérêt	2	937876
l'escalier	2	924157
l'étranger	2	923854
permet d'	2	923681
n'étais	2	921091
l'ancien	2	919469
l'individu	2	918845
l'honneur	2	915961
qu'avec	2	900191
t'a	2	895910
faire l'	2	894389
l'habitude	2	891366
point d'	2	882623
l'établissement	2	872873
celui d'	2	870285
il d'	2	868893
d'hommes	2	866344
l'afrique	2	865270
l'utilisation	2	862331
s'être	2	861853
d'esprit	2	858618
cours d'	2	858436
l'aise	2	848105
l'été	2	842759
l'application	2	839503
d'art	2	836534
d'affaires	2	832367
à d'	2	826406
près d'	2	825753
l'écriture	2	822599
devant l'	2	821016
d'entrée	2	819406
d'information	2	819010
d'ordre	2	810991
l'allemagne	2	805115
l'identité	2	804115
l'unité	2	801518
tout d'	2	801048
l'avons	2	793966
m'y	2	792384
l'influence	2	787605
l'essentiel	2	784446
loin d'	2	784317
m'est	2	783395
s'approcha	2	782445
l'épaule	2	778164
droit d'	2	776021
l'avais	2	775529
d'énergie	2	773724
tant d'	2	772772
état d'	2	771436
l'espoir	2	770491
l'écart	2	769265
l'ouverture	2	769107
avant l'	2	767524
l'accès	2	766628
s'exclama	2	766522
l'exemple	2	763641
l'après	2	759725
tout l'	2	759337
n'aurais	2	758533
idée d'	2	755115
l'etat	2	753293
l'échelle	2	750276
lieu d'	2	747177
n'ait	2	743956
eu l'	2	737016
l'écran	2	728705
lors d'	2	728376
l'opinion	2	724011
un d'	2	722040
l'avaient	2	719695
qu'après	2	715765
d'enfants	2	711802
l'ouvrage	2	711417
l'avant	2	710772
depuis l'	2	710671
n'es	2	709344
impression d'	2	702182
moins d'	2	700653
l'abri	2	696545
lorsqu'ils	2	693726
l'exécution	2	691584
m'étais	2	691012
présence d'	2	690707
s'arrête	2	686105
l'ennemi	2	685402
n'ayant	2	684561
n'avoir	2	682427
l'horizon	2	681633
l'industrie	2	678202
s'asseoir	2	678099
d'obtenir	2	675566
s'assit	2	673988
s'appelle	2	673787
t'aime	2	673508
bout d'	2	672213
bien d'	2	671252
l'inverse	2	669290
l'empereur	2	668848
d'entrer	2	667633
jusqu'en	2	662240
l'ancienne	2	661848
m'avez	2	654475
lorsque l'	2	654394
me l'	2	650862
l'obligation	2	650736
chose d'	2	650311
lorsqu'on	2	650214
l'obscurité	2	649591
j'allais	2	649498
d'éviter	2	648379
l'opération	2	647348
d'informations	2	645753
d'histoire	2	643061
s'assurer	2	640336
envie d'	2	631578
d'habitude	2	630598
l'appartement	2	629490
n'arrive	2	628939
n'êtes	2	626459
partir d'	2	626039
l'exception	2	625544
comme d'	2	623844
t'as	2	623409
s'occuper	2	620611
s'arrêter	2	618453
qu'aux	2	615588
elle d'	2	614793
sentiment d'	2	614541
chez l'	2	613828
l'appareil	2	612278
s'empêcher	2	611474
d'études	2	609647
l'équilibre	2	609143
sorte d'	2	604622
était d'	2	603491
venait d'	2	601328
l'objectif	2	601191
millions d'	2	599984
ni l'	2	598751
c'étaient	2	591400
l'intelligence	2	590980
l'odeur	2	589506
l'après-midi	2	589253
d'accueil	2	588487
l'as	2	587029
moyen d'	2	586508
aussi l'	2	579952
l'intervention	2	578615
existence d'	2	576869
n'eut	2	576204
d'entreprise	2	575946
d'honneur	2	574832
n'aime	2	574435
l'enquête	2	573779
l'arrêt	2	572764
était l'	2	571688
l'approche	2	568440
cadre d'	2	563817
d'air	2	562877
nom d'	2	562687
l'indépendance	2	558184
mais d'	2	557603
air d'	2	556177
l'aurait	2	556164
s'impose	2	554945
recherche d'	2	554681
d'appel	2	553475
l'aspect	2	553443
d'agir	2	552517
être l'	2	552136
d'elles	2	550172
d'œuvre	2	550160
l'hiver	2	549041
l'accord	2	548083
l'association	2	547842
l'animal	2	546071
d'apprendre	2	545593
d'activité	2	545363
l'envie	2	543926
l'enfance	2	543797
même d'	2	542877
l'aider	2	542507
j'imagine	2	542459
s'installer	2	540692
l'abbé	2	540525
création d'	2	540466
l'hypothèse	2	539521
côté d'	2	539376
avec d'	2	537756
sont d'	2	537387
a d'	2	536963
qu'a	2	536377
l'aube	2	533900
d'accès	2	531869
risque d'	2	530578
l'opposition	2	529898
taux d'	2	527405
l'atmosphère	2	527120
vient d'	2	526670
s'applique	2	526240
type d'	2	525839
d'écrire	2	524658
selon l'	2	523348
l'épreuve	2	523289
tu l'	2	521748
l'appel	2	520925
l'égalité	2	520345
s'ouvre	2	520283
l'adresse	2	519957
fin d'	2	518487
s'inscrit	2	511499
s'étend	2	509984
l'efficacité	2	508017
milieu d'	2	507925
jusqu'ici	2	507656
d'aujourd'hui	2	507082
l'angleterre	2	507076
n'allait	2	506769
l'espèce	2	506109
l'océan	2	506013
d'homme	2	505984
homme d'	2	505652
sans l'	2	504123
vue d'	2	501596
d'importance	2	501393
d'entendre	2	500894
possibilité d'	2	499869
l'apparition	2	498854
pays d'	2	496928
porte d'	2	496895
dans d'	2	496508
aide d'	2	496004
l'offre	2	493987
d'arriver	2	493843
conseil d'	2	493768
l'angle	2	491697
l'avez	2	491634
c'est--à	2	490397
l'effort	2	489707
d'armes	2	489487
c'est--à--dire	2	488436
l'événement	2	488375
l'évidence	2	488057
l'italie	2	487476
d'utiliser	2	485831
l'exploitation	2	485131
puisqu'elle	2	483087
n'étant	2	482224
auprès d'	2	481949
raison d'	2	480503
l'agriculture	2	479769
d'emploi	2	479746
bien l'	2	475888
l'attitude	2	474748
l'an	2	473225
l'huile	2	473146
l'évaluation	2	472399
l'aéroport	2	470664
l'institution	2	470411
n'aura	2	469892
l'issue	2	469394
plus l'	2	466161
d'europe	2	464329
l'interprétation	2	463225
l'arbre	2	462625
d'application	2	462038
d'aide	2	460869
l'initiative	2	460135
d'israël	2	459735
qu'aucun	2	459374
l'examen	2	457799
l'accent	2	457479
possible d'	2	456900
s'éloigner	2	456858
l'herbe	2	456630
l'entretien	2	456313
l'artiste	2	455481
d'avance	2	454823
l'amérique	2	452261
l'étage	2	451278
matière d'	2	451084
l'or	2	450231
n'être	2	449109
l'alcool	2	448434
d'assurer	2	447470
absence d'	2	446836
s'avança	2	431120
s'avère	2	428351
s'ouvrit	2	426241
s'agisse	2	412538
s'adresse	2	412060
s'enquit	2	410641
s'appuie	2	404730
m'avoir	2	403043
s'exprimer	2	401144
j'aie	2	389713
s'élève	2	386726
s'appelait	2	386238
d'elle-même	2	382998
s'exprime	2	382758
s'installe	2	382018
s'engager	2	381383
j'aurai	2	366695
jusqu'alors	2	365128
n'eût	2	361980
m'appelle	2	357899
s'explique	2	355385
s'approche	2	355189
qu'avait	2	352006
s'intéresse	2	350701
s'apprêtait	2	350230
j'entends	2	347583
n'auraient	2	345103
m'empêcher	2	336218
m'était	2	334317
s'occupe	2	332781
m'aider	2	330002
n'empêche	2	326201
s'éloigna	2	320225
s'oppose	2	317869
s'installa	2	315683
qu'aucune	2	315448
lorsqu'un	2	309419
s'écria-t	2	305425
n'existait	2	303029
s'adapter	2	302258
s'ouvrir	2	300863
s'engage	2	299583
t'inquiète	2	299298
n'avions	2	296987
s'attendait	2	288586
n'arrivait	2	286041
j'eus	2	285435
n'ose	2	282856
s'interroger	2	282262
s'approcher	2	280065
s'empara	2	279375
s'appuyant	2	279217
qu'avant	2	277094
s'étant	2	276828
s'intéresser	2	272246
s'éloigne	2	269755
s'agir	2	268475
n'aimait	2	260011
qu'ont	2	258479
s'aperçut	2	257831
s'étonna	2	255241
s'appuyer	2	253057
s'enfuir	2	252882
s'est-il	2	252862
s'adresser	2	252856
s'opposer	2	252656
qu'eux	2	252613
s'emparer	2	250074
s'échapper	2	248271
s'interrompit	2	243335
m'avaient	2	242100
j'arrive	2	239354
s'exclama-t	2	228566
n'est-il	2	223982
au-dessus d'	2	223620
d'après-midi	2	215111
dit-il d'	2	192633
d'eux-mêmes	2	183681
s'écria-t-il	2	164701
à-dire l'	2	142265
s'écria-t-elle	2	138643
dit-elle d'	2	137932
l'au-delà	2	133850
s'exclama-t-elle	2	124506
n'a-t-il	2	105228
s'exclama-t-il	2	103818
m'a-t-il	2	97390
l'après--midi	2	67340
m'a-t-elle	2	58226
n'a-t-elle	2	47378
n'est pas	3	18276227
ce n'est	3	8128685
ce qu'il	3	7114956
n'était pas	3	6712346
que l'on	3	6642773
il n'y	3	6428236
je n'ai	3	6028024
n'a pas	3	5959398
n'y a	3	4837732
c'est un	3	4815630
c'est le	3	4557366
que j'ai	3	4544225
n'avait pas	3	4451084
qu'il ne	3	4289933
qu'il avait	3	4285710
c'est la	3	4008689
il s'agit	3	3977282
et de l'	3	3963386
c'est une	3	3866550
que c'est	3	3851020
qu'il y	3	3569314
qu'il est	3	3434296
qu'il a	3	3309154
de l'autre	3	3153095
l'un des	3	3087022
de l'homme	3	3073956
et c'est	3	3042018
n'ai pas	3	2975507
ce qu'elle	3	2808713
il n'est	3	2798261
ce n'était	3	2650774
et qu'il	3	2633304
qu'elle avait	3	2611477
qu'il était	3	2573061
de l'état	3	2563594
qu'est-ce que	3	2482880
à l'intérieur	3	2297708
je l'ai	3	2263526
jusqu'à la	3	2261902
c'est ce	3	2187898
si l'on	3	2171306
n'ont pas	3	2147479
qu'elle ne	3	2145462
c'est à	3	2105419
c'est l'	3	2104810
à l'autre	3	2078994
n'y avait	3	2066788
ce qu'on	3	2044055
d'une voix	3	2025657
parce qu'il	3	1996940
mais c'est	3	1994285
que c'était	3	1989520
je n'avais	3	1965898
il n'avait	3	1964407
jusqu'à ce	3	1953714
de l'eau	3	1902364
que j'avais	3	1896985
c'est que	3	1872707
c'était un	3	1817440
qu'il se	3	1694475
n'est plus	3	1679793
de l'histoire	3	1665290
l'une des	3	1663561
où l'on	3	1655951
à l'époque	3	1652251
comme s'il	3	1634599
il n'a	3	1607265
c'est bien	3	1602602
qu'il faut	3	1594379
n'est-ce pas	3	1591897
ce qu'ils	3	1566026
qui n'est	3	1555295
à l'heure	3	1551853
d'autre part	3	1549086
elle n'avait	3	1542919
s'agit de	3	1506314
qu'elle a	3	1499674
il m'a	3	1473886
je n'en	3	1473202
s'agit d'	3	1437123
qu'elle est	3	1435145
qu'on ne	3	1431196
et à l'	3	1430732
c'est pour	3	1428690
c'était une	3	1413309
l'ensemble des	3	1408136
qu'il en	3	1407858
d'autant plus	3	1402519
qu'elle était	3	1397106
de l'entreprise	3	1381575
et d'une	3	1372184
de l'article	3	1350218
à l'égard	3	1344586
qui s'est	3	1336812
d'une part	3	1324598
il s'est	3	1320164
et j'ai	3	1314247
ce que l'	3	1295513
il n'en	3	1260248
d'un air	3	1240198
coup d'œil	3	1239655
c'est vrai	3	1239626
de l'église	3	1238720
de l'enfant	3	1234360
l'histoire de	3	1232677
tu n'as	3	1221010
c'est là	3	1207598
de l'ordre	3	1204282
d'un ton	3	1175567
il n'était	3	1174261
et d'un	3	1173526
alors qu'il	3	1168997
c'était le	3	1158377
de l'année	3	1155940
n'a jamais	3	1152213
qu'il lui	3	1133826
l'idée de	3	1130595
qu'ils ne	3	1109697
c'était la	3	1108401
qu'il soit	3	1107128
qu'ils ont	3	1104741
d'entre eux	3	1097921
à l'aide	3	1096705
l'un de	3	1095282
n'étaient pas	3	1078277
et qu'elle	3	1066318
un coup d'	3	1065741
j'en ai	3	1054547
n'avais pas	3	1036161
parce qu'elle	3	1028122
de l'art	3	1013773
que j'étais	3	1012116
qu'elle se	3	1008866
qui n'a	3	1007239
c'est pourquoi	3	1005419
n'avait jamais	3	1005294
l'autre côté	3	980034
l'occasion de	3	963095
qu'est-ce qui	3	960144
à l'origine	3	955098
dit qu'il	3	948753
l'absence de	3	945045
de l'union	3	935636
jusqu'à l'	3	929552
l'on peut	3	919616
pour qu'il	3	917179
de l'argent	3	914041
qui s'était	3	913962
d'un coup	3	912708
c'est ainsi	3	905655
n'a rien	3	896511
n'ai jamais	3	891493
m'a dit	3	886759
c'est de	3	878304
l'objet d'	3	870870
qu'ils avaient	3	870715
qu'ils sont	3	865765
à l'école	3	859250
qu'on a	3	854742
n'avaient pas	3	850737
qu'il me	3	843462
à l'aise	3	840812
l'intérieur de	3	835693
d'un autre	3	832361
ou d'une	3	825132
n'est que	3	823322
d'un homme	3	819160
de l'esprit	3	809172
c'est tout	3	807581
ne s'agit	3	806275
je ne l'	3	805571
n'était plus	3	801624
tout d'abord	3	800849
qu'à la	3	793922
même s'il	3	791357
qui m'a	3	789615
de l'action	3	789236
et l'autre	3	779434
il s'était	3	773215
d'une autre	3	772922
d'une manière	3	769037
n'aurait pas	3	768304
l'intention de	3	762088
de l'amour	3	760268
bien qu'il	3	749311
ou d'un	3	746940
qu'on lui	3	742351
de l'époque	3	739595
et d'autres	3	734733
de l'école	3	724928
l'objet de	3	723181
qu'à l'	3	719887
ne s'est	3	719473
ne s'était	3	717608
tout à l'	3	714813
et l'on	3	713403
je m'en	3	711105
à l'idée	3	710126
droits de l'	3	702389
l'ensemble de	3	700340
s'il est	3	700080
l'état de	3	696798
dire qu'il	3	695204
de l'europe	3	694754
à l'occasion	3	693928
l'âge de	3	693343
nous n'avons	3	691221
n'as pas	3	691168
parce qu'ils	3	687700
s'est passé	3	675322
qui n'ont	3	674892
de l'espace	3	674639
à d'autres	3	672765
l'impression que	3	670605
qu'elle soit	3	667237
ou de l'	3	665448
de l'armée	3	663673
pour l'instant	3	662327
l'air de	3	660720
de l'île	3	654524
n'avait rien	3	653567
qu'il fallait	3	651902
l'ordre de	3	651552
n'étais pas	3	647980
pas qu'il	3	645528
ne l'avait	3	642648
quelqu'un qui	3	642252
l'on ne	3	642061
vous n'avez	3	640458
celle de l'	3	640196
et qu'on	3	639031
s'il ne	3	634427
d'une grande	3	633254
de l'université	3	631725
à l'esprit	3	629612
l'aide de	3	629003
si c'est	3	627805
de l'être	3	627548
l'impression d'	3	626293
de l'intérieur	3	622338
l'impression de	3	621264
à l'article	3	620244
s'il avait	3	618495
qu'ils se	3	618331
à l'extérieur	3	617177
qu'on peut	3	616371
nous l'avons	3	611122
l'origine de	3	611058
plus d'un	3	610337
s'il y	3	608232
dans l'espace	3	607773
n'avez pas	3	607589
j'ai eu	3	603046
à l'abri	3	602412
qu'il ait	3	601333
de s'en	3	597682
alors qu'elle	3	594458
à l'étranger	3	592847
que je l'	3	592814
n'existe pas	3	592702
de l'économie	3	589898
j'ai fait	3	588529
dans l'eau	3	587190
c'est en	3	583861
à l'hôpital	3	583050
qui n'était	3	582344
l'égard de	3	582123
au bout d'	3	581317
plus qu'à	3	581312
ne s'en	3	580786
qui l'avait	3	580630
qu'il l'	3	578855
de l'environnement	3	578713
n'a plus	3	578686
n'avons pas	3	577917
l'image de	3	572262
si c'était	3	572187
l'idée d'	3	571649
celui de l'	3	567514
quelque chose d'	3	566726
qui n'avait	3	566009
j'ai été	3	564266
et qu'ils	3	563188
l'esprit de	3	562976
plus d'une	3	556356
et que l'	3	550967
le temps d'	3	549535
à l'écart	3	546891
d'une certaine	3	546565
que d'autres	3	546539
d'un pas	3	546274
à l'entrée	3	545823
c'est dans	3	543728
de l'existence	3	543661
elle s'était	3	543097
partie de l'	3	541782
de l'âme	3	541293
qu'ils étaient	3	541291
l'existence de	3	540613
elle n'est	3	540612
fin de l'	3	539192
c'est moi	3	538680
je n'étais	3	536693
d'un grand	3	536216
pas à l'	3	534874
de l'humanité	3	534862
que j'en	3	533650
n'en est	3	532977
fois qu'il	3	530416
s'il était	3	530153
qui l'a	3	529960
s'agit pas	3	528054
mais j'ai	3	526884
de l'un	3	524712
de l'information	3	523711
l'union européenne	3	523408
elle n'a	3	522880
d'une façon	3	521046
pour qu'elle	3	520526
je t'ai	3	520458
rien d'autre	3	519483
l'une de	3	519339
n'importe quel	3	518418
j'ai vu	3	516457
l'idée que	3	516344
n'avait plus	3	515009
que l'homme	3	514087
de l'activité	3	512316
ne m'a	3	511986
l'existence d'	3	511341
dans l'histoire	3	511117
n'est jamais	3	506856
plus qu'un	3	506660
à partir d'	3	503961
l'université de	3	503257
la forme d'	3	501103
de l'ensemble	3	500304
le cadre d'	3	500258
qu'elle lui	3	497067
l'endroit où	3	496816
qui s'y	3	495645
c'est donc	3	495142
n'es pas	3	494943
on n'a	3	494934
s'empêcher de	3	494495
de l'auteur	3	493533
et d'autre	3	490876
l'air d'	3	490076
de l'organisation	3	490025
de l'hôtel	3	487461
l'un d'	3	487385
l'on a	3	485979
toute l'année	3	485942
fait l'objet	3	485123
d'une femme	3	484759
d'un côté	3	484180
un peu d'	3	481706
l'aide d'	3	480999
d'un seul	3	480464
un d'eux	3	480266
de l'éducation	3	478494
s'agissait d'	3	478005
m'a fait	3	476990
n'aime pas	3	470496
l'habitude de	3	469345
de l'enseignement	3	469012
qu'ils soient	3	468596
avait l'air	3	468291
l'homme qui	3	468219
c'est aussi	3	467616
objet d'une	3	467573
que quelqu'un	3	466937
quoi qu'il	3	465325
il l'avait	3	459180
qu'il allait	3	457680
d'une telle	3	457549
est à l'	3	455255
tu m'as	3	455181
l'homme et	3	455084
en l'air	3	454968
loin d'être	3	453336
de l'air	3	453250
n'êtes pas	3	452347
jusqu'au bout	3	451845
tandis qu'il	3	450117
qu'il aurait	3	449796
à l'arrière	3	449021
qu'il nous	3	446878
une sorte d'	3	446525
de l'expérience	3	445428
n'ai rien	3	445394
c'est comme	3	444228
à l'image	3	442691
à l'âge	3	441818
en cas d'	3	440343
mal à l'	3	439435
l'importance de	3	439105
de l'administration	3	438886
d'un geste	3	434602
de l'etat	3	432079
lors de l'	3	428683
à l'exception	3	427871
avec d'autres	3	427307
on l'a	3	427148
d'un certain	3	425719
l'effet de	3	424246
le droit d'	3	423856
à côté d'	3	423378
dans d'autres	3	420403
la recherche d'	3	419355
sens de l'	3	418784
à l'homme	3	418448
à l'état	3	416609
l'entrée de	3	415310
d'une nouvelle	3	415228
d'entre elles	3	414841
autour d'elle	3	413962
de l'œuvre	3	413528
l'œuvre de	3	413506
sein de l'	3	409952
la création d'	3	408627
ne l'ai	3	405585
de l'afrique	3	403755
bout d'un	3	402710
l'expression de	3	401899
l'on se	3	400771
d'être un	3	400484
a l'air	3	398159
ne l'a	3	397788
d'un petit	3	396954
en matière d'	3	395912
à l'échelle	3	395693
besoin d'un	3	395296
la porte d'	3	394223
celle d'un	3	394196
de l'équipe	3	392631
la possibilité d'	3	391287
l'intérieur du	3	390087
de l'image	3	389994
il d'une	3	389131
dans l'autre	3	389096
au sein d'	3	388104
à l'eau	3	386657
à l'oreille	3	386180
de l'énergie	3	385490
la présence d'	3	384805
au milieu d'	3	383575
à l'encontre	3	382255
dans l'air	3	382186
cours de l'	3	381652
d'une société	3	380720
l'ensemble du	3	380353
ainsi que l'	3	377741
lors d'une	3	377283
l'égard des	3	377078
de l'empire	3	376284
d'autres termes	3	376155
à l'université	3	376105
conseil d'état	3	375434
ou l'autre	3	371233
d'une personne	3	371135
dans l'ordre	3	370706
l'occasion d'	3	369344
de l'univers	3	368208
l'honneur de	3	367057
de l'autorité	3	366889
l'exercice de	3	365104
à l'hôtel	3	364923
histoire de l'	3	364644
de l'aide	3	363900
à l'endroit	3	363461
c'est peut-être	3	363396
face à l'	3	361068
de l'évolution	3	360424
côté de l'	3	359305
de l'objet	3	358368
à l'œuvre	3	357884
avant d'être	3	357046
je l'avais	3	356550
d'avoir un	3	355337
ou à l'	3	354843
l'homme de	3	354037
d'une main	3	353019
à l'ordre	3	352042
l'histoire du	3	350348
à l'est	3	348460
que l'autre	3	347959
question de l'	3	347609
dans l'ombre	3	347230
de l'emploi	3	346698
l'évolution de	3	346436
membres de l'	3	345658
que de l'	3	344773
de l'individu	3	344152
porte d'entrée	3	342881
d'œil à	3	342697
rapport à l'	3	341108
à l'ouest	3	340952
d'une petite	3	340665
de l'avoir	3	340387
d'avoir une	3	339045
clin d'œil	3	337802
de l'exercice	3	337675
en train d'	3	337144
l'heure de	3	336444
l'auteur de	3	334936
l'autre bout	3	334415
bien d'autres	3	334011
l'un et	3	333401
l'intérêt de	3	331651
dans l'esprit	3	331602
de l'est	3	331217
d'un point	3	331088
l'art de	3	330409
il d'un	3	330012
à l'avance	3	329868
et dans l'	3	329866
début de l'	3	329185
l'arrivée de	3	329021
par l'intermédiaire	3	327296
impression d'être	3	327110
l'absence d'	3	326065
l'amour de	3	325733
à travers l'	3	325395
de l'ocde	3	324877
d'un nouveau	3	323313
à l'instant	3	323211
de l'établissement	3	323093
grâce à l'	3	321734
en d'autres	3	321046
de l'œil	3	320530
sur l'épaule	3	319335
pas de l'	3	319086
dans l'obscurité	3	318247
d'un système	3	317344
de l'acte	3	316725
de l'ancien	3	314988
la tête d'	3	314058
pas d'un	3	313717
l'île de	3	313220
même de l'	3	312666
de l'hôpital	3	311969
elle l'avait	3	311564
à l'instar	3	310858
ce qui l'	3	310111
par d'autres	3	309841
d'entre nous	3	309554
d'un tel	3	308207
sur l'autre	3	306324
le cas d'	3	306007
de l'ouest	3	305300
d'avoir été	3	305152
de l'après	3	304467
en l'absence	3	304137
de l'entrée	3	303593
a pas d'	3	303061
en l'occurrence	3	302945
pas d'autre	3	301888
l'histoire des	3	301253
pas l'air	3	301179
le fait d'	3	301161
d'un groupe	3	301101
elle d'une	3	300405
un et l'	3	299907
d'en faire	3	299881
au cours d'	3	299845
à l'action	3	299707
l'obligation de	3	298056
chef de l'	3	295859
pas d'une	3	295819
alors que l'	3	295478
quart d'heure	3	294917
de l'ouvrage	3	294722
à l'un	3	294390
un clin d'	3	293856
de l'une	3	293798
ouvert toute l'	3	293775
l'utilisation de	3	293691
à l'étage	3	293212
la suite d'	3	293093
d'un enfant	3	292934
de l'identité	3	292830
l'étude de	3	291358
besoin d'être	3	291333
autour d'un	3	290867
fait de l'	3	289771
l'époque de	3	289202
d'une vie	3	288924
part et d'	3	288894
d'autre que	3	288314
l'entrée du	3	288229
de l'industrie	3	287051
objet d'un	3	286720
un de l'	3	286507
celui d'un	3	285348
à l'ensemble	3	285311
de l'âge	3	284784
au lieu d'	3	284477
l'ordre du	3	283157
d'une heure	3	283039
lors d'un	3	281891
de l'intérêt	3	280631
l'avait pas	3	280571
d'un moment	3	280354
cadre d'une	3	279590
ministre de l'	3	279511
près de l'	3	278645
que d'une	3	278129
en vue d'	3	277879
l'eau et	3	277214
l'on veut	3	277129
nom de l'	3	275985
il l'a	3	275575
pays de l'	3	275090
forme d'un	3	275043
de l'analyse	3	274978
présence d'un	3	274568
l'usage de	3	274426
d'un an	3	273468
avait l'impression	3	273446
de l'affaire	3	273443
l'un à	3	273234
l'être humain	3	271377
dans l'espoir	3	270636
d'entrer dans	3	269976
l'accès à	3	269893
l'a fait	3	268389
le nom d'	3	267879
l'ai dit	3	266944
l'époque où	3	266755
autour de l'	3	265868
existence d'un	3	265835
est l'un	3	265447
de l'écriture	3	265328
le nombre d'	3	265263
parce que l'	3	264296
la cour d'	3	262605
de l'extérieur	3	262591
le sentiment d'	3	262457
de l'importance	3	262095
partir de l'	3	261370
l'envie de	3	261015
besoin d'une	3	260524
compte de l'	3	260337
à l'histoire	3	260335
de l'été	3	259727
l'aider à	3	259684
l'application de	3	259004
et je l'	3	258972
pour que l'	3	257948
d'une partie	3	257940
la nécessité d'	3	257588
l'eau de	3	256844
me l'a	3	255726
faire l'objet	3	255479
à l'épreuve	3	255172
l'action de	3	254355
l'effet d'	3	253596
par l'article	3	253336
moment de l'	3	253239
dans l'ensemble	3	252437
ne l'est	3	252329
l'expérience de	3	251117
développement de l'	3	250045
l'influence de	3	248822
cause de l'	3	247996
pas besoin d'	3	247848
l'exception de	3	247670
de l'empereur	3	247272
bord de l'	3	247256
de l'immeuble	3	247134
d'accord avec	3	246858
que l'un	3	246363
en place d'	3	245612
l'organisation de	3	245574
sur l'île	3	245531
de l'enfance	3	245398
d'avoir des	3	244893
à l'horizon	3	244825
comme nous l'	3	244802
comme il l'	3	244595
l'heure du	3	244468
l'avait fait	3	242884
huile d'olive	3	242872
l'évolution des	3	242683
que dans l'	3	242306
l'a vu	3	242108
reste de l'	3	241147
ce genre d'	3	240706
de l'enquête	3	240623
qui l'ont	3	240458
l'accent sur	3	240112
l'a dit	3	239390
forme d'une	3	239384
de l'assemblée	3	239342
l'espace de	3	239208
côté d'elle	3	238563
niveau de l'	3	238259
est d'autant	3	238095
tandis que l'	3	238036
l'espoir de	3	238002
à l'ombre	3	237714
cours d'une	3	237066
d'une famille	3	235571
d'un regard	3	234969
l'acte de	3	234750
chiffre d'affaires	3	234688
aide d'un	3	234669
de l'allemagne	3	234508
l'équipe de	3	234369
un à l'	3	234243
l'autre et	3	233553
qui ne l'	3	233523
à l'enfant	3	233010
à l'évidence	3	232864
l'autre de	3	232849
de l'idée	3	232733
de l'unité	3	232649
existence d'une	3	232296
plus à l'	3	232165
ministère de l'	3	231646
l'analyse de	3	231602
elle d'un	3	231269
de l'association	3	231143
de l'escalier	3	230861
que d'un	3	230741
vue de l'	3	230540
l'assemblée nationale	3	230326
l'ai pas	3	229636
l'a pas	3	229600
la notion d'	3	229504
l'instar de	3	229345
tu l'as	3	229081
d'une seule	3	228982
sous l'effet	3	228902
mais qu'est-ce	3	228852
l'on est	3	228652
d'un pays	3	228603
autour d'une	3	228561
droit de l'	3	228097
d'elle et	3	227728
d'un monde	3	227680
après l'autre	3	227037
l'homme est	3	226808
certain nombre d'	3	226656
de l'académie	3	226228
près d'un	3	225496
est d'une	3	225473
l'état et	3	225267
état d'esprit	3	225207
l'exemple de	3	224824
près d'elle	3	224759
d'un des	3	224300
l'état d'	3	224212
à l'église	3	222466
le point d'	3	222353
l'avons vu	3	221957
partir d'un	3	221952
la construction d'	3	221831
de l'avenir	3	221778
comme je l'	3	221144
a besoin d'	3	220670
l'attention de	3	220642
d'une même	3	220527
d'être en	3	220429
raison de l'	3	220267
l'issue de	3	220134
cœur de l'	3	220016
celle d'une	3	219693
de l'opération	3	219621
l'étude des	3	219162
direction de l'	3	219091
fait que l'	3	218883
de l'après-midi	3	217483
n'est-il pas	3	198114
est-ce qu'il	3	172874
au-dessus de l'	3	155374
s'est-il passé	3	154554
qu'y a-t	3	141559
fin d'après-midi	3	131628
n'est peut-être	3	129052
que s'est-il	3	126062
au-delà de l'	3	118324
dit-il d'une	3	109366
dans l'après-midi	3	103566
à-vis de l'	3	101945
dit-elle d'une	3	83088
dit-il d'un	3	81472
de la main-d'œuvre	3	72870
d'une demi-heure	3	71544
au-dessus d'un	3	59874
au-dessus d'elle	3	59256
dit-elle d'un	3	54146
début d'après-midi	3	53568
de l'après-guerre	3	49276
chef d'état-major	3	47802
au-dessus d'une	3	45694
dans l'au-delà	3	43580
de l'au-delà	3	43183
au-dessus d'eux	3	42279
ce n'est pas	4	5791833
il n'y a	4	3918031
je n'ai pas	4	2945490
n'y a pas	4	2198139
ce n'était pas	4	1916144
il n'est pas	4	1861085
qu'il y a	4	1819476
il n'y avait	4	1511264
qu'il n'y	4	1335286
il s'agit de	4	1113365
jusqu'à ce que	4	1041109
de l'autre côté	4	1011091
n'est pas un	4	996539
il s'agit d'	4	995769
qui n'est pas	4	994222
un coup d'œil	4	990699
je n'avais pas	4	950747
c'est ce que	4	930396
n'est pas le	4	916197
ce que l'on	4	908720
je n'ai jamais	4	877872
il n'avait pas	4	874103
n'est pas une	4	871725
ce que j'ai	4	851681
qu'est-ce que tu	4	813653
il n'a pas	4	794109
il n'était pas	4	779564
n'y avait pas	4	747427
tout ce qu'il	4	738510
tout à l'heure	4	716795
ce qu'il y	4	711549
elle n'avait pas	4	701807
qu'il y avait	4	699177
que je n'ai	4	694390
tu n'as pas	4	684975
il ne s'agit	4	672719
n'est pas la	4	663474
qu'il s'agit	4	662412
à l'intérieur de	4	657185
n'a pas été	4	654453
c'est le cas	4	652890
qu'il n'avait	4	650311
ce que c'est	4	638792
à l'égard de	4	631104
droits de l'homme	4	630670
de ce qu'il	4	625469
que l'on peut	4	601502
vous n'avez pas	4	598077
mais ce n'est	4	592841
c'est ainsi que	4	576338
s'agit d'une	4	559129
s'agit d'un	4	549962
ne s'agit pas	4	526274
si ce n'est	4	520332
que ce n'est	4	506744
ce qui s'est	4	502738
qu'il n'est	4	500948
c'est ce qui	4	496172
qu'il en soit	4	493919
des droits de l'	4	493600
tu n'es pas	4	491618
la fin de l'	4	489216
j'ai l'impression	4	485427
l'un d'eux	4	474842
qu'il n'a	4	468828
ce qu'il a	4	466888
qui n'a pas	4	465228
l'autre côté de	4	463960
l'objet d'une	4	453733
ce qu'il avait	4	452494
qui s'est passé	4	449810
à l'origine de	4	446283
à ce qu'il	4	445736
qu'elle n'avait	4	443967
n'a pas de	4	443364
dans le cadre d'	4	442164
n'y a plus	4	439648
n'y a rien	4	438071
n'est pas de	4	436829
qu'il y ait	4	422843
l'histoire de la	4	418568
à l'égard des	4	404377
à l'aide de	4	403533
de l'union européenne	4	399154
quoi qu'il en	4	398681
je ne l'ai	4	393689
mal à l'aise	4	388780
n'était pas le	4	382144
je n'étais pas	4	381905
au sein de l'	4	380631
jusqu'à la fin	4	378691
que je n'avais	4	375934
ce qui n'est	4	374781
au bout d'un	4	374050
ne s'est pas	4	369754
l'un de ses	4	366261
n'arrive pas à	4	363214
à l'aide d'	4	359962
elle n'est pas	4	355631
qui n'ont pas	4	355130
n'avait pas été	4	353316
qui n'était pas	4	350800
que ce n'était	4	350601
nous n'avons pas	4	347297
ne s'était pas	4	341014
ouvert toute l'année	4	339830
s'il y a	4	338213
il d'une voix	4	337252
quelqu'un d'autre	4	335109
n'y a que	4	332051
s'il vous plaît	4	330385
jeta un coup d'	4	329775
n'est pas seulement	4	328879
n'en est pas	4	325843
n'était pas un	4	324813
n'est pas encore	4	324791
qu'est-ce que vous	4	320086
n'est donc pas	4	317658
c'est moi qui	4	317080
que l'on a	4	309409
n'est pas à	4	309216
l'impression d'être	4	308908
ce qu'il faut	4	308133
que l'on ne	4	306061
à l'idée de	4	304010
n'est pas possible	4	303322
l'intérieur de la	4	303018
un et l'autre	4	296215
ce qu'elle avait	4	295073
que c'est un	4	294192
coup d'œil à	4	289682
un clin d'œil	4	288766
l'ensemble de la	4	286925
part et d'autre	4	283704
n'a rien à	4	283091
l'un des plus	4	282488
l'un de l'	4	281724
n'est pas toujours	4	281199
s'il te plaît	4	281011
un de l'autre	4	280507
vous n'êtes pas	4	279132
à l'occasion de	4	277812
qu'est-ce qu'il	4	277494
l'objet d'un	4	277248
en d'autres termes	4	276757
la porte d'entrée	4	275340
ne l'avait pas	4	274809
fait l'objet d'	4	274617
le cadre d'une	4	274242
à l'intérieur du	4	273936
à la recherche d'	4	273193
ce qu'il est	4	269338
elle d'une voix	4	267634
sous la forme d'	4	266440
tout ce qu'elle	4	266301
ce qui s'était	4	266018
ne put s'empêcher	4	265788
elle n'était pas	4	264172
on n'a pas	4	263965
n'était pas une	4	263457
ce que j'avais	4	261948
d'un coup de	4	261946
elle n'a pas	4	261902
à l'âge de	4	261683
n'a jamais été	4	261354
l'histoire de l'	4	261346
l'un et l'	4	259019
de part et d'	4	256028
et je n'ai	4	255290
de ce qu'elle	4	254752
c'est lui qui	4	254077
à l'autre bout	4	252868
m'a dit que	4	252736
de l'ordre de	4	252342
n'était pas la	4	251776
parce qu'il est	4	249122
la question de l'	4	247073
d'un point de	4	245664
de l'homme et	4	245296
n'y avait plus	4	243892
n'ont pas été	4	243633
au cours de l'	4	243259
c'est là que	4	242314
n'est pas en	4	242021
que c'est une	4	241340
par rapport à l'	4	241262
l'existence d'un	4	240339
parce que c'est	4	240330
n'est pas pour	4	240217
n'est pas l'	4	239760
est l'un des	4	238066
qui s'était passé	4	235891
de l'histoire de	4	235719
que j'ai fait	4	235522
la forme d'un	4	235102
ce qu'on appelle	4	234875
à la suite d'	4	234550
qu'on ne peut	4	233586
n'a pas le	4	233330
qu'il venait de	4	232867
l'aide d'un	4	232720
n'est pas très	4	232329
n'est pas sans	4	230696
je n'ai rien	4	230642
mise en place d'	4	229676
ne m'a pas	4	229148
qui n'avait pas	4	227235
l'un à l'	4	226639
est d'autant plus	4	226007
mais je n'ai	4	224520
et qu'il ne	4	224235
put s'empêcher de	4	224078
qu'est-ce que je	4	223937
et ce n'est	4	221885
un à l'autre	4	221852
n'a pas d'	4	220276
ce qu'elle a	4	219582
à côté d'elle	4	218101
de l'ensemble des	4	217978
il d'un ton	4	217335
ou d'une autre	4	214757
et que l'on	4	212165
à partir de l'	4	211766
ne l'ai pas	4	210694
l'existence d'une	4	209012
l'entrée de la	4	207492
la forme d'une	4	204669
ne l'a pas	4	204183
d'autant plus que	4	203466
comme nous l'avons	4	203200
que je l'ai	4	203128
l'autre côté du	4	202585
l'une des plus	4	201056
à l'image de	4	199837
nous l'avons vu	4	199431
un certain nombre d'	4	198553
le cadre de l'	4	197495
au sein d'une	4	197009
en l'absence de	4	196166
et d'autre part	4	193637
à l'exception de	4	192341
l'origine de la	4	187445
à partir d'un	4	187365
faire l'objet d'	4	186346
et de l'autre	4	185537
à l'encontre de	4	185130
l'une de ses	4	183554
au cours d'une	4	182628
un quart d'heure	4	180490
bout d'un moment	4	180282
la tête d'un	4	178294
le cadre d'un	4	176192
l'idée d'une	4	176036
la recherche d'un	4	174646
à l'égard du	4	174407
que l'on appelle	4	174263
à partir d'une	4	174110
l'aide d'une	4	173679
à l'entrée de	4	172681
de ce que l'	4	172423
l'évolution de la	4	171085
la création d'un	4	169338
qu'est-ce que ça	4	168267
au niveau de l'	4	168250
un d'entre eux	4	167737
au bord de l'	4	166676
on l'a vu	4	166573
l'un de ces	4	166028
à l'instar de	4	165824
d'un seul coup	4	165466
pas l'intention de	4	162298
que l'on puisse	4	161925
la cour d'appel	4	161658
à l'intérieur d'	4	160754
à ce que l'	4	160414
au moment de l'	4	160072
au sein d'un	4	159848
rien d'autre que	4	158994
à cause de l'	4	158877
elle d'un ton	4	158445
que je ne l'	4	157785
à l'époque de	4	157712
ne l'est pas	4	156910
l'air d'un	4	156458
coin de l'œil	4	155680
l'un d'entre	4	155399
est à l'origine	4	153781
au milieu d'un	4	153706
au milieu d'une	4	153695
la présence d'un	4	153124
l'autre bout de	4	152990
l'importance de la	4	152768
par l'intermédiaire de	4	152523
en raison de l'	4	151802
de l'un des	4	151231
l'intérieur de l'	4	150890
en fonction de l'	4	150076
fait l'objet de	4	148782
dans l'histoire de	4	148628
tout d'un coup	4	147863
le reste de l'	4	147783
d'un autre côté	4	147124
l'impression d'avoir	4	145803
le sens de l'	4	145581
l'autre bout du	4	145065
fin de l'année	4	144903
si l'on veut	4	144879
la recherche d'une	4	144830
le domaine de l'	4	144181
que l'on se	4	143654
est l'une des	4	143443
un ou l'autre	4	143436
à l'endroit où	4	142399
est loin d'être	4	142058
de l'état de	4	141944
l'égard de la	4	140703
la suite d'une	4	140696
à l'abri des	4	140259
à l'intérieur des	4	140218
l'image de la	4	139415
la porte de l'	4	139372
l'ensemble de l'	4	139318
l'un ou l'	4	139038
dans le cas d'	4	138219
le conseil d'état	4	138038
d'un homme qui	4	137669
la création d'une	4	137573
à l'abri de	4	137263
à propos de l'	4	137058
ce qui concerne l'	4	136878
l'effet de la	4	135532
chef de l'état	4	134912
sur le point d'	4	134832
eu l'occasion de	4	133857
à l'occasion d'	4	133672
jeter un coup d'	4	132985
à côté de l'	4	132663
et je l'ai	4	132620
à l'état de	4	132521
l'idée d'un	4	132059
le cas de l'	4	130691
à l'époque où	4	130671
l'une d'elles	4	129914
à l'idée que	4	129439
à l'ensemble des	4	129102
plus d'une fois	4	128617
un ni l'autre	4	128340
l'un ni l'	4	128316
dans l'esprit de	4	128212
que l'on pourrait	4	128163
la place de l'	4	127836
dans l'espoir de	4	127779
de l'université de	4	127761
à l'entrée du	4	127750
d'un signe de	4	127702
où l'on peut	4	126989
l'occasion de la	4	126591
de l'état et	4	126580
l'on ne peut	4	126229
l'une de ces	4	126171
mais qu'est-ce que	4	126149
en faveur de l'	4	125969
de l'eau et	4	125897
au cœur de l'	4	125397
d'une sorte de	4	125135
d'huile d'olive	4	124650
l'ordre du jour	4	124404
d'une certaine manière	4	124219
de la part d'	4	124180
comme on l'a	4	124104
comme je l'ai	4	124082
le début de l'	4	122952
au long de l'	4	122582
que l'on trouve	4	122268
que s'est-il passé	4	117314
qu'est-ce qui se	4	114185
n'est peut-être pas	4	99000
qu'est-ce qui vous	4	79642
qu'est-ce que cela	4	71672
qu'est-ce que la	4	67417
qu'est-ce qui te	4	65994
et qu'est-ce que	4	65053
est-ce que c'est	4	59520
n'était peut-être pas	4	56992
qu'est-ce que le	4	48647
mais qu'est-ce qui	4	47185
à l'aide d	4	44730
qu'est-ce qui ne	4	43656
de quoi s'agit-il	4	42066
il n'y a pas	5	1757689
n'y a pas de	5	1007854
qu'il n'y a	5	593475
ce qu'il y a	5	524775
il n'y avait pas	5	517845
ce n'est pas le	5	467598
mais ce n'est pas	5	464850
des droits de l'homme	5	460241
il ne s'agit pas	5	445421
ce qui s'est passé	5	424148
que ce n'est pas	5	414756
de l'autre côté de	5	403107
il s'agit d'une	5	392737
quoi qu'il en soit	5	384019
ce n'est pas un	5	380531
ce n'est pas la	5	372162
que je n'ai pas	5	371541
il s'agit d'un	5	369404
il n'y a plus	5	367721
il n'y a rien	5	361710
ce n'est pas une	5	349034
qu'il n'est pas	5	334980
l'autre côté de la	5	332480
jeta un coup d'œil	5	327478
qu'il y a de	5	326546
d'un point de vue	5	318447
qu'il n'avait pas	5	317489
qu'il n'y avait	5	308964
il n'y a que	5	295958
jusqu'à ce qu'il	5	291525
ce qui n'est pas	5	290544
n'y a pas d'	5	284747
l'un de l'autre	5	279841
qu'est-ce que c'est	5	274232
que ce n'était pas	5	268812
n'y avait pas de	5	267206
l'un et l'autre	5	256971
qu'il n'a pas	5	256732
de part et d'autre	5	253227
qu'il n'était pas	5	251362
dans le cadre d'une	5	246622
un coup d'œil à	5	239425
n'est pas le cas	5	236087
ce qui s'était passé	5	228480
qu'il s'agit d'	5	225570
ne put s'empêcher de	5	223704
l'un à l'autre	5	221221
je ne l'ai pas	5	208373
ce que c'est que	5	204485
à la fin de l'	5	202625
à l'intérieur de la	5	199836
que je n'avais pas	5	194073
n'a rien à voir	5	187410
ne s'agit pas de	5	186734
la mise en place d'	5	186235
jusqu'à la fin de	5	177439
au bout d'un moment	5	176448
à l'aide d'un	5	173775
de l'autre côté du	5	164981
dans le cadre de l'	5	164499
dans le cadre d'un	5	158185
n'y a plus de	5	155584
du coin de l'œil	5	148625
fait l'objet d'une	5	147447
et ce n'est pas	5	141877
à l'aide d'une	5	141780
qu'il y a des	5	141559
jusqu'à ce que le	5	140957
n'y a rien de	5	140864
ce n'était pas le	5	140647
la fin de l'année	5	140018
ne s'agit pas d'	5	139851
ce qu'il y avait	5	139315
qu'il y a un	5	139194
l'un ou l'autre	5	137857
à l'égard de la	5	135620
je n'arrive pas à	5	133896
jeter un coup d'œil	5	130809
l'autre bout de la	5	129302
c'était la première fois	5	128292
l'un ni l'autre	5	128151
mais je n'ai pas	5	127566
sous la forme d'un	5	126884
ce que j'ai fait	5	126770
c'est pour ça que	5	126168
de ce que l'on	5	125692
à la recherche d'un	5	125512
jusqu'à ce que la	5	125448
à l'origine de la	5	125420
je n'en sais rien	5	125290
qu'il y a une	5	124389
l'un d'entre eux	5	124088
qu'il ne faut pas	5	123295
comme nous l'avons vu	5	118183
l'espace d'un instant	5	117935
à la suite d'une	5	116643
à l'autre bout de	5	115215
à l'autre bout du	5	114541
une manière ou d'une	5	114244
manière ou d'une autre	5	114222
à l'égard de l'	5	113550
dans le domaine de l'	5	111870
mise en place d'un	5	111786
européenne des droits de l'	5	110412
sous la forme d'une	5	110196
l'un après l'autre	5	105865
l'une ou l'autre	5	105790
à l'intérieur de l'	5	105547
d'un signe de tête	5	103584
faire l'objet d'une	5	103157
point de vue de l'	5	102835
tout au long de l'	5	101989
d'une manière ou d'	5	101049
je ne l'ai jamais	5	100975
droits de l'homme et	5	100679
qu'est-ce qu'il y	5	99901
ce que l'on appelle	5	99589
à l'occasion de la	5	98795
part et d'autre de	5	97695
à l'entrée de la	5	97192
l'un contre l'autre	5	97073
ni l'un ni l'	5	94187
à ce que l'on	5	93500
l'une de l'autre	5	93473
à la recherche d'une	5	90499
l'une et l'autre	5	90449
à la suite d'un	5	90307
l'un pour l'autre	5	89727
mise en place d'une	5	87294
fait l'objet d'un	5	85051
un bout à l'autre	5	84970
est à l'origine de	5	84957
de la part de l'	5	84186
à l'ordre du jour	5	83196
une façon ou d'une	5	80475
façon ou d'une autre	5	80454
jette un coup d'œil	5	79757
d'un bout à l'	5	79620
l'une à l'autre	5	79194
de l'histoire de la	5	78912
à l'intérieur d'un	5	78902
d'autre choix que de	5	77812
d'un certain nombre de	5	77364
un jour ou l'autre	5	75964
la tête d'un air	5	75192
en ce qui concerne l'	5	72405
les droits de l'homme	5	72396
de l'histoire de l'	5	72014
que l'on ne peut	5	70671
au bord de l'eau	5	70348
ce que l'on peut	5	69407
d'une façon ou d'	5	68942
à la manière d'un	5	68822
la mise en œuvre d'	5	68199
de la porte d'entrée	5	67658
sous l'effet de la	5	67287
un coup d'œil sur	5	66427
au long de l'année	5	65815
de l'un à l'	5	65265
faire l'objet d'un	5	64609
à la suite de l'	5	63919
à l'arrière de la	5	63748
à l'intérieur d'une	5	63369
de l'homme et de	5	63228
l'impôt sur le revenu	5	63085
dans l'histoire de la	5	62621
de l'information et de	5	62280
à l'occasion d'une	5	62018
de la part d'un	5	61934
en application de l'article	5	60971
dans la mesure où l'	5	60637
ce que l'on a	5	60339
l'une après l'autre	5	60276
du conseil de l'europe	5	59838
à l'origine de l'	5	59201
de plus en plus d'	5	59121
d'un hochement de tête	5	58682
au sens de l'article	5	58569
comme on l'a vu	5	58544
il jeta un coup d'	5	58313
d'hommes et de femmes	5	58290
à l'occasion d'un	5	58271
l'autre côté de l'	5	57990
l'un des plus grands	5	57770
l'information et de la	5	57497
au cours de l'année	5	57298
à la tête de l'	5	57013
à la tête d'une	5	56846
à l'occasion de l'	5	56831
jetant un coup d'œil	5	56813
l'une contre l'autre	5	56569
l'une d'entre elles	5	56006
a fait l'objet d'	5	55693
coup d'œil à la	5	55669
dans le cas d'une	5	55544
je vous l'ai dit	5	54661
la plupart d'entre eux	5	54636
à l'aide de la	5	54498
à l'extérieur de la	5	54117
un coup d'œil par	5	53871
le chef de l'état	5	53268
à l'époque de la	5	52460
un coup d'œil dans	5	51918
à l'origine d'une	5	51485
dans l'histoire de l'	5	51150
à l'un de ses	5	51121
si l'on peut dire	5	51029
la surface de l'eau	5	51028
la protection de l'environnement	5	50877
et d'autre de la	5	50767
dans le sens d'une	5	50358
un coup d'œil au	5	49865
de la légion d'honneur	5	49455
se leva d'un bond	5	49419
sur la base d'un	5	49209
d'un grand nombre de	5	48606
un peu à l'écart	5	48548
en un clin d'œil	5	48282
en vertu de l'article	5	47792
sur la base d'une	5	47776
tout ce que l'on	5	47494
à l'écart de la	5	47430
d'un geste de la	5	47330
coup d'œil à l'	5	46728
est l'un des plus	5	46585
dans le cas d'un	5	46236
elle jeta un coup d'	5	46056
l'un sur l'autre	5	45466
jeté un coup d'œil	5	45439
il d'une voix rauque	5	45220
je ne l'avais pas	5	45151
à soupe d'huile d'	5	45101
se rendre à l'évidence	5	45037
que je ne l'ai	5	44810
de l'ensemble de la	5	44647
qui est à l'origine	5	44588
de l'homme et du	5	44581
de la cour d'appel	5	44522
de l'ordre de la	5	44497
de l'un de ses	5	44286
est de l'ordre de	5	44050
dans le cas de l'	5	44002
un coup d'œil vers	5	43960
d'un quart d'heure	5	43860
dans la salle d'attente	5	43774
qu'est-ce qui s'est	5	43640
à l'image de la	5	43138
l'encadrement de la porte	5	43079
l'un des plus beaux	5	42966
l'autre bout du fil	5	42932
si l'on en croit	5	42867
soupe d'huile d'olive	5	42767
sur le fondement de l'	5	42645
mise en œuvre d'une	5	42641
l'entrée en vigueur de	5	42340
à l'encontre de la	5	42257
du temps et de l'	5	42144
l'histoire de l'humanité	5	41950
par le biais d'une	5	41734
les forces de l'ordre	5	41469
