prefix	completion	viewer_share	in_our_bins	our_count
l'	l'on	0.0000396668	yes	12730809
l'	l'autre	0.0000341273	yes	12468123
l'	l'homme	0.0000250605	yes	9381347
l'	l'un	0.0000206030	yes	7922568
l'	l'histoire	0.0000165878	yes	5525652
l'	l'air	0.0000160818	yes	5943558
l'	l'eau	0.0000147045	yes	4832423
l'	l'article	0.0000143710	yes	3487365
l'	l'avait	0.0000127499	yes	5317910
l'	l'esprit	0.0000126022	yes	4386980
d'	d'un	0.0001904824	yes	62032199
d'	d'une	0.0001762558	yes	56771996
d'	d'autres	0.0000328671	yes	12228449
d'	d'être	0.0000322001	yes	10950835
d'	d'avoir	0.0000171073	yes	5648788
d'	d'abord	0.0000151053	yes	6250063
d'	d'autre	0.0000118181	yes	4563432
d'	d'ailleurs	0.0000107521	yes	5504712
d'	d'en	0.0000101097	yes	3470958
d'	d'eau	0.0000100451	yes	3127638
de l'	de l'homme	0.0000100200	yes	3073956
de l'	de l'autre	0.0000098551	yes	3153095
de l'	de l'état	0.0000075438	yes	2563594
de l'	de l'article	0.0000063234	yes	1350218
de l'	de l'eau	0.0000061009	yes	1902364
de l'	de l'histoire	0.0000058177	yes	1665290
de l'	de l'entreprise	0.0000054509	yes	1381575
de l'	de l'enfant	0.0000043180	yes	1234360
de l'	de l'union	0.0000039185	yes	935636
de l'	de l'ordre	0.0000038836	yes	1204282
à l'	à l'intérieur	0.0000067644	yes	2297708
à l'	à l'autre	0.0000062607	yes	2078994
à l'	à l'heure	0.0000048324	yes	1551853
à l'	à l'égard	0.0000043900	yes	1344586
à l'	à l'époque	0.0000042335	yes	1652251
à l'	à l'aide	0.0000036500	yes	1096705
à l'	à l'article	0.0000033755	yes	620244
à l'	à l'école	0.0000033209	yes	859250
à l'	à l'origine	0.0000033160	yes	955098
à l'	à l'occasion	0.0000028193	yes	693928
dans l'	dans l'espace	0.0000025911	yes	607773
dans l'	dans l'eau	0.0000020883	yes	587190
dans l'	dans l'histoire	0.0000020696	yes	511117
dans l'	dans l'ordre	0.0000014374	yes	370706
dans l'	dans l'air	0.0000013943	yes	382186
dans l'	dans l'ombre	0.0000013380	yes	347230
dans l'	dans l'autre	0.0000013022	yes	389096
dans l'	dans l'esprit	0.0000012128	yes	331602
dans l'	dans l'obscurité	0.0000011590	yes	318247
dans l'	dans l'espoir	0.0000009658	yes	270636
que l'	que l'on	0.0000217161	yes	6642773
que l'	que l'homme	0.0000018475	yes	514087
que l'	que l'autre	0.0000011697	yes	347959
que l'	que l'un	0.0000008383	yes	246363
que l'	que l'enfant	0.0000007184	NO	
que l'	que l'amour	0.0000006422	NO	
que l'	que l'auteur	0.0000005726	NO	
que l'	que l'histoire	0.0000004900	NO	
que l'	que l'état	0.0000004332	NO	
que l'	que l'idée	0.0000004229	NO	
et l'	et l'autre	0.0000026514	yes	779434
et l'	et l'on	0.0000024326	yes	713403
et l'	et l'esprit	0.0000006099	NO	
et l'	et l'homme	0.0000005298	NO	
et l'	et l'amour	0.0000004939	NO	
et l'	et l'un	0.0000003851	NO	
et l'	et l'histoire	0.0000003835	NO	
et l'	et l'a	0.0000003801	NO	
et l'	et l'avait	0.0000003568	NO	
et l'	et l'espace	0.0000003492	NO	
et d'	et d'une	0.0000045640	yes	1372184
et d'	et d'un	0.0000038902	yes	1173526
et d'	et d'autres	0.0000026919	yes	734733
et d'	et d'autre	0.0000018503	yes	490876
et d'	et d'en	0.0000007767	NO	
et d'	et d'être	0.0000006405	NO	
et d'	et d'avoir	0.0000004926	NO	
et d'	et d'ailleurs	0.0000004277	NO	
et d'	et d'y	0.0000003960	NO	
et d'	et d'amour	0.0000003045	NO	
par l'	par l'article	0.0000012808	yes	253336
par l'	par l'intermédiaire	0.0000011925	yes	327296
par l'	par l'état	0.0000008106	NO	
par l'	par l'auteur	0.0000005495	NO	
par l'	par l'entreprise	0.0000004436	NO	
par l'	par l'homme	0.0000004387	NO	
par l'	par l'administration	0.0000003803	NO	
par l'	par l'un	0.0000003688	NO	
par l'	par l'autre	0.0000003414	NO	
par l'	par l'autorité	0.0000003280	NO	
sur l'	sur l'épaule	0.0000010567	yes	319335
sur l'	sur l'autre	0.0000010327	yes	306324
sur l'	sur l'île	0.0000009243	yes	245531
sur l'	sur l'ensemble	0.0000007952	NO	
sur l'	sur l'écran	0.0000006644	NO	
sur l'	sur l'histoire	0.0000005766	NO	
sur l'	sur l'eau	0.0000005324	NO	
sur l'	sur l'état	0.0000004199	NO	
sur l'	sur l'un	0.0000004141	NO	
sur l'	sur l'évolution	0.0000003593	NO	
pour l'	pour l'instant	0.0000012855	yes	662327
pour l'	pour l'autre	0.0000006777	NO	
pour l'	pour l'avenir	0.0000005930	NO	
pour l'	pour l'essentiel	0.0000005549	NO	
pour l'	pour l'homme	0.0000005379	NO	
pour l'	pour l'ensemble	0.0000005069	NO	
pour l'	pour l'aider	0.0000004917	NO	
pour l'	pour l'éternité	0.0000003768	NO	
pour l'	pour l'année	0.0000003628	NO	
pour l'	pour l'amour	0.0000003254	NO	
je l'	je l'ai	0.0000040730	yes	2263526
je l'	je l'avais	0.0000010621	yes	356550
je l'	je l'aime	0.0000003528	NO	
je l'	je l'espère	0.0000003048	NO	
je l'	je l'aurais	0.0000002625	NO	
je l'	je l'avoue	0.0000002029	NO	
je l'	je l'entends	0.0000001878	NO	
je l'	je l'aimais	0.0000001655	NO	
je l'	je l'étais	0.0000001072	NO	
je l'	je l'appelle	0.0000000836	NO	
avec l'	avec l'aide	0.0000007569	NO	
avec l'	avec l'autre	0.0000004321	NO	
avec l'	avec l'idée	0.0000002784	NO	
avec l'	avec l'accord	0.0000002281	NO	
avec l'	avec l'intention	0.0000002266	NO	
avec l'	avec l'un	0.0000001992	NO	
avec l'	avec l'âge	0.0000001972	NO	
avec l'	avec l'espoir	0.0000001934	NO	
avec l'	avec l'auteur	0.0000001876	NO	
avec l'	avec l'homme	0.0000001855	NO	
qui l'	qui l'avait	0.0000018780	yes	580630
qui l'	qui l'a	0.0000016730	yes	529960
qui l'	qui l'ont	0.0000008687	yes	240458
qui l'	qui l'avaient	0.0000005609	NO	
qui l'	qui l'on	0.0000004645	NO	
qui l'	qui l'attendait	0.0000003646	NO	
qui l'	qui l'entoure	0.0000002660	NO	
qui l'	qui l'entourent	0.0000002138	NO	
qui l'	qui l'entouraient	0.0000002056	NO	
qui l'	qui l'entourait	0.0000001807	NO	
et de l'	et de l'autre	0.0000007708	yes	185537
et de l'	et de l'état	0.0000002476	NO	
et de l'	et de l'esprit	0.0000002347	NO	
et de l'	et de l'eau	0.0000002048	NO	
et de l'	et de l'espace	0.0000001734	NO	
et de l'	et de l'amour	0.0000001603	NO	
et de l'	et de l'environnement	0.0000001525	NO	
et de l'	et de l'histoire	0.0000001504	NO	
et de l'	et de l'industrie	0.0000001482	NO	
et de l'	et de l'éducation	0.0000001415	NO	
et à l'	et à l'étranger	0.0000001223	NO	
et à l'	et à l'intérieur	0.0000000969	NO	
et à l'	et à l'autre	0.0000000846	NO	
et à l'	et à l'extérieur	0.0000000792	NO	
et à l'	et à l'ouest	0.0000000656	NO	
et à l'	et à l'est	0.0000000615	NO	
et à l'	et à l'aide	0.0000000586	NO	
et à l'	et à l'heure	0.0000000585	NO	
et à l'	et à l'article	0.0000000544	NO	
et à l'	et à l'éducation	0.0000000486	NO	
ce que l'	ce que l'on	0.0000031194	yes	908720
ce que l'	ce que l'homme	0.0000001170	NO	
ce que l'	ce que l'autre	0.0000000815	NO	
ce que l'	ce que l'enfant	0.0000000552	NO	
ce que l'	ce que l'un	0.0000000547	NO	
ce que l'	ce que l'avenir	0.0000000417	NO	
ce que l'	ce que l'auteur	0.0000000383	NO	
ce que l'	ce que l'éternel	0.0000000380	NO	
ce que l'	ce que l'amour	0.0000000317	NO	
ce que l'	ce que l'esprit	0.0000000273	NO	
un coup d'	un coup d'œil	0.0000026098	yes	990699
un coup d'	un coup d'état	0.0000001036	NO	
un coup d'	un coup d'épaule	0.0000000541	NO	
un coup d'	un coup d'épée	0.0000000489	NO	
un coup d'	un coup d'oeil	0.0000000489	NO	
un coup d'	un coup d'arrêt	0.0000000347	NO	
un coup d'	un coup d'un	0.0000000217	NO	
un coup d'	un coup d'etat	0.0000000194	NO	
un coup d'	un coup d'aile	0.0000000182	NO	
un coup d'	un coup d'éclat	0.0000000158	NO	
il s'agit d'	il s'agit d'une	0.0000004871	yes	392737
il s'agit d'	il s'agit d'un	0.0000004540	yes	369404
il s'agit d'	il s'agit d'abord	0.0000000152	NO	
il s'agit d'	il s'agit d'être	0.0000000137	NO	
il s'agit d'	il s'agit d'établir	0.0000000076	NO	
il s'agit d'	il s'agit d'en	0.0000000075	NO	
il s'agit d'	il s'agit d'identifier	0.0000000075	NO	
il s'agit d'	il s'agit d'éviter	0.0000000071	NO	
il s'agit d'	il s'agit d'aller	0.0000000067	NO	
il s'agit d'	il s'agit d'étudier	0.0000000058	NO	
je ne l'	je ne l'ai	0.0000006356	yes	393689
je ne l'	je ne l'avais	0.0000003076	NO	
je ne l'	je ne l'aurais	0.0000001494	NO	
je ne l'	je ne l'étais	0.0000000473	NO	
je ne l'	je ne l'aime	0.0000000418	NO	
je ne l'	je ne l'oublierai	0.0000000281	NO	
je ne l'	je ne l'aimais	0.0000000272	NO	
je ne l'	je ne l'imaginais	0.0000000222	NO	
je ne l'	je ne l'aie	0.0000000196	NO	
je ne l'	je ne l'eusse	0.0000000161	NO	
tout à l'	tout à l'heure	0.0000021530	yes	716795
tout à l'	tout à l'entour	0.0000000147	NO	
tout à l'	tout à l'aise	0.0000000112	NO	
tout à l'	tout à l'honneur	0.0000000091	NO	
tout à l'	tout à l'intérieur	0.0000000087	NO	
tout à l'	tout à l'envers	0.0000000078	NO	
tout à l'	tout à l'opposé	0.0000000076	NO	
tout à l'	tout à l'inverse	0.0000000052	NO	
tout à l'	tout à l'avantage	0.0000000045	NO	
tout à l'	tout à l'idée	0.0000000042	NO	
droits de l'	droits de l'homme	0.0000025960	yes	630670
droits de l'	droits de l'homme	0.0000005428	yes	630670
droits de l'	droits de l'enfant	0.0000001853	NO	
droits de l'	droits de l'individu	0.0000000162	NO	
droits de l'	droits de l'état	0.0000000120	NO	
droits de l'	droits de l'humanité	0.0000000107	NO	
droits de l'	droits de l'auteur	0.0000000083	NO	
droits de l'	droits de l'église	0.0000000060	NO	
droits de l'	droits de l'animal	0.0000000059	NO	
droits de l'	droits de l'usufruitier	0.0000000049	NO	
ou de l'	ou de l'autre	0.0000001827	NO	
ou de l'	ou de l'eau	0.0000000412	NO	
ou de l'	ou de l'un	0.0000000409	NO	
ou de l'	ou de l'établissement	0.0000000366	NO	
ou de l'	ou de l'éducation	0.0000000364	NO	
ou de l'	ou de l'une	0.0000000302	NO	
ou de l'	ou de l'entreprise	0.0000000283	NO	
ou de l'	ou de l'article	0.0000000280	NO	
ou de l'	ou de l'absence	0.0000000247	NO	
ou de l'	ou de l'état	0.0000000211	NO	
celle de l'	celle de l'homme	0.0000000887	NO	
celle de l'	celle de l'autre	0.0000000587	NO	
celle de l'	celle de l'état	0.0000000364	NO	
celle de l'	celle de l'enfant	0.0000000299	NO	
celle de l'	celle de l'ouvrage	0.0000000281	NO	
celle de l'	celle de l'amour	0.0000000252	NO	
celle de l'	celle de l'esprit	0.0000000223	NO	
celle de l'	celle de l'article	0.0000000217	NO	
celle de l'	celle de l'eau	0.0000000207	NO	
celle de l'	celle de l'église	0.0000000193	NO	
que je l'	que je l'ai	0.0000006409	yes	203128
que je l'	que je l'avais	0.0000002588	NO	
que je l'	que je l'aime	0.0000001216	NO	
que je l'	que je l'aurais	0.0000000651	NO	
que je l'	que je l'aimais	0.0000000646	NO	
que je l'	que je l'aie	0.0000000440	NO	
que je l'	que je l'entends	0.0000000310	NO	
que je l'	que je l'étais	0.0000000285	NO	
que je l'	que je l'appelle	0.0000000267	NO	
que je l'	que je l'aide	0.0000000187	NO	
au bout d'	au bout d'un	0.0000006542	yes	374050
au bout d'	au bout d'une	0.0000004230	NO	
au bout d'	au bout d'environ	0.0000000056	NO	
au bout d'	au bout d'à	0.0000000036	NO	
au bout d'	au bout d'elle	0.0000000020	NO	
au bout d'	au bout d'1	0.0000000011	NO	
au bout d'	au bout d'interminables	0.0000000008	NO	
au bout d'	au bout d'la	0.0000000007	NO	
au bout d'	au bout d'eux	0.0000000006	NO	
au bout d'	au bout d'en	0.0000000004	NO	
